Timestamp UTC,Date,Time UTC,Open,High,Low,Close,Volume
2026-08-19T03:45:00+00:00,2026-08-19,03:45:00,1127,1134.7,1125.6,1133.9,257104
2026-08-19T03:46:00+00:00,2026-08-19,03:46:00,1134.1,1134.1,1130,1131.1,110379
2026-08-19T03:47:00+00:00,2026-08-19,03:47:00,1131.2,1131.9,1126,1126.4,114773
2026-08-19T03:48:00+00:00,2026-08-19,03:48:00,1126.3,1128.8,1126.1,1127.8,53906
2026-08-19T03:49:00+00:00,2026-08-19,03:49:00,1127.8,1129,1126.4,1126.6,43885
2026-08-19T03:50:00+00:00,2026-08-19,03:50:00,1126.5,1126.7,1124.2,1124.8,76803
2026-08-19T03:51:00+00:00,2026-08-19,03:51:00,1124.8,1125.3,1123.5,1124.8,52823
2026-08-19T03:52:00+00:00,2026-08-19,03:52:00,1124.7,1124.9,1123,1124.2,63405
2026-08-19T03:53:00+00:00,2026-08-19,03:53:00,1124,1124.1,1123.4,1123.6,43083
2026-08-19T03:54:00+00:00,2026-08-19,03:54:00,1123.6,1125.9,1123.6,1125.7,29900
2026-08-19T03:55:00+00:00,2026-08-19,03:55:00,1126,1126.9,1124.8,1125.4,56511
2026-08-19T03:56:00+00:00,2026-08-19,03:56:00,1125.4,1125.7,1124.9,1125.6,28274
2026-08-19T03:57:00+00:00,2026-08-19,03:57:00,1125.5,1127.8,1125.5,1127.5,47771
2026-08-19T03:58:00+00:00,2026-08-19,03:58:00,1127.7,1128.4,1127.5,1127.9,41160
2026-08-19T03:59:00+00:00,2026-08-19,03:59:00,1127.9,1129.3,1127.7,1129,53050
2026-08-19T04:00:00+00:00,2026-08-19,04:00:00,1128.9,1129.6,1127.9,1128,39347
2026-08-19T04:01:00+00:00,2026-08-19,04:01:00,1128.1,1128.5,1127.3,1127.3,35962
2026-08-19T04:02:00+00:00,2026-08-19,04:02:00,1127.8,1128.4,1127.6,1128.3,20485
2026-08-19T04:03:00+00:00,2026-08-19,04:03:00,1128.2,1128.3,1127.3,1127.5,25816
2026-08-19T04:04:00+00:00,2026-08-19,04:04:00,1127.3,1127.5,1127.1,1127.4,18993
2026-08-19T04:05:00+00:00,2026-08-19,04:05:00,1127.5,1127.9,1127.1,1127.6,18731
2026-08-19T04:06:00+00:00,2026-08-19,04:06:00,1127.9,1128.2,1127.3,1127.7,13181
2026-08-19T04:07:00+00:00,2026-08-19,04:07:00,1127.8,1127.8,1127.4,1127.7,10335
2026-08-19T04:08:00+00:00,2026-08-19,04:08:00,1127.2,1127.5,1126.1,1126.8,22702
2026-08-19T04:09:00+00:00,2026-08-19,04:09:00,1126.8,1128.3,1126.8,1128.3,29136
2026-08-19T04:10:00+00:00,2026-08-19,04:10:00,1128.3,1128.4,1127.4,1127.6,28078
2026-08-19T04:11:00+00:00,2026-08-19,04:11:00,1127.7,1128.1,1126.1,1126.3,19980
2026-08-19T04:12:00+00:00,2026-08-19,04:12:00,1126.5,1126.7,1125.5,1125.5,24345
2026-08-19T04:13:00+00:00,2026-08-19,04:13:00,1125.5,1127,1125.3,1126.7,15392
2026-08-19T04:14:00+00:00,2026-08-19,04:14:00,1127.1,1128.1,1126.7,1128,11443
2026-08-19T04:15:00+00:00,2026-08-19,04:15:00,1127.6,1128.1,1126.7,1126.9,19950
2026-08-19T04:16:00+00:00,2026-08-19,04:16:00,1126.9,1126.9,1125.5,1126.2,12145
2026-08-19T04:17:00+00:00,2026-08-19,04:17:00,1126.2,1126.4,1125.9,1126.1,8567
2026-08-19T04:18:00+00:00,2026-08-19,04:18:00,1126.1,1126.3,1125,1125.5,19773
2026-08-19T04:19:00+00:00,2026-08-19,04:19:00,1125.5,1125.6,1124.7,1125.5,20261
2026-08-19T04:20:00+00:00,2026-08-19,04:20:00,1125.5,1126,1125.2,1126,14010
2026-08-19T04:21:00+00:00,2026-08-19,04:21:00,1126.1,1126.2,1124.9,1125.3,17575
2026-08-19T04:22:00+00:00,2026-08-19,04:22:00,1125.2,1125.2,1124,1124.1,17305
2026-08-19T04:23:00+00:00,2026-08-19,04:23:00,1124.2,1125,1123.8,1125,18810
2026-08-19T04:24:00+00:00,2026-08-19,04:24:00,1125,1125,1124.5,1124.7,8248
2026-08-19T04:25:00+00:00,2026-08-19,04:25:00,1124.8,1124.8,1124,1124.5,10785
2026-08-19T04:26:00+00:00,2026-08-19,04:26:00,1124.5,1124.5,1124,1124.1,9321
2026-08-19T04:27:00+00:00,2026-08-19,04:27:00,1124.1,1124.2,1123.3,1123.7,39406
2026-08-19T04:28:00+00:00,2026-08-19,04:28:00,1123.7,1124.5,1123.4,1124.4,17120
2026-08-19T04:29:00+00:00,2026-08-19,04:29:00,1124.5,1125,1124.4,1124.4,14399
2026-08-19T04:30:00+00:00,2026-08-19,04:30:00,1124.4,1124.7,1124.3,1124.6,7428
2026-08-19T04:31:00+00:00,2026-08-19,04:31:00,1124.6,1124.8,1123.2,1123.4,23643
2026-08-19T04:32:00+00:00,2026-08-19,04:32:00,1123.5,1123.6,1122.8,1122.8,22622
2026-08-19T04:33:00+00:00,2026-08-19,04:33:00,1122.9,1123.5,1122.3,1122.6,39952
2026-08-19T04:34:00+00:00,2026-08-19,04:34:00,1122.7,1123,1121.6,1122.9,36941
2026-08-19T04:35:00+00:00,2026-08-19,04:35:00,1123,1123,1121,1121.5,30541
2026-08-19T04:36:00+00:00,2026-08-19,04:36:00,1121.7,1122.1,1121.4,1121.9,12076
2026-08-19T04:37:00+00:00,2026-08-19,04:37:00,1121.8,1121.9,1121.6,1121.8,9876
2026-08-19T04:38:00+00:00,2026-08-19,04:38:00,1121.9,1121.9,1121.2,1121.2,23570
2026-08-19T04:39:00+00:00,2026-08-19,04:39:00,1121.3,1121.3,1120.3,1120.4,24587
2026-08-19T04:40:00+00:00,2026-08-19,04:40:00,1120.6,1121.2,1120.1,1120.1,25369
2026-08-19T04:41:00+00:00,2026-08-19,04:41:00,1120.2,1121.3,1119.4,1120.5,34247
2026-08-19T04:42:00+00:00,2026-08-19,04:42:00,1120.7,1121.5,1120.2,1120.4,18954
2026-08-19T04:43:00+00:00,2026-08-19,04:43:00,1120.6,1120.6,1120,1120.3,7322
2026-08-19T04:44:00+00:00,2026-08-19,04:44:00,1120.5,1122,1120.3,1121.2,28128
2026-08-19T04:45:00+00:00,2026-08-19,04:45:00,1121.2,1122.3,1121,1121.6,48582
2026-08-19T04:46:00+00:00,2026-08-19,04:46:00,1121.6,1122.8,1120.6,1122.1,64617
2026-08-19T04:47:00+00:00,2026-08-19,04:47:00,1122.2,1122.3,1120.4,1120.4,20222
2026-08-19T04:48:00+00:00,2026-08-19,04:48:00,1120.6,1120.9,1118.9,1119.1,42411
2026-08-19T04:49:00+00:00,2026-08-19,04:49:00,1119.1,1119.1,1118.3,1118.5,18827
2026-08-19T04:50:00+00:00,2026-08-19,04:50:00,1118.6,1118.6,1117.5,1117.8,23415
2026-08-19T04:51:00+00:00,2026-08-19,04:51:00,1117.1,1118.1,1117.1,1117.5,24668
2026-08-19T04:52:00+00:00,2026-08-19,04:52:00,1117.6,1118.5,1117.2,1118.4,20732
2026-08-19T04:53:00+00:00,2026-08-19,04:53:00,1118.4,1118.9,1117.7,1118.1,16856
2026-08-19T04:54:00+00:00,2026-08-19,04:54:00,1118,1118,1117.4,1117.6,10310
2026-08-19T04:55:00+00:00,2026-08-19,04:55:00,1117.7,1117.7,1117,1117,32522
2026-08-19T04:56:00+00:00,2026-08-19,04:56:00,1117.1,1117.1,1116.3,1116.6,14437
2026-08-19T04:57:00+00:00,2026-08-19,04:57:00,1116.6,1117,1116.5,1116.8,11916
2026-08-19T04:58:00+00:00,2026-08-19,04:58:00,1116.7,1117.5,1116.5,1117.5,17319
2026-08-19T04:59:00+00:00,2026-08-19,04:59:00,1117.5,1117.9,1117.4,1117.6,12151
2026-08-19T05:00:00+00:00,2026-08-19,05:00:00,1117.6,1117.7,1117.1,1117.3,12489
2026-08-19T05:01:00+00:00,2026-08-19,05:01:00,1117.2,1117.3,1116.9,1117.1,11507
2026-08-19T05:02:00+00:00,2026-08-19,05:02:00,1117.2,1117.4,1116.3,1117.3,13574
2026-08-19T05:03:00+00:00,2026-08-19,05:03:00,1117.3,1118.3,1116.4,1117,157737
2026-08-19T05:04:00+00:00,2026-08-19,05:04:00,1117,1117.1,1116.5,1116.8,26859
2026-08-19T05:05:00+00:00,2026-08-19,05:05:00,1116.9,1118.3,1116.5,1118.3,22751
2026-08-19T05:06:00+00:00,2026-08-19,05:06:00,1118.2,1119.4,1118.1,1119,17961
2026-08-19T05:07:00+00:00,2026-08-19,05:07:00,1119.3,1120.1,1119.3,1119.4,25248
2026-08-19T05:08:00+00:00,2026-08-19,05:08:00,1119.3,1119.4,1118.4,1118.9,10409
2026-08-19T05:09:00+00:00,2026-08-19,05:09:00,1119,1119.2,1118.5,1118.9,8685
2026-08-19T05:10:00+00:00,2026-08-19,05:10:00,1118.9,1119.9,1118.9,1119.6,7635
2026-08-19T05:11:00+00:00,2026-08-19,05:11:00,1119.7,1119.8,1118.1,1118.2,16323
2026-08-19T05:12:00+00:00,2026-08-19,05:12:00,1118.2,1118.9,1117.8,1118.7,41454
2026-08-19T05:13:00+00:00,2026-08-19,05:13:00,1118.9,1119,1118,1118.1,32387
2026-08-19T05:14:00+00:00,2026-08-19,05:14:00,1118.2,1118.5,1117.5,1118.4,17051
2026-08-19T05:15:00+00:00,2026-08-19,05:15:00,1118.5,1119,1117.5,1117.6,13777
2026-08-19T05:16:00+00:00,2026-08-19,05:16:00,1117.7,1118.1,1117.1,1117.2,37923
2026-08-19T05:17:00+00:00,2026-08-19,05:17:00,1117.3,1118.6,1117.2,1118.6,45707
2026-08-19T05:18:00+00:00,2026-08-19,05:18:00,1118.3,1119,1118.1,1118.8,18561
2026-08-19T05:19:00+00:00,2026-08-19,05:19:00,1118.9,1119.5,1118.7,1119.4,9737
2026-08-19T05:20:00+00:00,2026-08-19,05:20:00,1119.4,1119.7,1118.6,1118.8,12161
2026-08-19T05:21:00+00:00,2026-08-19,05:21:00,1118.8,1119,1118.2,1118.3,12629
2026-08-19T05:22:00+00:00,2026-08-19,05:22:00,1118.3,1118.8,1118,1118.3,11188
2026-08-19T05:23:00+00:00,2026-08-19,05:23:00,1118.7,1118.8,1118.3,1118.5,9256
2026-08-19T05:24:00+00:00,2026-08-19,05:24:00,1118.5,1118.7,1117.8,1117.8,12696
2026-08-19T05:25:00+00:00,2026-08-19,05:25:00,1117.9,1118.5,1117.9,1118.1,7081
2026-08-19T05:26:00+00:00,2026-08-19,05:26:00,1118.2,1118.5,1117.8,1118.4,11192
2026-08-19T05:27:00+00:00,2026-08-19,05:27:00,1118.5,1118.5,1116.6,1116.8,26325
2026-08-19T05:28:00+00:00,2026-08-19,05:28:00,1116.7,1117,1116.5,1116.9,10888
2026-08-19T05:29:00+00:00,2026-08-19,05:29:00,1117,1117,1116.3,1116.6,17654
2026-08-19T05:30:00+00:00,2026-08-19,05:30:00,1116.5,1116.5,1115.6,1115.7,18796
2026-08-19T05:31:00+00:00,2026-08-19,05:31:00,1115.7,1115.8,1115.2,1115.8,14020
2026-08-19T05:32:00+00:00,2026-08-19,05:32:00,1115.8,1115.8,1114.4,1114.5,49312
2026-08-19T05:33:00+00:00,2026-08-19,05:33:00,1114.5,1114.8,1113.9,1114.1,20780
2026-08-19T05:34:00+00:00,2026-08-19,05:34:00,1114.2,1114.5,1114.1,1114.5,10889
2026-08-19T05:35:00+00:00,2026-08-19,05:35:00,1114.3,1114.7,1114,1114.4,28665
2026-08-19T05:36:00+00:00,2026-08-19,05:36:00,1114.4,1115.2,1114.4,1115.2,11922
2026-08-19T05:37:00+00:00,2026-08-19,05:37:00,1115.2,1115.5,1114.3,1114.8,20520
2026-08-19T05:38:00+00:00,2026-08-19,05:38:00,1114.8,1115,1114.3,1114.8,8481
2026-08-19T05:39:00+00:00,2026-08-19,05:39:00,1114.8,1115,1114.3,1114.3,8044
2026-08-19T05:40:00+00:00,2026-08-19,05:40:00,1114.4,1114.7,1114.3,1114.4,8494
2026-08-19T05:41:00+00:00,2026-08-19,05:41:00,1114.4,1114.8,1114,1114.3,10835
2026-08-19T05:42:00+00:00,2026-08-19,05:42:00,1114.7,1115,1114.3,1114.9,9984
2026-08-19T05:43:00+00:00,2026-08-19,05:43:00,1114.9,1115.4,1114.6,1114.7,24772
2026-08-19T05:44:00+00:00,2026-08-19,05:44:00,1114.6,1116.6,1114.6,1116.4,28677
2026-08-19T05:45:00+00:00,2026-08-19,05:45:00,1116.4,1117.3,1116.3,1116.8,23287
2026-08-19T05:46:00+00:00,2026-08-19,05:46:00,1116.8,1116.8,1116.3,1116.6,6139
2026-08-19T05:47:00+00:00,2026-08-19,05:47:00,1116.6,1116.7,1116.1,1116.2,11222
2026-08-19T05:48:00+00:00,2026-08-19,05:48:00,1116.2,1116.7,1115.5,1116.7,18970
2026-08-19T05:49:00+00:00,2026-08-19,05:49:00,1117,1118.6,1117,1118.4,13091
2026-08-19T05:50:00+00:00,2026-08-19,05:50:00,1118.4,1119,1118,1118,18910
2026-08-19T05:51:00+00:00,2026-08-19,05:51:00,1118,1118.7,1117.6,1118.6,13352
2026-08-19T05:52:00+00:00,2026-08-19,05:52:00,1118.8,1119.7,1118.8,1119,37052
2026-08-19T05:53:00+00:00,2026-08-19,05:53:00,1118.9,1119.8,1118.9,1119.3,14319
2026-08-19T05:54:00+00:00,2026-08-19,05:54:00,1119.3,1119.8,1119,1119.7,9203
2026-08-19T05:55:00+00:00,2026-08-19,05:55:00,1119.7,1119.7,1119,1119.3,10399
2026-08-19T05:56:00+00:00,2026-08-19,05:56:00,1119.5,1119.8,1119.3,1119.8,10452
2026-08-19T05:57:00+00:00,2026-08-19,05:57:00,1119.7,1121.6,1119.7,1121.2,36967
2026-08-19T05:58:00+00:00,2026-08-19,05:58:00,1121.2,1121.9,1121.1,1121.1,22584
2026-08-19T05:59:00+00:00,2026-08-19,05:59:00,1121.2,1121.8,1121,1121.7,12673
2026-08-19T06:00:00+00:00,2026-08-19,06:00:00,1121.6,1121.9,1121.5,1121.8,7345
2026-08-19T06:01:00+00:00,2026-08-19,06:01:00,1122.1,1122.3,1122,1122.2,9557
2026-08-19T06:02:00+00:00,2026-08-19,06:02:00,1122.3,1122.7,1121.1,1121.1,21170
2026-08-19T06:03:00+00:00,2026-08-19,06:03:00,1121.2,1121.4,1120.2,1121,18349
2026-08-19T06:04:00+00:00,2026-08-19,06:04:00,1121.2,1121.4,1120.8,1121.2,7323
2026-08-19T06:05:00+00:00,2026-08-19,06:05:00,1121.3,1121.3,1120.6,1121,12248
2026-08-19T06:06:00+00:00,2026-08-19,06:06:00,1120.9,1121.1,1120.6,1120.7,7356
2026-08-19T06:07:00+00:00,2026-08-19,06:07:00,1120.7,1120.9,1120.2,1120.5,10041
2026-08-19T06:08:00+00:00,2026-08-19,06:08:00,1120.7,1121,1120.7,1120.9,11935
2026-08-19T06:09:00+00:00,2026-08-19,06:09:00,1121,1122.7,1121,1122.5,12866
2026-08-19T06:10:00+00:00,2026-08-19,06:10:00,1122.5,1123.4,1122.5,1123.1,16261
2026-08-19T06:11:00+00:00,2026-08-19,06:11:00,1123.4,1123.9,1123.1,1123.8,19859
2026-08-19T06:12:00+00:00,2026-08-19,06:12:00,1123.7,1124,1122.8,1122.8,12719
2026-08-19T06:13:00+00:00,2026-08-19,06:13:00,1123,1123.1,1122.5,1122.6,8094
2026-08-19T06:14:00+00:00,2026-08-19,06:14:00,1122.7,1123.8,1122.7,1123.3,18093
2026-08-19T06:15:00+00:00,2026-08-19,06:15:00,1123.4,1123.5,1123.1,1123.5,7886
2026-08-19T06:16:00+00:00,2026-08-19,06:16:00,1123.5,1123.8,1123.4,1123.5,10877
2026-08-19T06:17:00+00:00,2026-08-19,06:17:00,1123.7,1123.7,1122.5,1123,14581
2026-08-19T06:18:00+00:00,2026-08-19,06:18:00,1123,1124.1,1122.9,1123.5,20593
2026-08-19T06:19:00+00:00,2026-08-19,06:19:00,1123.5,1124,1123,1123.2,9375
2026-08-19T06:20:00+00:00,2026-08-19,06:20:00,1123.4,1123.8,1123,1123.3,8756
2026-08-19T06:21:00+00:00,2026-08-19,06:21:00,1123.3,1123.7,1122.3,1122.5,12476
2026-08-19T06:22:00+00:00,2026-08-19,06:22:00,1122.3,1122.6,1121.6,1122,17906
2026-08-19T06:23:00+00:00,2026-08-19,06:23:00,1122.1,1122.3,1120.5,1120.6,29505
2026-08-19T06:24:00+00:00,2026-08-19,06:24:00,1120.9,1121,1120.5,1120.7,9949
2026-08-19T06:25:00+00:00,2026-08-19,06:25:00,1120.8,1120.8,1119.2,1119.4,50460
2026-08-19T06:26:00+00:00,2026-08-19,06:26:00,1119.6,1119.9,1119.3,1119.4,13775
2026-08-19T06:27:00+00:00,2026-08-19,06:27:00,1119.4,1119.6,1119,1119.1,14370
2026-08-19T06:28:00+00:00,2026-08-19,06:28:00,1119.1,1119.8,1119,1119.1,13038
2026-08-19T06:29:00+00:00,2026-08-19,06:29:00,1119.2,1119.2,1118.8,1119,15362
2026-08-19T06:30:00+00:00,2026-08-19,06:30:00,1119.1,1119.3,1118.3,1118.4,13155
2026-08-19T06:31:00+00:00,2026-08-19,06:31:00,1118.6,1118.9,1118.1,1118.3,14320
2026-08-19T06:32:00+00:00,2026-08-19,06:32:00,1118.4,1119.2,1118.3,1118.8,19823
2026-08-19T06:33:00+00:00,2026-08-19,06:33:00,1118.8,1118.8,1118.1,1118.1,19551
2026-08-19T06:34:00+00:00,2026-08-19,06:34:00,1118.5,1118.5,1117.5,1117.7,12509
2026-08-19T06:35:00+00:00,2026-08-19,06:35:00,1117.9,1118.6,1117.5,1118.5,16630
2026-08-19T06:36:00+00:00,2026-08-19,06:36:00,1118.5,1119.2,1118.2,1119.2,17037
2026-08-19T06:37:00+00:00,2026-08-19,06:37:00,1119.1,1119.3,1118.5,1119,17318
2026-08-19T06:38:00+00:00,2026-08-19,06:38:00,1119,1119.2,1118.6,1119,8951
2026-08-19T06:39:00+00:00,2026-08-19,06:39:00,1119.3,1119.9,1119.1,1119.4,36284
2026-08-19T06:40:00+00:00,2026-08-19,06:40:00,1119.4,1120,1119.4,1119.6,9719
2026-08-19T06:41:00+00:00,2026-08-19,06:41:00,1119.6,1119.9,1119.4,1119.6,7778
2026-08-19T06:42:00+00:00,2026-08-19,06:42:00,1119.8,1120.3,1119.5,1119.9,10995
2026-08-19T06:43:00+00:00,2026-08-19,06:43:00,1120,1121.3,1119.3,1120.9,27294
2026-08-19T06:44:00+00:00,2026-08-19,06:44:00,1120.9,1121.3,1120.8,1120.8,10182
2026-08-19T06:45:00+00:00,2026-08-19,06:45:00,1120.9,1121.3,1120.9,1121.2,5905
2026-08-19T06:46:00+00:00,2026-08-19,06:46:00,1121.6,1122,1121.1,1122,12758
2026-08-19T06:47:00+00:00,2026-08-19,06:47:00,1122.1,1122.4,1121.6,1121.9,13646
2026-08-19T06:48:00+00:00,2026-08-19,06:48:00,1122.2,1122.4,1122,1122.3,8151
2026-08-19T06:49:00+00:00,2026-08-19,06:49:00,1122.3,1122.4,1122.1,1122.2,7723
2026-08-19T06:50:00+00:00,2026-08-19,06:50:00,1122.2,1122.5,1121.7,1122.2,16768
2026-08-19T06:51:00+00:00,2026-08-19,06:51:00,1122.1,1122.1,1120.6,1120.6,18767
2026-08-19T06:52:00+00:00,2026-08-19,06:52:00,1120.8,1120.9,1120.1,1120.2,20098
2026-08-19T06:53:00+00:00,2026-08-19,06:53:00,1120.3,1121,1119.9,1120,20019
2026-08-19T06:54:00+00:00,2026-08-19,06:54:00,1120.1,1120.8,1119.7,1119.9,21791
2026-08-19T06:55:00+00:00,2026-08-19,06:55:00,1120,1120.6,1119.9,1120,8578
2026-08-19T06:56:00+00:00,2026-08-19,06:56:00,1120,1120,1119.2,1119.2,23117
2026-08-19T06:57:00+00:00,2026-08-19,06:57:00,1119.5,1120.8,1119.4,1120.3,25160
2026-08-19T06:58:00+00:00,2026-08-19,06:58:00,1120.4,1120.8,1120.2,1120.4,5835
2026-08-19T06:59:00+00:00,2026-08-19,06:59:00,1120.4,1120.9,1120.3,1120.5,5349
2026-08-19T07:00:00+00:00,2026-08-19,07:00:00,1120.5,1120.6,1119.4,1119.5,6062
2026-08-19T07:01:00+00:00,2026-08-19,07:01:00,1119.5,1119.8,1119.2,1119.3,8179
2026-08-19T07:02:00+00:00,2026-08-19,07:02:00,1119.5,1119.8,1119,1119.4,8904
2026-08-19T07:03:00+00:00,2026-08-19,07:03:00,1119.4,1119.8,1119.2,1119.4,8679
2026-08-19T07:04:00+00:00,2026-08-19,07:04:00,1119.5,1119.8,1119.2,1119.3,5218
2026-08-19T07:05:00+00:00,2026-08-19,07:05:00,1119.3,1119.8,1119.2,1119.7,8251
2026-08-19T07:06:00+00:00,2026-08-19,07:06:00,1119.7,1119.8,1119.3,1119.5,7647
2026-08-19T07:07:00+00:00,2026-08-19,07:07:00,1119.5,1120,1119.5,1119.6,6946
2026-08-19T07:08:00+00:00,2026-08-19,07:08:00,1120,1120,1119.3,1119.3,8632
2026-08-19T07:09:00+00:00,2026-08-19,07:09:00,1119.4,1119.9,1119.3,1119.4,8750
2026-08-19T07:10:00+00:00,2026-08-19,07:10:00,1119.6,1119.9,1119.3,1119.4,7877
2026-08-19T07:11:00+00:00,2026-08-19,07:11:00,1119.4,1119.9,1119.3,1119.8,9453
2026-08-19T07:12:00+00:00,2026-08-19,07:12:00,1119.9,1120,1119.5,1120,11241
2026-08-19T07:13:00+00:00,2026-08-19,07:13:00,1119.7,1120,1119.5,1120,12628
2026-08-19T07:14:00+00:00,2026-08-19,07:14:00,1120,1120,1119.5,1119.8,10089
2026-08-19T07:15:00+00:00,2026-08-19,07:15:00,1119.6,1119.9,1118.6,1118.6,10878
2026-08-19T07:16:00+00:00,2026-08-19,07:16:00,1118.7,1118.8,1118.4,1118.5,11793
2026-08-19T07:17:00+00:00,2026-08-19,07:17:00,1118.6,1119.2,1118.3,1118.5,9838
2026-08-19T07:18:00+00:00,2026-08-19,07:18:00,1118.5,1119.2,1118.1,1118.7,17000
2026-08-19T07:19:00+00:00,2026-08-19,07:19:00,1119,1119.7,1118.8,1118.9,8293
2026-08-19T07:20:00+00:00,2026-08-19,07:20:00,1118.9,1119.4,1118.7,1119.3,9069
2026-08-19T07:21:00+00:00,2026-08-19,07:21:00,1119.3,1119.3,1118.5,1118.6,5798
2026-08-19T07:22:00+00:00,2026-08-19,07:22:00,1118.6,1119,1118.4,1118.4,7739
2026-08-19T07:23:00+00:00,2026-08-19,07:23:00,1118.2,1118.9,1118.2,1118.5,6643
2026-08-19T07:24:00+00:00,2026-08-19,07:24:00,1118.6,1118.8,1118.1,1118.7,6533
2026-08-19T07:25:00+00:00,2026-08-19,07:25:00,1118.5,1119.2,1118.1,1119.2,8801
2026-08-19T07:26:00+00:00,2026-08-19,07:26:00,1119.2,1119.2,1118.4,1119.1,6803
2026-08-19T07:27:00+00:00,2026-08-19,07:27:00,1119.1,1119.3,1118.5,1118.6,6765
2026-08-19T07:28:00+00:00,2026-08-19,07:28:00,1118.6,1119,1118.3,1118.6,7147
2026-08-19T07:29:00+00:00,2026-08-19,07:29:00,1118.6,1119.2,1118.4,1119,13082
2026-08-19T07:30:00+00:00,2026-08-19,07:30:00,1118.9,1119.4,1118.5,1118.7,20257
2026-08-19T07:31:00+00:00,2026-08-19,07:31:00,1118.7,1119,1118.5,1118.6,7106
2026-08-19T07:32:00+00:00,2026-08-19,07:32:00,1118.7,1119,1118,1118.9,19684
2026-08-19T07:33:00+00:00,2026-08-19,07:33:00,1118.8,1119,1118.4,1118.6,10897
2026-08-19T07:34:00+00:00,2026-08-19,07:34:00,1119,1119.4,1118.6,1119.3,10285
2026-08-19T07:35:00+00:00,2026-08-19,07:35:00,1119.1,1119.1,1118.4,1118.9,7285
2026-08-19T07:36:00+00:00,2026-08-19,07:36:00,1118.8,1119.5,1118.7,1119,6586
2026-08-19T07:37:00+00:00,2026-08-19,07:37:00,1119.1,1119.9,1119,1119.6,7574
2026-08-19T07:38:00+00:00,2026-08-19,07:38:00,1119.7,1120.5,1119.7,1120.2,17957
2026-08-19T07:39:00+00:00,2026-08-19,07:39:00,1120.2,1120.3,1120,1120.2,9683
2026-08-19T07:40:00+00:00,2026-08-19,07:40:00,1120.5,1120.5,1119.2,1119.6,7516
2026-08-19T07:41:00+00:00,2026-08-19,07:41:00,1119.6,1120.2,1119.6,1120.1,7778
2026-08-19T07:42:00+00:00,2026-08-19,07:42:00,1119.9,1120,1119.5,1119.7,6127
2026-08-19T07:43:00+00:00,2026-08-19,07:43:00,1119.7,1119.9,1119.5,1119.6,6310
2026-08-19T07:44:00+00:00,2026-08-19,07:44:00,1119.6,1119.8,1119.4,1119.4,5977
2026-08-19T07:45:00+00:00,2026-08-19,07:45:00,1119.9,1120,1119.2,1119.2,7340
2026-08-19T07:46:00+00:00,2026-08-19,07:46:00,1119.3,1119.8,1119.1,1119.4,7096
2026-08-19T07:47:00+00:00,2026-08-19,07:47:00,1119.4,1119.8,1119.3,1119.7,8257
2026-08-19T07:48:00+00:00,2026-08-19,07:48:00,1119.8,1120,1119.6,1120,6419
2026-08-19T07:49:00+00:00,2026-08-19,07:49:00,1120,1120.6,1120,1120.1,8756
2026-08-19T07:50:00+00:00,2026-08-19,07:50:00,1120.1,1120.3,1119.5,1119.7,10514
2026-08-19T07:51:00+00:00,2026-08-19,07:51:00,1119.7,1120.3,1119.7,1119.9,7454
2026-08-19T07:52:00+00:00,2026-08-19,07:52:00,1120,1120.5,1119.9,1120.1,7672
2026-08-19T07:53:00+00:00,2026-08-19,07:53:00,1120.2,1120.2,1119.7,1120,6422
2026-08-19T07:54:00+00:00,2026-08-19,07:54:00,1120.1,1120.2,1120,1120.1,7007
2026-08-19T07:55:00+00:00,2026-08-19,07:55:00,1120.2,1120.3,1119.9,1120,5968
2026-08-19T07:56:00+00:00,2026-08-19,07:56:00,1120,1120.1,1119.8,1119.8,3685
2026-08-19T07:57:00+00:00,2026-08-19,07:57:00,1119.9,1120.3,1119.7,1120.3,8324
2026-08-19T07:58:00+00:00,2026-08-19,07:58:00,1120.3,1120.6,1119.9,1120.3,7223
2026-08-19T07:59:00+00:00,2026-08-19,07:59:00,1120.5,1120.6,1119.8,1119.9,7092
2026-08-19T08:00:00+00:00,2026-08-19,08:00:00,1120,1120.4,1119.6,1120.3,7097
2026-08-19T08:01:00+00:00,2026-08-19,08:01:00,1120.2,1120.3,1119.6,1119.7,4903
2026-08-19T08:02:00+00:00,2026-08-19,08:02:00,1119.6,1119.9,1119.5,1119.7,9118
2026-08-19T08:03:00+00:00,2026-08-19,08:03:00,1119.7,1119.8,1119.1,1119.2,4365
2026-08-19T08:04:00+00:00,2026-08-19,08:04:00,1119.3,1119.8,1119.2,1119.3,8125
2026-08-19T08:05:00+00:00,2026-08-19,08:05:00,1119.4,1119.7,1119.2,1119.4,6943
2026-08-19T08:06:00+00:00,2026-08-19,08:06:00,1119.5,1119.8,1119.2,1119.6,4572
2026-08-19T08:07:00+00:00,2026-08-19,08:07:00,1119.8,1120.2,1119.7,1119.8,7248
2026-08-19T08:08:00+00:00,2026-08-19,08:08:00,1119.9,1120,1119.6,1119.6,15231
2026-08-19T08:09:00+00:00,2026-08-19,08:09:00,1119.7,1120,1119.5,1119.9,18023
2026-08-19T08:10:00+00:00,2026-08-19,08:10:00,1120,1120,1119.6,1119.6,7025
2026-08-19T08:11:00+00:00,2026-08-19,08:11:00,1119.6,1120,1119.3,1119.6,11249
2026-08-19T08:12:00+00:00,2026-08-19,08:12:00,1119.6,1120,1119.5,1119.8,10466
2026-08-19T08:13:00+00:00,2026-08-19,08:13:00,1119.9,1120,1118.5,1118.5,25192
2026-08-19T08:14:00+00:00,2026-08-19,08:14:00,1118.7,1119,1117.7,1117.8,14950
2026-08-19T08:15:00+00:00,2026-08-19,08:15:00,1117.9,1118.4,1117.9,1117.9,10227
2026-08-19T08:16:00+00:00,2026-08-19,08:16:00,1118,1118.3,1117.8,1118.1,5495
2026-08-19T08:17:00+00:00,2026-08-19,08:17:00,1118.3,1118.5,1118,1118.1,4143
2026-08-19T08:18:00+00:00,2026-08-19,08:18:00,1118.1,1118.2,1118,1118.1,10249
2026-08-19T08:19:00+00:00,2026-08-19,08:19:00,1118.2,1118.2,1117.6,1117.9,10335
2026-08-19T08:20:00+00:00,2026-08-19,08:20:00,1117.8,1118,1117.5,1117.8,11714
2026-08-19T08:21:00+00:00,2026-08-19,08:21:00,1117.9,1118,1117.7,1117.9,6543
2026-08-19T08:22:00+00:00,2026-08-19,08:22:00,1118,1118,1117.8,1118,7856
2026-08-19T08:23:00+00:00,2026-08-19,08:23:00,1118,1118,1117.7,1117.9,14647
2026-08-19T08:24:00+00:00,2026-08-19,08:24:00,1117.6,1118,1117.6,1117.8,4931
2026-08-19T08:25:00+00:00,2026-08-19,08:25:00,1118,1118.4,1117.8,1118.1,20226
2026-08-19T08:26:00+00:00,2026-08-19,08:26:00,1118.1,1118.9,1118.1,1118.4,7707
2026-08-19T08:27:00+00:00,2026-08-19,08:27:00,1118.5,1118.6,1118.2,1118.2,4990
2026-08-19T08:28:00+00:00,2026-08-19,08:28:00,1118.3,1118.7,1117.9,1118.1,8511
2026-08-19T08:29:00+00:00,2026-08-19,08:29:00,1118.2,1118.4,1117.8,1117.9,6465
2026-08-19T08:30:00+00:00,2026-08-19,08:30:00,1118,1118.5,1117.7,1117.7,53694
2026-08-19T08:31:00+00:00,2026-08-19,08:31:00,1118,1118,1117.5,1117.8,16080
2026-08-19T08:32:00+00:00,2026-08-19,08:32:00,1117.8,1118,1117.5,1117.7,16283
2026-08-19T08:33:00+00:00,2026-08-19,08:33:00,1118,1118,1117.3,1117.7,17778
2026-08-19T08:34:00+00:00,2026-08-19,08:34:00,1118,1118.2,1117.8,1117.9,16101
2026-08-19T08:35:00+00:00,2026-08-19,08:35:00,1118,1118.8,1117.9,1118.2,14911
2026-08-19T08:36:00+00:00,2026-08-19,08:36:00,1118.3,1119.2,1118.2,1119.1,17469
2026-08-19T08:37:00+00:00,2026-08-19,08:37:00,1119.3,1119.4,1118.7,1118.8,10042
2026-08-19T08:38:00+00:00,2026-08-19,08:38:00,1118.9,1119.2,1118.4,1118.6,20419
2026-08-19T08:39:00+00:00,2026-08-19,08:39:00,1118.6,1118.7,1118.5,1118.5,8490
2026-08-19T08:40:00+00:00,2026-08-19,08:40:00,1118.8,1118.8,1118.5,1118.7,8331
2026-08-19T08:41:00+00:00,2026-08-19,08:41:00,1118.9,1121.1,1118.8,1120.9,75903
2026-08-19T08:42:00+00:00,2026-08-19,08:42:00,1120.9,1121.9,1120.5,1121.8,77357
2026-08-19T08:43:00+00:00,2026-08-19,08:43:00,1122.2,1122.3,1120.6,1120.8,16621
2026-08-19T08:44:00+00:00,2026-08-19,08:44:00,1121,1121.2,1120.1,1120.1,10196
2026-08-19T08:45:00+00:00,2026-08-19,08:45:00,1120.2,1120.2,1118.7,1118.7,20254
2026-08-19T08:46:00+00:00,2026-08-19,08:46:00,1118.7,1118.9,1118.3,1118.3,11280
2026-08-19T08:47:00+00:00,2026-08-19,08:47:00,1118.2,1118.7,1118,1118.4,25174
2026-08-19T08:48:00+00:00,2026-08-19,08:48:00,1118.4,1118.7,1118.3,1118.7,8502
2026-08-19T08:49:00+00:00,2026-08-19,08:49:00,1118.7,1118.7,1118.1,1118.1,12546
2026-08-19T08:50:00+00:00,2026-08-19,08:50:00,1118.2,1118.3,1117.7,1117.8,10206
2026-08-19T08:51:00+00:00,2026-08-19,08:51:00,1118,1118,1117.1,1117.2,49199
2026-08-19T08:52:00+00:00,2026-08-19,08:52:00,1117.4,1117.5,1116.5,1116.8,17316
2026-08-19T08:53:00+00:00,2026-08-19,08:53:00,1116.8,1117.1,1115.6,1116.3,41317
2026-08-19T08:54:00+00:00,2026-08-19,08:54:00,1116.4,1116.8,1116.1,1116.2,10584
2026-08-19T08:55:00+00:00,2026-08-19,08:55:00,1116.4,1116.6,1116,1116.5,21955
2026-08-19T08:56:00+00:00,2026-08-19,08:56:00,1116.5,1118,1116.2,1117.5,57065
2026-08-19T08:57:00+00:00,2026-08-19,08:57:00,1117.5,1118,1117.3,1117.6,12588
2026-08-19T08:58:00+00:00,2026-08-19,08:58:00,1117.6,1117.9,1117.5,1117.8,11117
2026-08-19T08:59:00+00:00,2026-08-19,08:59:00,1117.8,1118.7,1117.6,1118.1,23234
2026-08-19T09:00:00+00:00,2026-08-19,09:00:00,1118.1,1118.5,1117.8,1118.3,19376
2026-08-19T09:01:00+00:00,2026-08-19,09:01:00,1118.1,1118.7,1118.1,1118.6,16303
2026-08-19T09:02:00+00:00,2026-08-19,09:02:00,1118.5,1118.5,1118.1,1118.3,16154
2026-08-19T09:03:00+00:00,2026-08-19,09:03:00,1118.3,1118.8,1118.1,1118.3,19047
2026-08-19T09:04:00+00:00,2026-08-19,09:04:00,1118.4,1118.5,1118.2,1118.5,17151
2026-08-19T09:05:00+00:00,2026-08-19,09:05:00,1118.5,1119.3,1118.3,1118.9,103918
2026-08-19T09:06:00+00:00,2026-08-19,09:06:00,1119,1119,1118.1,1118.2,19125
2026-08-19T09:07:00+00:00,2026-08-19,09:07:00,1118.2,1118.8,1118,1118.2,17388
2026-08-19T09:08:00+00:00,2026-08-19,09:08:00,1118.1,1118.3,1117.6,1117.7,15461
2026-08-19T09:09:00+00:00,2026-08-19,09:09:00,1117.9,1118.3,1117.6,1117.7,13247
2026-08-19T09:10:00+00:00,2026-08-19,09:10:00,1117.7,1118,1116.9,1118,77877
2026-08-19T09:11:00+00:00,2026-08-19,09:11:00,1117.9,1118,1116.9,1117.2,38441
2026-08-19T09:12:00+00:00,2026-08-19,09:12:00,1117.3,1117.8,1117.2,1117.5,13024
2026-08-19T09:13:00+00:00,2026-08-19,09:13:00,1117.5,1117.9,1117.4,1117.5,10725
2026-08-19T09:14:00+00:00,2026-08-19,09:14:00,1117.6,1117.7,1116.9,1117.2,29211
2026-08-19T09:15:00+00:00,2026-08-19,09:15:00,1117.4,1117.7,1117.1,1117.1,22543
2026-08-19T09:16:00+00:00,2026-08-19,09:16:00,1117.3,1117.5,1117.1,1117.3,11519
2026-08-19T09:17:00+00:00,2026-08-19,09:17:00,1117.3,1117.3,1116.5,1116.5,16274
2026-08-19T09:18:00+00:00,2026-08-19,09:18:00,1116.9,1117.2,1116.5,1116.9,17988
2026-08-19T09:19:00+00:00,2026-08-19,09:19:00,1116.9,1117.3,1116.8,1117,16652
2026-08-19T09:20:00+00:00,2026-08-19,09:20:00,1116.9,1117.3,1116.7,1116.9,28338
2026-08-19T09:21:00+00:00,2026-08-19,09:21:00,1117.2,1117.5,1116.4,1116.8,34676
2026-08-19T09:22:00+00:00,2026-08-19,09:22:00,1116.6,1116.8,1116.2,1116.4,17187
2026-08-19T09:23:00+00:00,2026-08-19,09:23:00,1116.4,1116.9,1116.3,1116.9,14393
2026-08-19T09:24:00+00:00,2026-08-19,09:24:00,1116.7,1117,1116.4,1116.5,15889
2026-08-19T09:25:00+00:00,2026-08-19,09:25:00,1116.7,1117,1116.2,1116.3,24808
2026-08-19T09:26:00+00:00,2026-08-19,09:26:00,1116.4,1116.9,1115.6,1115.9,51326
2026-08-19T09:27:00+00:00,2026-08-19,09:27:00,1116,1116.4,1114.8,1115.9,93517
2026-08-19T09:28:00+00:00,2026-08-19,09:28:00,1116,1116,1115.3,1115.8,30599
2026-08-19T09:29:00+00:00,2026-08-19,09:29:00,1115.9,1116.3,1115.4,1115.9,36972
2026-08-19T09:30:00+00:00,2026-08-19,09:30:00,1115.9,1117.3,1115.9,1117,50169
2026-08-19T09:31:00+00:00,2026-08-19,09:31:00,1117.2,1117.5,1116.8,1117.1,41152
2026-08-19T09:32:00+00:00,2026-08-19,09:32:00,1117.5,1117.8,1116.8,1117,80338
2026-08-19T09:33:00+00:00,2026-08-19,09:33:00,1117,1117.6,1116.9,1117.1,22416
2026-08-19T09:34:00+00:00,2026-08-19,09:34:00,1117.1,1117.8,1116.9,1116.9,34584
2026-08-19T09:35:00+00:00,2026-08-19,09:35:00,1117.2,1117.3,1115.7,1116.1,161406
2026-08-19T09:36:00+00:00,2026-08-19,09:36:00,1115.9,1116.3,1114.7,1115,125995
2026-08-19T09:37:00+00:00,2026-08-19,09:37:00,1115,1115.1,1114.8,1114.9,56878
2026-08-19T09:38:00+00:00,2026-08-19,09:38:00,1114.9,1115.3,1114.9,1115,65581
2026-08-19T09:39:00+00:00,2026-08-19,09:39:00,1115,1116.2,1114.6,1116,93499
2026-08-19T09:40:00+00:00,2026-08-19,09:40:00,1116,1116.7,1115.7,1116.7,42449
2026-08-19T09:41:00+00:00,2026-08-19,09:41:00,1116.8,1117,1116.6,1116.9,29577
2026-08-19T09:42:00+00:00,2026-08-19,09:42:00,1116.9,1117.6,1116.4,1117.4,60950
2026-08-19T09:43:00+00:00,2026-08-19,09:43:00,1117.5,1118,1117.5,1117.8,17725
2026-08-19T09:44:00+00:00,2026-08-19,09:44:00,1117.8,1120.5,1117.7,1119.7,41884
2026-08-19T09:45:00+00:00,2026-08-19,09:45:00,1117.8,1120.5,1117.7,1119.7,41884
2026-08-19T09:46:00+00:00,2026-08-19,09:46:00,1117.8,1120.5,1117.7,1119.7,41884
2026-08-19T09:47:00+00:00,2026-08-19,09:47:00,1117.8,1120.5,1117.7,1119.7,41884
2026-08-19T09:48:00+00:00,2026-08-19,09:48:00,1117.8,1120.5,1117.7,1119.7,41884
2026-08-19T09:49:00+00:00,2026-08-19,09:49:00,1117.8,1120.5,1117.7,1119.7,41884
2026-08-19T09:50:00+00:00,2026-08-19,09:50:00,1117.8,1120.5,1117.7,1119.7,41884
2026-08-19T09:51:00+00:00,2026-08-19,09:51:00,1117.8,1120.5,1117.7,1119.7,41884
2026-08-19T09:52:00+00:00,2026-08-19,09:52:00,1117.8,1120.5,1117.7,1119.7,41884
2026-08-19T09:53:00+00:00,2026-08-19,09:53:00,1117.8,1120.5,1117.7,1119.7,41884
2026-08-19T09:54:00+00:00,2026-08-19,09:54:00,1117.8,1120.5,1117.7,1119.7,41884
2026-08-19T09:55:00+00:00,2026-08-19,09:55:00,1117.8,1120.5,1117.7,1119.7,41884
2026-08-19T09:56:00+00:00,2026-08-19,09:56:00,1117.8,1120.5,1117.7,1119.7,41884
2026-08-19T09:57:00+00:00,2026-08-19,09:57:00,1117.8,1120.5,1117.7,1119.7,41884
2026-08-19T09:58:00+00:00,2026-08-19,09:58:00,1117.8,1120.5,1117.7,1119.7,41884
2026-08-19T09:59:00+00:00,2026-08-19,09:59:00,1119.8,1119.8,1119.8,1119.8,0
2026-08-19T10:00:00+00:00,2026-08-19,10:00:00,1119.8,1119.8,1119.8,1119.8,0
2026-08-20T03:45:00+00:00,2026-08-20,03:45:00,1142.3,1144.7,1136.6,1138.9,306662
2026-08-20T03:46:00+00:00,2026-08-20,03:46:00,1138.9,1139.5,1137,1137.3,83012
2026-08-20T03:47:00+00:00,2026-08-20,03:47:00,1137.7,1138.5,1136.2,1136.2,54479
2026-08-20T03:48:00+00:00,2026-08-20,03:48:00,1136.2,1136.2,1133.9,1134.9,67812
2026-08-20T03:49:00+00:00,2026-08-20,03:49:00,1135,1135.2,1133,1133,38881
2026-08-20T03:50:00+00:00,2026-08-20,03:50:00,1133.4,1135.3,1133.4,1134.1,38862
2026-08-20T03:51:00+00:00,2026-08-20,03:51:00,1133.8,1135.7,1133.7,1135.4,41986
2026-08-20T03:52:00+00:00,2026-08-20,03:52:00,1135.5,1136.6,1135,1136.2,37550
2026-08-20T03:53:00+00:00,2026-08-20,03:53:00,1136,1136.7,1135.5,1136.5,29036
2026-08-20T03:54:00+00:00,2026-08-20,03:54:00,1136.4,1136.7,1135.1,1136.2,33081
2026-08-20T03:55:00+00:00,2026-08-20,03:55:00,1136.3,1136.7,1135.9,1136.5,21568
2026-08-20T03:56:00+00:00,2026-08-20,03:56:00,1136.5,1137.2,1136.1,1136.5,34675
2026-08-20T03:57:00+00:00,2026-08-20,03:57:00,1136.9,1137.6,1136.6,1137.4,20220
2026-08-20T03:58:00+00:00,2026-08-20,03:58:00,1137.1,1137.4,1136.9,1137.2,15811
2026-08-20T03:59:00+00:00,2026-08-20,03:59:00,1137.2,1137.4,1135.9,1136.2,14542
2026-08-20T04:00:00+00:00,2026-08-20,04:00:00,1136.3,1137.9,1135.2,1137.7,40927
2026-08-20T04:01:00+00:00,2026-08-20,04:01:00,1137.5,1140.8,1137.5,1140.5,80544
2026-08-20T04:02:00+00:00,2026-08-20,04:02:00,1140.5,1140.6,1138.7,1139,35718
2026-08-20T04:03:00+00:00,2026-08-20,04:03:00,1139,1140,1139,1139.9,18767
2026-08-20T04:04:00+00:00,2026-08-20,04:04:00,1139.9,1141.3,1139.9,1141.2,31392
2026-08-20T04:05:00+00:00,2026-08-20,04:05:00,1141.3,1142.2,1141.1,1141.7,32200
2026-08-20T04:06:00+00:00,2026-08-20,04:06:00,1141.5,1142.9,1141.5,1142.5,43951
2026-08-20T04:07:00+00:00,2026-08-20,04:07:00,1142.3,1142.8,1140.1,1140.1,41355
2026-08-20T04:08:00+00:00,2026-08-20,04:08:00,1140.6,1140.9,1138.8,1140.7,48115
2026-08-20T04:09:00+00:00,2026-08-20,04:09:00,1140.5,1141.6,1140.3,1141.4,24947
2026-08-20T04:10:00+00:00,2026-08-20,04:10:00,1141.2,1142,1141,1141.8,14294
2026-08-20T04:11:00+00:00,2026-08-20,04:11:00,1141.9,1141.9,1140.7,1141.5,18022
2026-08-20T04:12:00+00:00,2026-08-20,04:12:00,1141.3,1141.8,1140.8,1141.5,37607
2026-08-20T04:13:00+00:00,2026-08-20,04:13:00,1141.7,1141.8,1141.4,1141.7,29075
2026-08-20T04:14:00+00:00,2026-08-20,04:14:00,1141.6,1141.8,1140,1140.3,27302
2026-08-20T04:15:00+00:00,2026-08-20,04:15:00,1140.7,1141.7,1140.7,1141.4,47455
2026-08-20T04:16:00+00:00,2026-08-20,04:16:00,1141.4,1141.7,1140.7,1141.1,31175
2026-08-20T04:17:00+00:00,2026-08-20,04:17:00,1140.9,1141.2,1140,1140.7,15114
2026-08-20T04:18:00+00:00,2026-08-20,04:18:00,1141,1141.3,1140.7,1141,12164
2026-08-20T04:19:00+00:00,2026-08-20,04:19:00,1141.1,1141.2,1140.3,1140.6,11951
2026-08-20T04:20:00+00:00,2026-08-20,04:20:00,1140.4,1140.9,1140.1,1140.4,9477
2026-08-20T04:21:00+00:00,2026-08-20,04:21:00,1140.4,1140.6,1139.3,1139.5,13462
2026-08-20T04:22:00+00:00,2026-08-20,04:22:00,1139.5,1140,1139.4,1139.4,21165
2026-08-20T04:23:00+00:00,2026-08-20,04:23:00,1139.8,1139.8,1139.3,1139.5,18304
2026-08-20T04:24:00+00:00,2026-08-20,04:24:00,1139.5,1139.5,1139,1139,19912
2026-08-20T04:25:00+00:00,2026-08-20,04:25:00,1139.2,1140.8,1139.2,1140.5,72157
2026-08-20T04:26:00+00:00,2026-08-20,04:26:00,1140.2,1140.5,1139.5,1139.7,8919
2026-08-20T04:27:00+00:00,2026-08-20,04:27:00,1140.3,1140.3,1139.4,1139.9,4733
2026-08-20T04:28:00+00:00,2026-08-20,04:28:00,1139.9,1139.9,1138.6,1139.1,8140
2026-08-20T04:29:00+00:00,2026-08-20,04:29:00,1139.5,1139.5,1138.8,1138.8,7294
2026-08-20T04:30:00+00:00,2026-08-20,04:30:00,1139.1,1140,1139.1,1139.8,12543
2026-08-20T04:31:00+00:00,2026-08-20,04:31:00,1140.1,1140.8,1140,1140.8,11906
2026-08-20T04:32:00+00:00,2026-08-20,04:32:00,1140.3,1140.9,1139.9,1139.9,11517
2026-08-20T04:33:00+00:00,2026-08-20,04:33:00,1139.9,1140.7,1139.8,1140.5,8457
2026-08-20T04:34:00+00:00,2026-08-20,04:34:00,1140.5,1140.7,1140,1140.5,5467
2026-08-20T04:35:00+00:00,2026-08-20,04:35:00,1140.6,1142,1140.2,1141.7,16970
2026-08-20T04:36:00+00:00,2026-08-20,04:36:00,1142,1142.6,1141.5,1142.5,30258
2026-08-20T04:37:00+00:00,2026-08-20,04:37:00,1142.6,1142.8,1141.3,1142.3,16960
2026-08-20T04:38:00+00:00,2026-08-20,04:38:00,1142.3,1142.9,1141.7,1142.9,25240
2026-08-20T04:39:00+00:00,2026-08-20,04:39:00,1142.9,1142.9,1140.5,1140.7,6338
2026-08-20T04:40:00+00:00,2026-08-20,04:40:00,1140.7,1141,1139.1,1139.5,9336
2026-08-20T04:41:00+00:00,2026-08-20,04:41:00,1139.2,1139.7,1138.5,1138.5,13720
2026-08-20T04:42:00+00:00,2026-08-20,04:42:00,1138.9,1139,1138.3,1139,12553
2026-08-20T04:43:00+00:00,2026-08-20,04:43:00,1139,1139.5,1138.6,1139.4,2649
2026-08-20T04:44:00+00:00,2026-08-20,04:44:00,1139.2,1139.9,1138.6,1139.4,9103
2026-08-20T04:45:00+00:00,2026-08-20,04:45:00,1139.4,1139.5,1138.9,1139,5380
2026-08-20T04:46:00+00:00,2026-08-20,04:46:00,1139.3,1139.5,1138.6,1139,11744
2026-08-20T04:47:00+00:00,2026-08-20,04:47:00,1138.9,1139.6,1138.5,1139,7245
2026-08-20T04:48:00+00:00,2026-08-20,04:48:00,1138.8,1139,1138.5,1138.7,2796
2026-08-20T04:49:00+00:00,2026-08-20,04:49:00,1138.8,1139.4,1138.8,1139.3,4509
2026-08-20T04:50:00+00:00,2026-08-20,04:50:00,1139.4,1139.5,1138.3,1138.4,10429
2026-08-20T04:51:00+00:00,2026-08-20,04:51:00,1138.5,1139.3,1138.5,1139,7432
2026-08-20T04:52:00+00:00,2026-08-20,04:52:00,1139.3,1139.5,1139,1139,3898
2026-08-20T04:53:00+00:00,2026-08-20,04:53:00,1139.2,1139.4,1138.6,1139.4,9440
2026-08-20T04:54:00+00:00,2026-08-20,04:54:00,1139,1139.3,1138.5,1138.9,4956
2026-08-20T04:55:00+00:00,2026-08-20,04:55:00,1138.8,1139.3,1137,1137,30700
2026-08-20T04:56:00+00:00,2026-08-20,04:56:00,1137,1137.6,1136.7,1137.4,18816
2026-08-20T04:57:00+00:00,2026-08-20,04:57:00,1137.3,1138,1137.3,1137.6,2669
2026-08-20T04:58:00+00:00,2026-08-20,04:58:00,1137.6,1138.2,1137.2,1137.2,9029
2026-08-20T04:59:00+00:00,2026-08-20,04:59:00,1137.3,1137.7,1136.8,1137.2,12571
2026-08-20T05:00:00+00:00,2026-08-20,05:00:00,1137.2,1137.4,1136.8,1137.1,4516
2026-08-20T05:01:00+00:00,2026-08-20,05:01:00,1137.1,1137.2,1136.2,1136.4,8136
2026-08-20T05:02:00+00:00,2026-08-20,05:02:00,1136.4,1138.4,1136.4,1138.3,9824
2026-08-20T05:03:00+00:00,2026-08-20,05:03:00,1138.2,1138.2,1137.3,1137.5,12942
2026-08-20T05:04:00+00:00,2026-08-20,05:04:00,1137.7,1138,1137.2,1137.6,6138
2026-08-20T05:05:00+00:00,2026-08-20,05:05:00,1137.8,1137.8,1137,1137.4,3681
2026-08-20T05:06:00+00:00,2026-08-20,05:06:00,1137.4,1137.4,1136.4,1136.5,10508
2026-08-20T05:07:00+00:00,2026-08-20,05:07:00,1136.6,1137,1136.6,1137,3102
2026-08-20T05:08:00+00:00,2026-08-20,05:08:00,1137,1137.6,1136.9,1137.3,3368
2026-08-20T05:09:00+00:00,2026-08-20,05:09:00,1137.4,1137.8,1136.8,1136.8,4772
2026-08-20T05:10:00+00:00,2026-08-20,05:10:00,1137,1137,1136.7,1136.9,2477
2026-08-20T05:11:00+00:00,2026-08-20,05:11:00,1137,1137.7,1136.9,1137.3,4503
2026-08-20T05:12:00+00:00,2026-08-20,05:12:00,1137.3,1137.9,1136.6,1136.8,6958
2026-08-20T05:13:00+00:00,2026-08-20,05:13:00,1136.8,1137.2,1136.7,1137.2,2259
2026-08-20T05:14:00+00:00,2026-08-20,05:14:00,1136.9,1137.3,1136.5,1137.3,7952
2026-08-20T05:15:00+00:00,2026-08-20,05:15:00,1137.4,1137.9,1137,1137.6,5985
2026-08-20T05:16:00+00:00,2026-08-20,05:16:00,1137.6,1138,1137.4,1137.6,9308
2026-08-20T05:17:00+00:00,2026-08-20,05:17:00,1137.8,1138.7,1137.7,1138.3,13267
2026-08-20T05:18:00+00:00,2026-08-20,05:18:00,1138.2,1139,1137.7,1138.9,73309
2026-08-20T05:19:00+00:00,2026-08-20,05:19:00,1139,1140,1138.9,1139.3,18012
2026-08-20T05:20:00+00:00,2026-08-20,05:20:00,1139.4,1139.9,1139.3,1139.7,8363
2026-08-20T05:21:00+00:00,2026-08-20,05:21:00,1139.8,1140,1138.6,1138.6,15389
2026-08-20T05:22:00+00:00,2026-08-20,05:22:00,1138.6,1138.8,1138.1,1138.4,10372
2026-08-20T05:23:00+00:00,2026-08-20,05:23:00,1138.5,1139,1138.4,1138.8,9365
2026-08-20T05:24:00+00:00,2026-08-20,05:24:00,1139,1139,1138.6,1138.9,9970
2026-08-20T05:25:00+00:00,2026-08-20,05:25:00,1139,1139,1138.3,1138.4,11960
2026-08-20T05:26:00+00:00,2026-08-20,05:26:00,1138.4,1138.9,1138.4,1138.7,6188
2026-08-20T05:27:00+00:00,2026-08-20,05:27:00,1138.8,1139.2,1138.6,1138.8,10992
2026-08-20T05:28:00+00:00,2026-08-20,05:28:00,1138.6,1138.8,1138.2,1138.5,8034
2026-08-20T05:29:00+00:00,2026-08-20,05:29:00,1138.6,1139,1138,1138.8,10143
2026-08-20T05:30:00+00:00,2026-08-20,05:30:00,1138.7,1139.5,1138.6,1139.1,17576
2026-08-20T05:31:00+00:00,2026-08-20,05:31:00,1138.9,1139.1,1137.1,1137.4,10928
2026-08-20T05:32:00+00:00,2026-08-20,05:32:00,1137.2,1137.2,1135.6,1135.9,58447
2026-08-20T05:33:00+00:00,2026-08-20,05:33:00,1135.9,1136.2,1135.7,1136.2,12520
2026-08-20T05:34:00+00:00,2026-08-20,05:34:00,1136.2,1136.3,1135.5,1135.5,6304
2026-08-20T05:35:00+00:00,2026-08-20,05:35:00,1135.6,1136,1135.5,1135.6,7342
2026-08-20T05:36:00+00:00,2026-08-20,05:36:00,1135.4,1135.4,1134.2,1134.7,29402
2026-08-20T05:37:00+00:00,2026-08-20,05:37:00,1134.6,1134.6,1134.1,1134.1,10015
2026-08-20T05:38:00+00:00,2026-08-20,05:38:00,1134.1,1134.3,1133.4,1134.3,15975
2026-08-20T05:39:00+00:00,2026-08-20,05:39:00,1134.2,1134.2,1133.3,1133.4,15372
2026-08-20T05:40:00+00:00,2026-08-20,05:40:00,1133.3,1134,1133,1133.5,15458
2026-08-20T05:41:00+00:00,2026-08-20,05:41:00,1133.4,1133.9,1133,1133.1,19764
2026-08-20T05:42:00+00:00,2026-08-20,05:42:00,1133,1133.2,1131.6,1131.7,37688
2026-08-20T05:43:00+00:00,2026-08-20,05:43:00,1131.7,1131.9,1131.1,1131.2,25271
2026-08-20T05:44:00+00:00,2026-08-20,05:44:00,1131.1,1131.5,1130.6,1131.2,18972
2026-08-20T05:45:00+00:00,2026-08-20,05:45:00,1131.2,1131.2,1130,1130.4,29734
2026-08-20T05:46:00+00:00,2026-08-20,05:46:00,1130.6,1131,1130.3,1130.6,9355
2026-08-20T05:47:00+00:00,2026-08-20,05:47:00,1130.6,1131.9,1130.6,1131.8,24290
2026-08-20T05:48:00+00:00,2026-08-20,05:48:00,1131.8,1131.9,1130.3,1130.4,16932
2026-08-20T05:49:00+00:00,2026-08-20,05:49:00,1130.3,1131,1129.7,1130.6,33026
2026-08-20T05:50:00+00:00,2026-08-20,05:50:00,1130.5,1130.9,1129.4,1129.5,10640
2026-08-20T05:51:00+00:00,2026-08-20,05:51:00,1129.5,1130,1129.2,1129.4,10107
2026-08-20T05:52:00+00:00,2026-08-20,05:52:00,1129.6,1129.6,1128.5,1128.6,15194
2026-08-20T05:53:00+00:00,2026-08-20,05:53:00,1128.7,1129.3,1128.6,1128.6,19444
2026-08-20T05:54:00+00:00,2026-08-20,05:54:00,1128.7,1129.5,1128.5,1129,10565
2026-08-20T05:55:00+00:00,2026-08-20,05:55:00,1129.1,1129.8,1129.1,1129.3,16504
2026-08-20T05:56:00+00:00,2026-08-20,05:56:00,1129.4,1129.4,1129.1,1129.1,13068
2026-08-20T05:57:00+00:00,2026-08-20,05:57:00,1129.1,1129.8,1129,1129.1,7776
2026-08-20T05:58:00+00:00,2026-08-20,05:58:00,1129.3,1129.5,1128.5,1128.9,9708
2026-08-20T05:59:00+00:00,2026-08-20,05:59:00,1128.6,1129.2,1128.5,1128.5,10439
2026-08-20T06:00:00+00:00,2026-08-20,06:00:00,1128.6,1129.6,1128.6,1129.5,6460
2026-08-20T06:01:00+00:00,2026-08-20,06:01:00,1129.4,1129.8,1128.3,1128.6,23520
2026-08-20T06:02:00+00:00,2026-08-20,06:02:00,1128.6,1129,1128.1,1128.1,12137
2026-08-20T06:03:00+00:00,2026-08-20,06:03:00,1128.1,1128.4,1128,1128.2,8255
2026-08-20T06:04:00+00:00,2026-08-20,06:04:00,1128.1,1128.2,1127,1127.1,25791
2026-08-20T06:05:00+00:00,2026-08-20,06:05:00,1127,1127.7,1127,1127.1,11192
2026-08-20T06:06:00+00:00,2026-08-20,06:06:00,1127.3,1127.4,1126.7,1127.4,11418
2026-08-20T06:07:00+00:00,2026-08-20,06:07:00,1127.5,1127.5,1126.5,1126.5,16476
2026-08-20T06:08:00+00:00,2026-08-20,06:08:00,1126.7,1127,1126.5,1126.9,13179
2026-08-20T06:09:00+00:00,2026-08-20,06:09:00,1126.8,1127.3,1126.6,1126.7,10284
2026-08-20T06:10:00+00:00,2026-08-20,06:10:00,1126.7,1127.1,1126.5,1126.5,5993
2026-08-20T06:11:00+00:00,2026-08-20,06:11:00,1126.8,1126.8,1125.7,1126.3,26297
2026-08-20T06:12:00+00:00,2026-08-20,06:12:00,1127,1129.7,1126.7,1129.4,38325
2026-08-20T06:13:00+00:00,2026-08-20,06:13:00,1129.2,1129.7,1128.7,1129.2,36778
2026-08-20T06:14:00+00:00,2026-08-20,06:14:00,1129.2,1130,1129.2,1129.7,26652
2026-08-20T06:15:00+00:00,2026-08-20,06:15:00,1129.5,1130.5,1129.5,1130.1,24531
2026-08-20T06:16:00+00:00,2026-08-20,06:16:00,1130.1,1131,1130,1130.9,29909
2026-08-20T06:17:00+00:00,2026-08-20,06:17:00,1130.9,1131.5,1129.9,1131.5,43381
2026-08-20T06:18:00+00:00,2026-08-20,06:18:00,1131.5,1131.8,1131.2,1131.4,26325
2026-08-20T06:19:00+00:00,2026-08-20,06:19:00,1131.5,1132,1130.7,1130.7,29626
2026-08-20T06:20:00+00:00,2026-08-20,06:20:00,1131,1132.1,1131,1132,21302
2026-08-20T06:21:00+00:00,2026-08-20,06:21:00,1132,1132.5,1131.7,1131.7,24265
2026-08-20T06:22:00+00:00,2026-08-20,06:22:00,1132,1132.6,1131.8,1132.6,20844
2026-08-20T06:23:00+00:00,2026-08-20,06:23:00,1132.6,1132.7,1132.4,1132.7,22708
2026-08-20T06:24:00+00:00,2026-08-20,06:24:00,1132.6,1132.8,1131.8,1132.3,19315
2026-08-20T06:25:00+00:00,2026-08-20,06:25:00,1132.4,1132.4,1131.4,1131.4,19634
2026-08-20T06:26:00+00:00,2026-08-20,06:26:00,1131.5,1132.5,1131.4,1132.5,16181
2026-08-20T06:27:00+00:00,2026-08-20,06:27:00,1132.2,1132.4,1131.5,1132.2,17251
2026-08-20T06:28:00+00:00,2026-08-20,06:28:00,1132,1132,1130.5,1131,34832
2026-08-20T06:29:00+00:00,2026-08-20,06:29:00,1130.6,1131,1130.6,1131,12923
2026-08-20T06:30:00+00:00,2026-08-20,06:30:00,1130.7,1131.3,1130.7,1131.1,14652
2026-08-20T06:31:00+00:00,2026-08-20,06:31:00,1130.8,1131.2,1130.6,1131.1,20620
2026-08-20T06:32:00+00:00,2026-08-20,06:32:00,1131.2,1131.4,1130.3,1130.4,15334
2026-08-20T06:33:00+00:00,2026-08-20,06:33:00,1130.3,1130.8,1129.8,1130,19143
2026-08-20T06:34:00+00:00,2026-08-20,06:34:00,1130,1130.5,1129.8,1130.4,15597
2026-08-20T06:35:00+00:00,2026-08-20,06:35:00,1130.3,1130.6,1129.6,1129.7,17965
2026-08-20T06:36:00+00:00,2026-08-20,06:36:00,1129.6,1130,1129.4,1129.6,15445
2026-08-20T06:37:00+00:00,2026-08-20,06:37:00,1129.8,1130.2,1129.5,1129.9,18410
2026-08-20T06:38:00+00:00,2026-08-20,06:38:00,1129.7,1130.2,1129.1,1129.1,17707
2026-08-20T06:39:00+00:00,2026-08-20,06:39:00,1129.2,1130,1129,1129.4,36341
2026-08-20T06:40:00+00:00,2026-08-20,06:40:00,1129.2,1129.8,1128.8,1129,13901
2026-08-20T06:41:00+00:00,2026-08-20,06:41:00,1129.1,1129.8,1129,1129.7,18827
2026-08-20T06:42:00+00:00,2026-08-20,06:42:00,1129.7,1129.9,1128.7,1128.9,22545
2026-08-20T06:43:00+00:00,2026-08-20,06:43:00,1128.9,1129,1128.2,1128.5,24341
2026-08-20T06:44:00+00:00,2026-08-20,06:44:00,1128.6,1128.8,1128.2,1128.4,15681
2026-08-20T06:45:00+00:00,2026-08-20,06:45:00,1128.3,1129.5,1128.3,1129.5,24216
2026-08-20T06:46:00+00:00,2026-08-20,06:46:00,1129.5,1131,1129.4,1131,35696
2026-08-20T06:47:00+00:00,2026-08-20,06:47:00,1130.7,1130.7,1129.3,1129.3,25416
2026-08-20T06:48:00+00:00,2026-08-20,06:48:00,1129.3,1130,1129.3,1129.9,17835
2026-08-20T06:49:00+00:00,2026-08-20,06:49:00,1129.9,1130,1129.7,1129.8,19512
2026-08-20T06:50:00+00:00,2026-08-20,06:50:00,1130,1130,1129.3,1129.8,26097
2026-08-20T06:51:00+00:00,2026-08-20,06:51:00,1129.5,1130,1129.5,1129.6,14283
2026-08-20T06:52:00+00:00,2026-08-20,06:52:00,1129.8,1131.1,1129.6,1131.1,31550
2026-08-20T06:53:00+00:00,2026-08-20,06:53:00,1130.7,1131.4,1130.7,1130.7,15877
2026-08-20T06:54:00+00:00,2026-08-20,06:54:00,1130.8,1131.1,1129.8,1130,18032
2026-08-20T06:55:00+00:00,2026-08-20,06:55:00,1130,1130.5,1129.8,1130,14343
2026-08-20T06:56:00+00:00,2026-08-20,06:56:00,1130.4,1130.4,1129.8,1130.2,15239
2026-08-20T06:57:00+00:00,2026-08-20,06:57:00,1130.2,1131,1130,1130.8,16636
2026-08-20T06:58:00+00:00,2026-08-20,06:58:00,1130.7,1131,1130.4,1131,13142
2026-08-20T06:59:00+00:00,2026-08-20,06:59:00,1130.8,1131.1,1130.1,1131.1,12760
2026-08-20T07:00:00+00:00,2026-08-20,07:00:00,1131.1,1131.4,1130.7,1131,14530
2026-08-20T07:01:00+00:00,2026-08-20,07:01:00,1131,1131.7,1130.4,1130.7,19043
2026-08-20T07:02:00+00:00,2026-08-20,07:02:00,1130.8,1131.4,1130.4,1130.4,18340
2026-08-20T07:03:00+00:00,2026-08-20,07:03:00,1130.5,1131,1130.3,1131,11797
2026-08-20T07:04:00+00:00,2026-08-20,07:04:00,1131.2,1131.2,1130.7,1130.8,12544
2026-08-20T07:05:00+00:00,2026-08-20,07:05:00,1131,1131.2,1130.1,1130.3,18836
2026-08-20T07:06:00+00:00,2026-08-20,07:06:00,1130.7,1131,1130.1,1130.1,16690
2026-08-20T07:07:00+00:00,2026-08-20,07:07:00,1130.2,1130.7,1130.1,1130.2,14014
2026-08-20T07:08:00+00:00,2026-08-20,07:08:00,1130.2,1130.8,1129.8,1129.9,34569
2026-08-20T07:09:00+00:00,2026-08-20,07:09:00,1129.8,1130.3,1129.8,1129.9,23652
2026-08-20T07:10:00+00:00,2026-08-20,07:10:00,1130,1130.2,1129.9,1129.9,17337
2026-08-20T07:11:00+00:00,2026-08-20,07:11:00,1130,1130,1129,1129.1,22761
2026-08-20T07:12:00+00:00,2026-08-20,07:12:00,1129.1,1129.1,1128.3,1128.4,27134
2026-08-20T07:13:00+00:00,2026-08-20,07:13:00,1128.7,1129.2,1128.3,1128.3,18642
2026-08-20T07:14:00+00:00,2026-08-20,07:14:00,1128.4,1129.2,1128.3,1128.7,23919
2026-08-20T07:15:00+00:00,2026-08-20,07:15:00,1128.8,1129.5,1128.7,1129.4,14301
2026-08-20T07:16:00+00:00,2026-08-20,07:16:00,1129,1129.5,1129,1129.3,27974
2026-08-20T07:17:00+00:00,2026-08-20,07:17:00,1129.7,1129.9,1128.8,1129.9,28286
2026-08-20T07:18:00+00:00,2026-08-20,07:18:00,1129.9,1130.5,1129.4,1129.9,71396
2026-08-20T07:19:00+00:00,2026-08-20,07:19:00,1130,1130,1128.7,1128.7,23215
2026-08-20T07:20:00+00:00,2026-08-20,07:20:00,1128.7,1130,1128.5,1130,31180
2026-08-20T07:21:00+00:00,2026-08-20,07:21:00,1130,1131.2,1129.7,1131.2,39556
2026-08-20T07:22:00+00:00,2026-08-20,07:22:00,1131.2,1132.4,1131.1,1132.1,37431
2026-08-20T07:23:00+00:00,2026-08-20,07:23:00,1132.2,1132.4,1131.7,1132,22026
2026-08-20T07:24:00+00:00,2026-08-20,07:24:00,1131.9,1133.6,1131.7,1133.5,31899
2026-08-20T07:25:00+00:00,2026-08-20,07:25:00,1133.5,1133.5,1132.5,1132.9,42854
2026-08-20T07:26:00+00:00,2026-08-20,07:26:00,1133.1,1133.3,1132.3,1132.8,27911
2026-08-20T07:27:00+00:00,2026-08-20,07:27:00,1132.9,1133.6,1132.6,1133.6,41016
2026-08-20T07:28:00+00:00,2026-08-20,07:28:00,1133.4,1133.9,1133.2,1133.7,20548
2026-08-20T07:29:00+00:00,2026-08-20,07:29:00,1133.9,1134,1133.4,1133.7,20307
2026-08-20T07:30:00+00:00,2026-08-20,07:30:00,1133.7,1134,1133.4,1134,17503
2026-08-20T07:31:00+00:00,2026-08-20,07:31:00,1134,1134.1,1133.6,1133.7,17883
2026-08-20T07:32:00+00:00,2026-08-20,07:32:00,1133.8,1134.3,1133.4,1134.3,20281
2026-08-20T07:33:00+00:00,2026-08-20,07:33:00,1134.3,1135,1134.1,1135,29794
2026-08-20T07:34:00+00:00,2026-08-20,07:34:00,1135,1135,1134.1,1134.4,27810
2026-08-20T07:35:00+00:00,2026-08-20,07:35:00,1134.2,1134.8,1134.2,1134.4,18473
2026-08-20T07:36:00+00:00,2026-08-20,07:36:00,1134.5,1134.5,1133.6,1133.8,22591
2026-08-20T07:37:00+00:00,2026-08-20,07:37:00,1133.9,1134.1,1133.5,1133.7,13908
2026-08-20T07:38:00+00:00,2026-08-20,07:38:00,1133.7,1134.1,1133.5,1134,27819
2026-08-20T07:39:00+00:00,2026-08-20,07:39:00,1134,1134,1133.5,1133.7,14947
2026-08-20T07:40:00+00:00,2026-08-20,07:40:00,1133.7,1134.5,1133.2,1133.8,30839
2026-08-20T07:41:00+00:00,2026-08-20,07:41:00,1133.8,1134,1133.1,1133.1,19866
2026-08-20T07:42:00+00:00,2026-08-20,07:42:00,1133.1,1133.5,1132.7,1133,23260
2026-08-20T07:43:00+00:00,2026-08-20,07:43:00,1133,1134.5,1132.9,1134.5,22367
2026-08-20T07:44:00+00:00,2026-08-20,07:44:00,1134.5,1135,1134.3,1134.8,22543
2026-08-20T07:45:00+00:00,2026-08-20,07:45:00,1134.8,1135,1134.6,1135,19653
2026-08-20T07:46:00+00:00,2026-08-20,07:46:00,1135,1135.5,1134.7,1134.7,30152
2026-08-20T07:47:00+00:00,2026-08-20,07:47:00,1134.7,1134.9,1134.2,1134.9,14498
2026-08-20T07:48:00+00:00,2026-08-20,07:48:00,1134.8,1134.9,1134,1134.8,20960
2026-08-20T07:49:00+00:00,2026-08-20,07:49:00,1134.8,1135,1134.5,1135,24620
2026-08-20T07:50:00+00:00,2026-08-20,07:50:00,1135,1135.9,1134.3,1135.5,24748
2026-08-20T07:51:00+00:00,2026-08-20,07:51:00,1135.6,1135.8,1135,1135.1,16405
2026-08-20T07:52:00+00:00,2026-08-20,07:52:00,1135.1,1135.9,1135,1135.3,16810
2026-08-20T07:53:00+00:00,2026-08-20,07:53:00,1135.6,1135.9,1135.3,1135.7,17718
2026-08-20T07:54:00+00:00,2026-08-20,07:54:00,1135.7,1135.9,1135.2,1135.7,19110
2026-08-20T07:55:00+00:00,2026-08-20,07:55:00,1135.9,1136.4,1135.6,1136.3,18130
2026-08-20T07:56:00+00:00,2026-08-20,07:56:00,1136.3,1136.4,1135.6,1135.6,17074
2026-08-20T07:57:00+00:00,2026-08-20,07:57:00,1135.7,1135.9,1135.6,1135.7,18137
2026-08-20T07:58:00+00:00,2026-08-20,07:58:00,1135.6,1135.7,1134.9,1135.1,18044
2026-08-20T07:59:00+00:00,2026-08-20,07:59:00,1135.5,1136.3,1135.4,1136.1,18842
2026-08-20T08:00:00+00:00,2026-08-20,08:00:00,1136.2,1136.3,1135.3,1135.4,16578
2026-08-20T08:01:00+00:00,2026-08-20,08:01:00,1135.4,1135.9,1135.3,1135.6,16190
2026-08-20T08:02:00+00:00,2026-08-20,08:02:00,1135.7,1136.1,1135.7,1136.1,16004
2026-08-20T08:03:00+00:00,2026-08-20,08:03:00,1136.1,1136.2,1135.6,1135.6,21962
2026-08-20T08:04:00+00:00,2026-08-20,08:04:00,1135.7,1135.9,1134.7,1135.1,25568
2026-08-20T08:05:00+00:00,2026-08-20,08:05:00,1135.1,1135.6,1135,1135.6,17988
2026-08-20T08:06:00+00:00,2026-08-20,08:06:00,1135.6,1136.2,1135.5,1135.9,18350
2026-08-20T08:07:00+00:00,2026-08-20,08:07:00,1136.2,1136.3,1135.7,1136.1,15989
2026-08-20T08:08:00+00:00,2026-08-20,08:08:00,1136,1136.2,1135.6,1135.7,16792
2026-08-20T08:09:00+00:00,2026-08-20,08:09:00,1135.7,1136.6,1135.7,1136.4,21242
2026-08-20T08:10:00+00:00,2026-08-20,08:10:00,1136.5,1137,1136.2,1136.9,23783
2026-08-20T08:11:00+00:00,2026-08-20,08:11:00,1137,1137.3,1136.9,1137.1,27882
2026-08-20T08:12:00+00:00,2026-08-20,08:12:00,1137.1,1137.6,1137,1137.6,21813
2026-08-20T08:13:00+00:00,2026-08-20,08:13:00,1137.6,1138,1137.4,1138,23169
2026-08-20T08:14:00+00:00,2026-08-20,08:14:00,1138,1138.4,1137.8,1138,25103
2026-08-20T08:15:00+00:00,2026-08-20,08:15:00,1138.2,1138.6,1138,1138.1,19069
2026-08-20T08:16:00+00:00,2026-08-20,08:16:00,1138.4,1139.4,1138.4,1139.4,28872
2026-08-20T08:17:00+00:00,2026-08-20,08:17:00,1139.4,1139.5,1138.7,1138.9,20150
2026-08-20T08:18:00+00:00,2026-08-20,08:18:00,1138.8,1138.8,1138.3,1138.5,13738
2026-08-20T08:19:00+00:00,2026-08-20,08:19:00,1138.8,1139.1,1138.3,1138.3,18814
2026-08-20T08:20:00+00:00,2026-08-20,08:20:00,1138.3,1138.7,1136.5,1136.7,31343
2026-08-20T08:21:00+00:00,2026-08-20,08:21:00,1136.7,1137,1136.2,1136.5,64795
2026-08-20T08:22:00+00:00,2026-08-20,08:22:00,1136.3,1136.5,1135.5,1135.8,17329
2026-08-20T08:23:00+00:00,2026-08-20,08:23:00,1135.8,1136,1135.5,1135.8,19353
2026-08-20T08:24:00+00:00,2026-08-20,08:24:00,1135.8,1135.9,1135,1135.9,28140
2026-08-20T08:25:00+00:00,2026-08-20,08:25:00,1135.8,1135.8,1134.2,1134.9,26734
2026-08-20T08:26:00+00:00,2026-08-20,08:26:00,1134.9,1135,1134.4,1134.6,19971
2026-08-20T08:27:00+00:00,2026-08-20,08:27:00,1134.6,1134.8,1134.3,1134.8,13603
2026-08-20T08:28:00+00:00,2026-08-20,08:28:00,1134.5,1134.7,1133.6,1133.8,20600
2026-08-20T08:29:00+00:00,2026-08-20,08:29:00,1133.6,1134.5,1133.6,1134,19790
2026-08-20T08:30:00+00:00,2026-08-20,08:30:00,1134.1,1134.9,1134,1134.3,17855
2026-08-20T08:31:00+00:00,2026-08-20,08:31:00,1134.1,1134.4,1133.6,1134,16770
2026-08-20T08:32:00+00:00,2026-08-20,08:32:00,1134,1134.3,1133.5,1133.7,21577
2026-08-20T08:33:00+00:00,2026-08-20,08:33:00,1133.6,1134.1,1133.5,1133.7,17140
2026-08-20T08:34:00+00:00,2026-08-20,08:34:00,1133.8,1134.2,1133.6,1133.9,15386
2026-08-20T08:35:00+00:00,2026-08-20,08:35:00,1133.8,1134,1130.9,1131.5,81232
2026-08-20T08:36:00+00:00,2026-08-20,08:36:00,1131.5,1132.2,1131.3,1131.9,29222
2026-08-20T08:37:00+00:00,2026-08-20,08:37:00,1131.9,1132,1131.5,1132,46356
2026-08-20T08:38:00+00:00,2026-08-20,08:38:00,1132,1132,1131.8,1132,15321
2026-08-20T08:39:00+00:00,2026-08-20,08:39:00,1132,1133,1131.9,1132.5,23912
2026-08-20T08:40:00+00:00,2026-08-20,08:40:00,1132.7,1133,1132,1132.5,16109
2026-08-20T08:41:00+00:00,2026-08-20,08:41:00,1132.7,1133.2,1132.3,1132.3,17748
2026-08-20T08:42:00+00:00,2026-08-20,08:42:00,1132.3,1133.5,1132.3,1133.5,16738
2026-08-20T08:43:00+00:00,2026-08-20,08:43:00,1133.5,1134,1132.9,1133.8,15883
2026-08-20T08:44:00+00:00,2026-08-20,08:44:00,1133.9,1134.5,1133.8,1134.5,15705
2026-08-20T08:45:00+00:00,2026-08-20,08:45:00,1134,1134.5,1133.5,1133.9,16738
2026-08-20T08:46:00+00:00,2026-08-20,08:46:00,1133.8,1134.1,1133.2,1133.2,15601
2026-08-20T08:47:00+00:00,2026-08-20,08:47:00,1133.2,1134.4,1133.2,1134.4,15444
2026-08-20T08:48:00+00:00,2026-08-20,08:48:00,1134.3,1135,1134,1134.8,35374
2026-08-20T08:49:00+00:00,2026-08-20,08:49:00,1134.5,1135.4,1134.5,1134.6,49053
2026-08-20T08:50:00+00:00,2026-08-20,08:50:00,1134.7,1135.2,1134.2,1134.4,39970
2026-08-20T08:51:00+00:00,2026-08-20,08:51:00,1134.4,1135,1133.9,1134.8,49690
2026-08-20T08:52:00+00:00,2026-08-20,08:52:00,1135,1135,1134.2,1134.2,36486
2026-08-20T08:53:00+00:00,2026-08-20,08:53:00,1134.3,1134.9,1134.2,1134.4,39078
2026-08-20T08:54:00+00:00,2026-08-20,08:54:00,1134.5,1134.6,1133.4,1134,49757
2026-08-20T08:55:00+00:00,2026-08-20,08:55:00,1134,1134.2,1133.1,1133.7,47634
2026-08-20T08:56:00+00:00,2026-08-20,08:56:00,1133.6,1134.4,1133.4,1133.9,46148
2026-08-20T08:57:00+00:00,2026-08-20,08:57:00,1134,1134,1132.6,1133.3,43847
2026-08-20T08:58:00+00:00,2026-08-20,08:58:00,1133.5,1133.7,1132.5,1132.7,59462
2026-08-20T08:59:00+00:00,2026-08-20,08:59:00,1132.9,1133.2,1132.2,1132.9,27865
2026-08-20T09:00:00+00:00,2026-08-20,09:00:00,1132.9,1132.9,1132.1,1132.2,27090
2026-08-20T09:01:00+00:00,2026-08-20,09:01:00,1132.3,1132.7,1132,1132.5,27384
2026-08-20T09:02:00+00:00,2026-08-20,09:02:00,1132.5,1133.3,1132.3,1132.8,33043
2026-08-20T09:03:00+00:00,2026-08-20,09:03:00,1132.4,1132.8,1130.8,1131.1,70682
2026-08-20T09:04:00+00:00,2026-08-20,09:04:00,1131,1131.4,1130,1131,16245
2026-08-20T09:05:00+00:00,2026-08-20,09:05:00,1131.4,1131.5,1130.8,1131.1,9088
2026-08-20T09:06:00+00:00,2026-08-20,09:06:00,1131.1,1131.5,1131,1131.3,8751
2026-08-20T09:07:00+00:00,2026-08-20,09:07:00,1131.4,1131.7,1130.5,1130.8,10238
2026-08-20T09:08:00+00:00,2026-08-20,09:08:00,1130.7,1131.4,1130.5,1131.2,11316
2026-08-20T09:09:00+00:00,2026-08-20,09:09:00,1131.2,1131.3,1130.6,1130.6,9384
2026-08-20T09:10:00+00:00,2026-08-20,09:10:00,1130.8,1131.4,1130.8,1131.3,9831
2026-08-20T09:11:00+00:00,2026-08-20,09:11:00,1131.5,1131.5,1130.3,1130.7,13532
2026-08-20T09:12:00+00:00,2026-08-20,09:12:00,1131,1131.4,1130.4,1131.4,9641
2026-08-20T09:13:00+00:00,2026-08-20,09:13:00,1131.3,1131.5,1130.4,1130.8,11926
2026-08-20T09:14:00+00:00,2026-08-20,09:14:00,1130.7,1130.8,1129.1,1129.4,13746
2026-08-20T09:15:00+00:00,2026-08-20,09:15:00,1129.5,1129.6,1128.7,1129.1,21440
2026-08-20T09:16:00+00:00,2026-08-20,09:16:00,1129,1130,1128.5,1129.2,17202
2026-08-20T09:17:00+00:00,2026-08-20,09:17:00,1129.5,1129.8,1129.1,1129.5,10737
2026-08-20T09:18:00+00:00,2026-08-20,09:18:00,1129.5,1130.5,1129.3,1129.7,13366
2026-08-20T09:19:00+00:00,2026-08-20,09:19:00,1130,1130.1,1129.5,1129.5,18708
2026-08-20T09:20:00+00:00,2026-08-20,09:20:00,1129.5,1131.4,1129,1130.6,90081
2026-08-20T09:21:00+00:00,2026-08-20,09:21:00,1131.1,1131.1,1130,1130.3,10118
2026-08-20T09:22:00+00:00,2026-08-20,09:22:00,1130.3,1130.6,1129.7,1129.7,12645
2026-08-20T09:23:00+00:00,2026-08-20,09:23:00,1130.1,1130.1,1129.2,1129.3,13828
2026-08-20T09:24:00+00:00,2026-08-20,09:24:00,1129.7,1130,1129.4,1129.8,12120
2026-08-20T09:25:00+00:00,2026-08-20,09:25:00,1129.8,1129.8,1128.6,1128.9,25450
2026-08-20T09:26:00+00:00,2026-08-20,09:26:00,1129,1129.5,1128.7,1129.4,20417
2026-08-20T09:27:00+00:00,2026-08-20,09:27:00,1128.9,1129.8,1128.9,1129.3,22567
2026-08-20T09:28:00+00:00,2026-08-20,09:28:00,1129.3,1129.4,1128.5,1128.8,14869
2026-08-20T09:29:00+00:00,2026-08-20,09:29:00,1128.8,1129.5,1128.7,1129,14096
2026-08-20T09:30:00+00:00,2026-08-20,09:30:00,1129.2,1130.2,1129.1,1130.1,26274
2026-08-20T09:31:00+00:00,2026-08-20,09:31:00,1130.1,1130.1,1129.5,1130,19951
2026-08-20T09:32:00+00:00,2026-08-20,09:32:00,1129.9,1130,1129.4,1129.5,14730
2026-08-20T09:33:00+00:00,2026-08-20,09:33:00,1130,1130.1,1129.4,1129.7,19431
2026-08-20T09:34:00+00:00,2026-08-20,09:34:00,1129.6,1130.1,1129.6,1129.7,20281
2026-08-20T09:35:00+00:00,2026-08-20,09:35:00,1129.9,1130.1,1129,1129.5,29935
2026-08-20T09:36:00+00:00,2026-08-20,09:36:00,1129.5,1129.7,1128.9,1129,30887
2026-08-20T09:37:00+00:00,2026-08-20,09:37:00,1129,1129.4,1128.5,1128.7,20634
2026-08-20T09:38:00+00:00,2026-08-20,09:38:00,1129,1129,1128.5,1129,16712
2026-08-20T09:39:00+00:00,2026-08-20,09:39:00,1128.8,1129.7,1128.6,1129.1,39482
2026-08-20T09:40:00+00:00,2026-08-20,09:40:00,1129.6,1129.6,1129,1129.1,27688
2026-08-20T09:41:00+00:00,2026-08-20,09:41:00,1129.1,1129.7,1128.5,1128.9,31364
2026-08-20T09:42:00+00:00,2026-08-20,09:42:00,1128.9,1129,1128.1,1128.9,51267
2026-08-20T09:43:00+00:00,2026-08-20,09:43:00,1128.8,1129,1128.2,1129,29686
2026-08-20T09:44:00+00:00,2026-08-20,09:44:00,1128.8,1130,1128.5,1129.4,26604
2026-08-20T09:45:00+00:00,2026-08-20,09:45:00,1128.8,1130,1128.5,1129.4,26604
2026-08-20T09:46:00+00:00,2026-08-20,09:46:00,1128.8,1130,1128.5,1129.4,26604
2026-08-20T09:47:00+00:00,2026-08-20,09:47:00,1128.8,1130,1128.5,1129.4,26604
2026-08-20T09:48:00+00:00,2026-08-20,09:48:00,1128.8,1130,1128.5,1129.4,26604
2026-08-20T09:49:00+00:00,2026-08-20,09:49:00,1128.8,1130,1128.5,1129.4,26604
2026-08-20T09:50:00+00:00,2026-08-20,09:50:00,1128.8,1130,1128.5,1129.4,26604
2026-08-20T09:51:00+00:00,2026-08-20,09:51:00,1128.8,1130,1128.5,1129.4,26604
2026-08-20T09:52:00+00:00,2026-08-20,09:52:00,1128.8,1130,1128.5,1129.4,26604
2026-08-20T09:53:00+00:00,2026-08-20,09:53:00,1128.8,1130,1128.5,1129.4,26604
2026-08-20T09:54:00+00:00,2026-08-20,09:54:00,1128.8,1130,1128.5,1129.4,26604
2026-08-20T09:55:00+00:00,2026-08-20,09:55:00,1128.8,1130,1128.5,1129.4,26604
2026-08-20T09:56:00+00:00,2026-08-20,09:56:00,1128.8,1130,1128.5,1129.4,26604
2026-08-20T09:57:00+00:00,2026-08-20,09:57:00,1128.8,1130,1128.5,1129.4,26604
2026-08-20T09:58:00+00:00,2026-08-20,09:58:00,1128.8,1130,1128.5,1129.4,26604
2026-08-20T09:59:00+00:00,2026-08-20,09:59:00,1130,1130,1130,1130,0
2026-08-20T10:00:00+00:00,2026-08-20,10:00:00,1130,1130,1130,1130,0
2026-08-21T03:45:00+00:00,2026-08-21,03:45:00,1131,1133.2,1123.6,1124.2,43811
2026-08-21T03:46:00+00:00,2026-08-21,03:46:00,1124.7,1125.5,1122,1122.1,36246
2026-08-21T03:47:00+00:00,2026-08-21,03:47:00,1122.3,1123,1120.6,1121.1,31227
2026-08-21T03:48:00+00:00,2026-08-21,03:48:00,1121.4,1122.2,1120.1,1120.7,40794
2026-08-21T03:49:00+00:00,2026-08-21,03:49:00,1121.1,1121.6,1120.5,1121.6,20648
2026-08-21T03:50:00+00:00,2026-08-21,03:50:00,1121.2,1123.5,1120.7,1121.9,30708
2026-08-21T03:51:00+00:00,2026-08-21,03:51:00,1122,1122.9,1121.6,1122.4,11095
2026-08-21T03:52:00+00:00,2026-08-21,03:52:00,1122,1122.5,1121.1,1121.6,24385
2026-08-21T03:53:00+00:00,2026-08-21,03:53:00,1121.5,1124.5,1121.2,1124.5,26457
2026-08-21T03:54:00+00:00,2026-08-21,03:54:00,1124.7,1124.8,1124.1,1124.1,15040
2026-08-21T03:55:00+00:00,2026-08-21,03:55:00,1124.2,1124.9,1123.6,1124.9,11753
2026-08-21T03:56:00+00:00,2026-08-21,03:56:00,1124.9,1125.7,1124.4,1124.4,23026
2026-08-21T03:57:00+00:00,2026-08-21,03:57:00,1124.7,1124.7,1123.2,1124,16455
2026-08-21T03:58:00+00:00,2026-08-21,03:58:00,1124,1124.7,1123.6,1123.6,19750
2026-08-21T03:59:00+00:00,2026-08-21,03:59:00,1123.6,1123.7,1122,1122.3,22264
2026-08-21T04:00:00+00:00,2026-08-21,04:00:00,1122.2,1122.9,1121.4,1122.9,21878
2026-08-21T04:01:00+00:00,2026-08-21,04:01:00,1123.1,1123.1,1121.3,1121.3,15178
2026-08-21T04:02:00+00:00,2026-08-21,04:02:00,1121.6,1121.8,1120.5,1120.5,16651
2026-08-21T04:03:00+00:00,2026-08-21,04:03:00,1120.9,1121,1118.3,1118.6,62447
2026-08-21T04:04:00+00:00,2026-08-21,04:04:00,1118.7,1120.4,1118.2,1119.9,20017
2026-08-21T04:05:00+00:00,2026-08-21,04:05:00,1120.4,1120.7,1119.2,1119.8,19188
2026-08-21T04:06:00+00:00,2026-08-21,04:06:00,1120,1120.6,1119.6,1120.1,20205
2026-08-21T04:07:00+00:00,2026-08-21,04:07:00,1120.4,1120.7,1119.6,1119.9,14996
2026-08-21T04:08:00+00:00,2026-08-21,04:08:00,1120,1120.7,1119.8,1120.3,14081
2026-08-21T04:09:00+00:00,2026-08-21,04:09:00,1120.3,1120.4,1119.8,1119.8,13136
2026-08-21T04:10:00+00:00,2026-08-21,04:10:00,1119.8,1121.9,1119.8,1121.4,18772
2026-08-21T04:11:00+00:00,2026-08-21,04:11:00,1121.5,1122.1,1121,1122.1,13964
2026-08-21T04:12:00+00:00,2026-08-21,04:12:00,1122,1122.9,1122,1122.1,24043
2026-08-21T04:13:00+00:00,2026-08-21,04:13:00,1122.2,1122.6,1122,1122,8806
2026-08-21T04:14:00+00:00,2026-08-21,04:14:00,1122,1122.8,1122,1122.6,11511
2026-08-21T04:15:00+00:00,2026-08-21,04:15:00,1122.9,1123.5,1122.7,1123.4,13521
2026-08-21T04:16:00+00:00,2026-08-21,04:16:00,1123.3,1123.7,1122.2,1122.6,17483
2026-08-21T04:17:00+00:00,2026-08-21,04:17:00,1122.6,1123.5,1122.3,1122.9,10332
2026-08-21T04:18:00+00:00,2026-08-21,04:18:00,1123,1124.4,1122.9,1124.1,16189
2026-08-21T04:19:00+00:00,2026-08-21,04:19:00,1124,1124.4,1123.8,1123.8,11855
2026-08-21T04:20:00+00:00,2026-08-21,04:20:00,1123.9,1124.5,1123.7,1124.4,12984
2026-08-21T04:21:00+00:00,2026-08-21,04:21:00,1124.5,1125.9,1124.4,1125.9,21658
2026-08-21T04:22:00+00:00,2026-08-21,04:22:00,1125.9,1126.9,1125.7,1125.7,25880
2026-08-21T04:23:00+00:00,2026-08-21,04:23:00,1126.1,1130.3,1126.1,1130.1,52907
2026-08-21T04:24:00+00:00,2026-08-21,04:24:00,1130.3,1130.3,1128.8,1129,28379
2026-08-21T04:25:00+00:00,2026-08-21,04:25:00,1129,1129.3,1128.1,1128.9,19763
2026-08-21T04:26:00+00:00,2026-08-21,04:26:00,1128.9,1129.3,1128.2,1129.1,21393
2026-08-21T04:27:00+00:00,2026-08-21,04:27:00,1129,1129.3,1128.3,1128.6,13417
2026-08-21T04:28:00+00:00,2026-08-21,04:28:00,1128.7,1129.1,1128.7,1129,9654
2026-08-21T04:29:00+00:00,2026-08-21,04:29:00,1129,1129,1128.7,1128.8,13378
2026-08-21T04:30:00+00:00,2026-08-21,04:30:00,1128.7,1128.7,1127.9,1127.9,11501
2026-08-21T04:31:00+00:00,2026-08-21,04:31:00,1127.7,1128.2,1127.3,1127.4,15140
2026-08-21T04:32:00+00:00,2026-08-21,04:32:00,1127.4,1127.5,1126.3,1126.8,21490
2026-08-21T04:33:00+00:00,2026-08-21,04:33:00,1126.7,1127.7,1126.3,1127.6,73686
2026-08-21T04:34:00+00:00,2026-08-21,04:34:00,1127.6,1128.1,1127.5,1127.6,13744
2026-08-21T04:35:00+00:00,2026-08-21,04:35:00,1127.5,1127.6,1126,1126.2,13297
2026-08-21T04:36:00+00:00,2026-08-21,04:36:00,1126,1127.9,1126,1127.5,13064
2026-08-21T04:37:00+00:00,2026-08-21,04:37:00,1128,1128,1127,1127.2,12906
2026-08-21T04:38:00+00:00,2026-08-21,04:38:00,1127.2,1127.2,1126.7,1126.8,7825
2026-08-21T04:39:00+00:00,2026-08-21,04:39:00,1126.8,1127,1126.5,1126.8,8395
2026-08-21T04:40:00+00:00,2026-08-21,04:40:00,1126.9,1127.2,1126.6,1127.2,7622
2026-08-21T04:41:00+00:00,2026-08-21,04:41:00,1127.1,1128,1126.8,1128,8283
2026-08-21T04:42:00+00:00,2026-08-21,04:42:00,1128,1128.4,1127.3,1128.2,12798
2026-08-21T04:43:00+00:00,2026-08-21,04:43:00,1128.1,1128.4,1127.2,1128.4,10235
2026-08-21T04:44:00+00:00,2026-08-21,04:44:00,1128.4,1128.4,1127.3,1127.4,9562
2026-08-21T04:45:00+00:00,2026-08-21,04:45:00,1127.4,1127.7,1127,1127.2,11564
2026-08-21T04:46:00+00:00,2026-08-21,04:46:00,1127.2,1127.4,1126.9,1127.3,9238
2026-08-21T04:47:00+00:00,2026-08-21,04:47:00,1127.2,1127.2,1126.1,1126.6,16260
2026-08-21T04:48:00+00:00,2026-08-21,04:48:00,1126.2,1126.7,1126.2,1126.6,7195
2026-08-21T04:49:00+00:00,2026-08-21,04:49:00,1126.5,1127.2,1126.3,1126.9,7546
2026-08-21T04:50:00+00:00,2026-08-21,04:50:00,1127.3,1127.4,1126.9,1127.4,7661
2026-08-21T04:51:00+00:00,2026-08-21,04:51:00,1127.1,1128.4,1127.1,1128.4,8239
2026-08-21T04:52:00+00:00,2026-08-21,04:52:00,1128.1,1128.5,1128,1128.1,9710
2026-08-21T04:53:00+00:00,2026-08-21,04:53:00,1128.2,1130.7,1128.2,1130.7,46044
2026-08-21T04:54:00+00:00,2026-08-21,04:54:00,1130.6,1130.7,1130.2,1130.6,11894
2026-08-21T04:55:00+00:00,2026-08-21,04:55:00,1130.4,1130.4,1129.2,1129.5,9860
2026-08-21T04:56:00+00:00,2026-08-21,04:56:00,1129.5,1132,1129.2,1131.7,20597
2026-08-21T04:57:00+00:00,2026-08-21,04:57:00,1132,1132,1130.1,1130.1,16762
2026-08-21T04:58:00+00:00,2026-08-21,04:58:00,1130.1,1131.3,1130,1130.7,13647
2026-08-21T04:59:00+00:00,2026-08-21,04:59:00,1130.8,1131.5,1130.5,1131.3,7678
2026-08-21T05:00:00+00:00,2026-08-21,05:00:00,1131.3,1131.6,1130.4,1130.6,19548
2026-08-21T05:01:00+00:00,2026-08-21,05:01:00,1130.6,1132.6,1130.4,1132.1,24309
2026-08-21T05:02:00+00:00,2026-08-21,05:02:00,1132.1,1132.1,1131.3,1131.6,11640
2026-08-21T05:03:00+00:00,2026-08-21,05:03:00,1131.5,1132.4,1131.3,1132.3,19782
2026-08-21T05:04:00+00:00,2026-08-21,05:04:00,1132.3,1132.9,1132.3,1132.7,9238
2026-08-21T05:05:00+00:00,2026-08-21,05:05:00,1132.7,1132.7,1131.7,1131.9,9442
2026-08-21T05:06:00+00:00,2026-08-21,05:06:00,1132,1132.5,1131.9,1132.3,8610
2026-08-21T05:07:00+00:00,2026-08-21,05:07:00,1132.3,1132.3,1131.5,1131.7,16391
2026-08-21T05:08:00+00:00,2026-08-21,05:08:00,1131.7,1132,1131.6,1131.9,7868
2026-08-21T05:09:00+00:00,2026-08-21,05:09:00,1131.8,1132,1131.1,1131.4,11360
2026-08-21T05:10:00+00:00,2026-08-21,05:10:00,1131,1131.5,1131,1131.4,6285
2026-08-21T05:11:00+00:00,2026-08-21,05:11:00,1131.5,1131.7,1131.4,1131.7,9023
2026-08-21T05:12:00+00:00,2026-08-21,05:12:00,1131.5,1131.8,1131.5,1131.6,14289
2026-08-21T05:13:00+00:00,2026-08-21,05:13:00,1131.6,1132.7,1131.6,1132.1,13050
2026-08-21T05:14:00+00:00,2026-08-21,05:14:00,1132.1,1132.1,1130.1,1130.8,13692
2026-08-21T05:15:00+00:00,2026-08-21,05:15:00,1130.8,1131.7,1130.3,1131.3,25060
2026-08-21T05:16:00+00:00,2026-08-21,05:16:00,1131.3,1131.3,1130.5,1130.5,11256
2026-08-21T05:17:00+00:00,2026-08-21,05:17:00,1130.5,1130.6,1129.3,1129.3,19662
2026-08-21T05:18:00+00:00,2026-08-21,05:18:00,1129.2,1129.2,1128.1,1128.7,18589
2026-08-21T05:19:00+00:00,2026-08-21,05:19:00,1128.3,1129.5,1128.1,1128.2,40429
2026-08-21T05:20:00+00:00,2026-08-21,05:20:00,1128.2,1129.9,1128.1,1129.7,14000
2026-08-21T05:21:00+00:00,2026-08-21,05:21:00,1129.7,1130,1129,1129.6,12179
2026-08-21T05:22:00+00:00,2026-08-21,05:22:00,1129.6,1129.9,1129.4,1129.6,8454
2026-08-21T05:23:00+00:00,2026-08-21,05:23:00,1129.7,1130.3,1129.6,1130.2,12636
2026-08-21T05:24:00+00:00,2026-08-21,05:24:00,1130.3,1130.5,1129.9,1130.5,14360
2026-08-21T05:25:00+00:00,2026-08-21,05:25:00,1130.2,1131.2,1130.2,1130.9,11927
2026-08-21T05:26:00+00:00,2026-08-21,05:26:00,1130.6,1130.8,1130.1,1130.4,7163
2026-08-21T05:27:00+00:00,2026-08-21,05:27:00,1130.1,1130.4,1129.9,1129.9,9577
2026-08-21T05:28:00+00:00,2026-08-21,05:28:00,1130,1130,1129.6,1129.9,11177
2026-08-21T05:29:00+00:00,2026-08-21,05:29:00,1129.8,1130.8,1129.6,1130.7,12313
2026-08-21T05:30:00+00:00,2026-08-21,05:30:00,1130.6,1130.7,1130.1,1130.4,10330
2026-08-21T05:31:00+00:00,2026-08-21,05:31:00,1130.4,1131.5,1130.3,1131.2,9496
2026-08-21T05:32:00+00:00,2026-08-21,05:32:00,1131.4,1131.4,1130,1130.4,10217
2026-08-21T05:33:00+00:00,2026-08-21,05:33:00,1130.4,1130.4,1130,1130.4,10766
2026-08-21T05:34:00+00:00,2026-08-21,05:34:00,1130.4,1131.7,1130.3,1131.7,14281
2026-08-21T05:35:00+00:00,2026-08-21,05:35:00,1131.6,1131.7,1130.1,1131.6,19711
2026-08-21T05:36:00+00:00,2026-08-21,05:36:00,1131.6,1131.6,1130.6,1130.6,13084
2026-08-21T05:37:00+00:00,2026-08-21,05:37:00,1130.5,1130.5,1129.8,1130.3,16286
2026-08-21T05:38:00+00:00,2026-08-21,05:38:00,1130.2,1130.7,1130.2,1130.6,8509
2026-08-21T05:39:00+00:00,2026-08-21,05:39:00,1130.6,1131.1,1130.6,1130.6,18001
2026-08-21T05:40:00+00:00,2026-08-21,05:40:00,1130.6,1131.1,1130.3,1131,12598
2026-08-21T05:41:00+00:00,2026-08-21,05:41:00,1131,1131.4,1130.7,1131.4,8335
2026-08-21T05:42:00+00:00,2026-08-21,05:42:00,1131.3,1131.6,1131.1,1131.3,8615
2026-08-21T05:43:00+00:00,2026-08-21,05:43:00,1131.6,1132,1131.3,1131.9,8572
2026-08-21T05:44:00+00:00,2026-08-21,05:44:00,1131.8,1131.9,1131.5,1131.6,10911
2026-08-21T05:45:00+00:00,2026-08-21,05:45:00,1131.6,1131.9,1131.5,1131.9,10607
2026-08-21T05:46:00+00:00,2026-08-21,05:46:00,1131.9,1132.9,1131.8,1132.8,15538
2026-08-21T05:47:00+00:00,2026-08-21,05:47:00,1132.9,1133.2,1132.6,1133,31016
2026-08-21T05:48:00+00:00,2026-08-21,05:48:00,1132.6,1132.9,1132.3,1132.4,19832
2026-08-21T05:49:00+00:00,2026-08-21,05:49:00,1132.7,1132.7,1131.2,1131.5,10581
2026-08-21T05:50:00+00:00,2026-08-21,05:50:00,1131.5,1131.9,1131.4,1131.8,7917
2026-08-21T05:51:00+00:00,2026-08-21,05:51:00,1131.8,1132.3,1131.8,1132,10036
2026-08-21T05:52:00+00:00,2026-08-21,05:52:00,1132.1,1132.1,1131.1,1131.1,14793
2026-08-21T05:53:00+00:00,2026-08-21,05:53:00,1131.2,1131.7,1131.1,1131.4,11541
2026-08-21T05:54:00+00:00,2026-08-21,05:54:00,1131.5,1132.1,1131.5,1132.1,10370
2026-08-21T05:55:00+00:00,2026-08-21,05:55:00,1132.1,1132.1,1130.5,1130.5,16744
2026-08-21T05:56:00+00:00,2026-08-21,05:56:00,1130.6,1130.8,1130.5,1130.5,10133
2026-08-21T05:57:00+00:00,2026-08-21,05:57:00,1130.6,1130.9,1130.5,1130.6,9138
2026-08-21T05:58:00+00:00,2026-08-21,05:58:00,1130.6,1130.9,1130.6,1130.9,9759
2026-08-21T05:59:00+00:00,2026-08-21,05:59:00,1130.6,1130.9,1129.9,1129.9,16013
2026-08-21T06:00:00+00:00,2026-08-21,06:00:00,1129.9,1130,1129.7,1129.8,10604
2026-08-21T06:01:00+00:00,2026-08-21,06:01:00,1129.8,1129.8,1129.6,1129.7,11301
2026-08-21T06:02:00+00:00,2026-08-21,06:02:00,1129.6,1129.7,1129.3,1129.5,14273
2026-08-21T06:03:00+00:00,2026-08-21,06:03:00,1129.7,1130.5,1129.7,1130.4,15666
2026-08-21T06:04:00+00:00,2026-08-21,06:04:00,1130.5,1131.9,1130.3,1130.7,79624
2026-08-21T06:05:00+00:00,2026-08-21,06:05:00,1130.7,1131,1130.2,1131,12232
2026-08-21T06:06:00+00:00,2026-08-21,06:06:00,1131,1131,1130,1130.2,14320
2026-08-21T06:07:00+00:00,2026-08-21,06:07:00,1130.4,1131,1130.2,1130.8,10811
2026-08-21T06:08:00+00:00,2026-08-21,06:08:00,1131,1131.6,1131,1131.3,17574
2026-08-21T06:09:00+00:00,2026-08-21,06:09:00,1131.3,1131.6,1130.4,1130.8,17183
2026-08-21T06:10:00+00:00,2026-08-21,06:10:00,1130.8,1130.9,1130.4,1130.7,8404
2026-08-21T06:11:00+00:00,2026-08-21,06:11:00,1130.7,1130.9,1130.5,1130.6,10268
2026-08-21T06:12:00+00:00,2026-08-21,06:12:00,1130.6,1131.2,1130.5,1130.6,10566
2026-08-21T06:13:00+00:00,2026-08-21,06:13:00,1130.8,1131.2,1130.2,1130.2,16266
2026-08-21T06:14:00+00:00,2026-08-21,06:14:00,1130.2,1130.5,1130,1130.3,17160
2026-08-21T06:15:00+00:00,2026-08-21,06:15:00,1130.3,1130.6,1130.2,1130.5,10717
2026-08-21T06:16:00+00:00,2026-08-21,06:16:00,1130.5,1131.2,1130.3,1131.1,10494
2026-08-21T06:17:00+00:00,2026-08-21,06:17:00,1131.1,1131.6,1130.9,1131.4,8305
2026-08-21T06:18:00+00:00,2026-08-21,06:18:00,1131.2,1131.4,1131.2,1131.3,10684
2026-08-21T06:19:00+00:00,2026-08-21,06:19:00,1131.3,1132.5,1131.3,1132.4,12304
2026-08-21T06:20:00+00:00,2026-08-21,06:20:00,1132.4,1132.4,1132,1132.2,14040
2026-08-21T06:21:00+00:00,2026-08-21,06:21:00,1132.1,1132.8,1132,1132.5,10687
2026-08-21T06:22:00+00:00,2026-08-21,06:22:00,1132.8,1133,1132.6,1132.7,15103
2026-08-21T06:23:00+00:00,2026-08-21,06:23:00,1132.8,1133,1132.7,1132.8,10562
2026-08-21T06:24:00+00:00,2026-08-21,06:24:00,1132.8,1133.1,1132.4,1132.4,19154
2026-08-21T06:25:00+00:00,2026-08-21,06:25:00,1132.3,1132.7,1132.3,1132.6,7483
2026-08-21T06:26:00+00:00,2026-08-21,06:26:00,1132.9,1132.9,1132,1132.3,10945
2026-08-21T06:27:00+00:00,2026-08-21,06:27:00,1132.4,1132.7,1132,1132.3,8730
2026-08-21T06:28:00+00:00,2026-08-21,06:28:00,1132.3,1132.7,1132.2,1132.2,13110
2026-08-21T06:29:00+00:00,2026-08-21,06:29:00,1132.3,1132.3,1131.6,1131.7,6539
2026-08-21T06:30:00+00:00,2026-08-21,06:30:00,1131.7,1132,1131.7,1131.9,20089
2026-08-21T06:31:00+00:00,2026-08-21,06:31:00,1132,1132.6,1131.9,1132.6,35710
2026-08-21T06:32:00+00:00,2026-08-21,06:32:00,1132.4,1132.4,1132,1132,10577
2026-08-21T06:33:00+00:00,2026-08-21,06:33:00,1132,1132.1,1132,1132,6214
2026-08-21T06:34:00+00:00,2026-08-21,06:34:00,1132.1,1132.1,1132,1132,7321
2026-08-21T06:35:00+00:00,2026-08-21,06:35:00,1132.1,1132.6,1132,1132.1,8108
2026-08-21T06:36:00+00:00,2026-08-21,06:36:00,1132.4,1132.4,1132,1132,7188
2026-08-21T06:37:00+00:00,2026-08-21,06:37:00,1132,1132.5,1132,1132.3,9747
2026-08-21T06:38:00+00:00,2026-08-21,06:38:00,1132,1132.3,1132,1132,9519
2026-08-21T06:39:00+00:00,2026-08-21,06:39:00,1132.1,1132.1,1132,1132,8272
2026-08-21T06:40:00+00:00,2026-08-21,06:40:00,1132.1,1132.5,1132,1132.4,9937
2026-08-21T06:41:00+00:00,2026-08-21,06:41:00,1132.4,1132.6,1132.3,1132.3,6215
2026-08-21T06:42:00+00:00,2026-08-21,06:42:00,1132.6,1132.6,1132.3,1132.3,8240
2026-08-21T06:43:00+00:00,2026-08-21,06:43:00,1132.3,1132.4,1131.1,1131.4,22492
2026-08-21T06:44:00+00:00,2026-08-21,06:44:00,1131.8,1131.8,1131.4,1131.5,6487
2026-08-21T06:45:00+00:00,2026-08-21,06:45:00,1131.5,1131.8,1131.4,1131.4,9335
2026-08-21T06:46:00+00:00,2026-08-21,06:46:00,1131.5,1131.5,1131.3,1131.3,11497
2026-08-21T06:47:00+00:00,2026-08-21,06:47:00,1131.3,1131.4,1131.2,1131.2,6503
2026-08-21T06:48:00+00:00,2026-08-21,06:48:00,1131.2,1132.2,1131.2,1132.2,16306
2026-08-21T06:49:00+00:00,2026-08-21,06:49:00,1131.8,1131.8,1131.5,1131.6,8203
2026-08-21T06:50:00+00:00,2026-08-21,06:50:00,1131.5,1132.4,1131.5,1132.1,10146
2026-08-21T06:51:00+00:00,2026-08-21,06:51:00,1132.1,1132.4,1132.1,1132.4,8481
2026-08-21T06:52:00+00:00,2026-08-21,06:52:00,1132.3,1132.4,1132.2,1132.2,9479
2026-08-21T06:53:00+00:00,2026-08-21,06:53:00,1132.3,1132.3,1132.2,1132.3,7859
2026-08-21T06:54:00+00:00,2026-08-21,06:54:00,1132.2,1132.3,1132.1,1132.1,6924
2026-08-21T06:55:00+00:00,2026-08-21,06:55:00,1132.1,1132.8,1132.1,1132.5,20660
2026-08-21T06:56:00+00:00,2026-08-21,06:56:00,1132.6,1132.6,1131.5,1131.9,17836
2026-08-21T06:57:00+00:00,2026-08-21,06:57:00,1131.9,1132.3,1131.9,1131.9,8497
2026-08-21T06:58:00+00:00,2026-08-21,06:58:00,1132,1132,1130.7,1130.8,11936
2026-08-21T06:59:00+00:00,2026-08-21,06:59:00,1130.7,1130.8,1130.6,1130.6,9737
2026-08-21T07:00:00+00:00,2026-08-21,07:00:00,1130.7,1130.9,1130.6,1130.8,11454
2026-08-21T07:01:00+00:00,2026-08-21,07:01:00,1130.8,1131.2,1130.8,1131,7889
2026-08-21T07:02:00+00:00,2026-08-21,07:02:00,1131,1131.7,1131,1131.5,7506
2026-08-21T07:03:00+00:00,2026-08-21,07:03:00,1131.5,1131.7,1131.1,1131.4,8593
2026-08-21T07:04:00+00:00,2026-08-21,07:04:00,1131.3,1131.5,1131.3,1131.4,9176
2026-08-21T07:05:00+00:00,2026-08-21,07:05:00,1131.4,1131.9,1131.4,1131.9,8071
2026-08-21T07:06:00+00:00,2026-08-21,07:06:00,1131.6,1131.8,1131.5,1131.6,7955
2026-08-21T07:07:00+00:00,2026-08-21,07:07:00,1131.6,1131.9,1131.6,1131.7,8379
2026-08-21T07:08:00+00:00,2026-08-21,07:08:00,1131.7,1132.4,1131.7,1131.9,8677
2026-08-21T07:09:00+00:00,2026-08-21,07:09:00,1132.3,1132.5,1131.6,1131.6,14857
2026-08-21T07:10:00+00:00,2026-08-21,07:10:00,1131.9,1132,1131.5,1131.8,7777
2026-08-21T07:11:00+00:00,2026-08-21,07:11:00,1131.9,1131.9,1131,1131,11094
2026-08-21T07:12:00+00:00,2026-08-21,07:12:00,1131,1131.3,1130.7,1130.8,7343
2026-08-21T07:13:00+00:00,2026-08-21,07:13:00,1130.8,1131.3,1130.8,1130.8,11945
2026-08-21T07:14:00+00:00,2026-08-21,07:14:00,1130.8,1130.9,1130.6,1130.6,6314
2026-08-21T07:15:00+00:00,2026-08-21,07:15:00,1130.6,1130.9,1130.6,1130.8,10199
2026-08-21T07:16:00+00:00,2026-08-21,07:16:00,1131,1131,1130.1,1130.1,13064
2026-08-21T07:17:00+00:00,2026-08-21,07:17:00,1130.1,1130.2,1129.5,1129.5,10394
2026-08-21T07:18:00+00:00,2026-08-21,07:18:00,1129.5,1129.7,1129.5,1129.7,8278
2026-08-21T07:19:00+00:00,2026-08-21,07:19:00,1129.6,1130,1128.8,1129,20308
2026-08-21T07:20:00+00:00,2026-08-21,07:20:00,1129,1129.3,1128.9,1128.9,7687
2026-08-21T07:21:00+00:00,2026-08-21,07:21:00,1128.9,1129.2,1128.9,1128.9,11150
2026-08-21T07:22:00+00:00,2026-08-21,07:22:00,1128.9,1129.3,1128.6,1128.9,13267
2026-08-21T07:23:00+00:00,2026-08-21,07:23:00,1128.9,1129.5,1128.8,1129.2,6060
2026-08-21T07:24:00+00:00,2026-08-21,07:24:00,1129.2,1129.9,1129.2,1129.5,13150
2026-08-21T07:25:00+00:00,2026-08-21,07:25:00,1129.4,1129.5,1129.3,1129.3,6737
2026-08-21T07:26:00+00:00,2026-08-21,07:26:00,1129.4,1129.8,1129.3,1129.3,10985
2026-08-21T07:27:00+00:00,2026-08-21,07:27:00,1129.3,1129.4,1129.1,1129.1,4933
2026-08-21T07:28:00+00:00,2026-08-21,07:28:00,1129.1,1129.6,1128.8,1128.9,13744
2026-08-21T07:29:00+00:00,2026-08-21,07:29:00,1128.9,1129.8,1128.9,1129.5,8874
2026-08-21T07:30:00+00:00,2026-08-21,07:30:00,1129.5,1129.7,1128.4,1128.4,25738
2026-08-21T07:31:00+00:00,2026-08-21,07:31:00,1128.5,1128.8,1128,1128,16916
2026-08-21T07:32:00+00:00,2026-08-21,07:32:00,1128,1128.3,1127.8,1127.9,8720
2026-08-21T07:33:00+00:00,2026-08-21,07:33:00,1127.8,1128.7,1127.2,1128.3,15793
2026-08-21T07:34:00+00:00,2026-08-21,07:34:00,1128.3,1128.9,1128.3,1128.5,8057
2026-08-21T07:35:00+00:00,2026-08-21,07:35:00,1128.5,1128.8,1128.5,1128.6,9673
2026-08-21T07:36:00+00:00,2026-08-21,07:36:00,1128.8,1129.3,1128.6,1129,17814
2026-08-21T07:37:00+00:00,2026-08-21,07:37:00,1128.9,1129,1128.6,1128.6,8808
2026-08-21T07:38:00+00:00,2026-08-21,07:38:00,1128.6,1129,1128.6,1128.7,8933
2026-08-21T07:39:00+00:00,2026-08-21,07:39:00,1128.6,1129.1,1128.6,1129.1,4800
2026-08-21T07:40:00+00:00,2026-08-21,07:40:00,1129.1,1129.2,1128.7,1128.7,10523
2026-08-21T07:41:00+00:00,2026-08-21,07:41:00,1128.6,1129.4,1128.6,1129.2,9657
2026-08-21T07:42:00+00:00,2026-08-21,07:42:00,1129.2,1129.3,1128.5,1128.5,8448
2026-08-21T07:43:00+00:00,2026-08-21,07:43:00,1128.5,1129.2,1128.5,1129,8285
2026-08-21T07:44:00+00:00,2026-08-21,07:44:00,1128.7,1129.4,1128.7,1129.1,10130
2026-08-21T07:45:00+00:00,2026-08-21,07:45:00,1129,1129.5,1128.8,1128.9,7555
2026-08-21T07:46:00+00:00,2026-08-21,07:46:00,1129.1,1130,1129.1,1129.8,11579
2026-08-21T07:47:00+00:00,2026-08-21,07:47:00,1129.6,1130.8,1129.6,1130.4,21407
2026-08-21T07:48:00+00:00,2026-08-21,07:48:00,1130.3,1130.5,1130.1,1130.1,7694
2026-08-21T07:49:00+00:00,2026-08-21,07:49:00,1130.1,1130.2,1129.9,1129.9,6450
2026-08-21T07:50:00+00:00,2026-08-21,07:50:00,1129.9,1130,1129.3,1129.7,9269
2026-08-21T07:51:00+00:00,2026-08-21,07:51:00,1130,1130,1129.2,1129.2,9734
2026-08-21T07:52:00+00:00,2026-08-21,07:52:00,1129.2,1129.3,1128.9,1129,7304
2026-08-21T07:53:00+00:00,2026-08-21,07:53:00,1128.9,1129,1128.6,1128.8,8481
2026-08-21T07:54:00+00:00,2026-08-21,07:54:00,1128.7,1129.4,1128.4,1128.7,9584
2026-08-21T07:55:00+00:00,2026-08-21,07:55:00,1128.6,1128.8,1128.5,1128.8,11857
2026-08-21T07:56:00+00:00,2026-08-21,07:56:00,1128.5,1129.1,1128.5,1129,6586
2026-08-21T07:57:00+00:00,2026-08-21,07:57:00,1129,1129,1128.7,1128.9,7715
2026-08-21T07:58:00+00:00,2026-08-21,07:58:00,1128.8,1128.9,1128.5,1128.7,7147
2026-08-21T07:59:00+00:00,2026-08-21,07:59:00,1128.6,1129.1,1128.5,1128.6,17924
2026-08-21T08:00:00+00:00,2026-08-21,08:00:00,1128.9,1128.9,1128.6,1128.8,6736
2026-08-21T08:01:00+00:00,2026-08-21,08:01:00,1128.8,1128.8,1127.7,1128,12812
2026-08-21T08:02:00+00:00,2026-08-21,08:02:00,1127.6,1128,1127.5,1127.7,6620
2026-08-21T08:03:00+00:00,2026-08-21,08:03:00,1127.7,1127.7,1127.2,1127.3,11239
2026-08-21T08:04:00+00:00,2026-08-21,08:04:00,1127.3,1127.4,1127.2,1127.3,15518
2026-08-21T08:05:00+00:00,2026-08-21,08:05:00,1127.3,1127.4,1127.2,1127.3,9336
2026-08-21T08:06:00+00:00,2026-08-21,08:06:00,1127.4,1127.4,1126.4,1126.7,23017
2026-08-21T08:07:00+00:00,2026-08-21,08:07:00,1126.7,1126.8,1126.5,1126.7,7544
2026-08-21T08:08:00+00:00,2026-08-21,08:08:00,1126.6,1126.9,1126.6,1126.9,8303
2026-08-21T08:09:00+00:00,2026-08-21,08:09:00,1126.9,1127,1126.8,1127,8925
2026-08-21T08:10:00+00:00,2026-08-21,08:10:00,1126.9,1127.3,1126.9,1127.2,7792
2026-08-21T08:11:00+00:00,2026-08-21,08:11:00,1127.3,1127.3,1126.6,1127,13413
2026-08-21T08:12:00+00:00,2026-08-21,08:12:00,1126.8,1127.6,1126.8,1127.3,8239
2026-08-21T08:13:00+00:00,2026-08-21,08:13:00,1127.6,1127.9,1127.3,1127.4,9952
2026-08-21T08:14:00+00:00,2026-08-21,08:14:00,1127.4,1127.5,1127.3,1127.5,6639
2026-08-21T08:15:00+00:00,2026-08-21,08:15:00,1127.3,1127.8,1127.3,1127.6,8881
2026-08-21T08:16:00+00:00,2026-08-21,08:16:00,1127.8,1127.9,1127.3,1127.5,8471
2026-08-21T08:17:00+00:00,2026-08-21,08:17:00,1127.5,1127.8,1127.3,1127.6,13930
2026-08-21T08:18:00+00:00,2026-08-21,08:18:00,1127.5,1127.9,1127.4,1127.7,8082
2026-08-21T08:19:00+00:00,2026-08-21,08:19:00,1127.7,1127.7,1127.3,1127.3,8144
2026-08-21T08:20:00+00:00,2026-08-21,08:20:00,1127.2,1127.5,1127,1127.3,7010
2026-08-21T08:21:00+00:00,2026-08-21,08:21:00,1127.5,1127.6,1126.7,1127.1,16855
2026-08-21T08:22:00+00:00,2026-08-21,08:22:00,1127.1,1127.6,1127,1127,6707
2026-08-21T08:23:00+00:00,2026-08-21,08:23:00,1127,1127.5,1126.9,1126.9,11406
2026-08-21T08:24:00+00:00,2026-08-21,08:24:00,1126.9,1127.9,1126.9,1127.6,6395
2026-08-21T08:25:00+00:00,2026-08-21,08:25:00,1127.6,1128,1127.6,1127.6,9251
2026-08-21T08:26:00+00:00,2026-08-21,08:26:00,1127.8,1127.8,1127.1,1127.3,9342
2026-08-21T08:27:00+00:00,2026-08-21,08:27:00,1127.3,1128,1126.9,1127.2,20724
2026-08-21T08:28:00+00:00,2026-08-21,08:28:00,1127,1127.2,1126,1126.3,21659
2026-08-21T08:29:00+00:00,2026-08-21,08:29:00,1126.1,1127.2,1126.1,1126.6,11102
2026-08-21T08:30:00+00:00,2026-08-21,08:30:00,1126.5,1126.6,1126,1126,9635
2026-08-21T08:31:00+00:00,2026-08-21,08:31:00,1126,1126.2,1125.3,1125.7,15488
2026-08-21T08:32:00+00:00,2026-08-21,08:32:00,1125.7,1125.8,1124.6,1124.9,25383
2026-08-21T08:33:00+00:00,2026-08-21,08:33:00,1124.8,1125.4,1124.7,1125.1,13945
2026-08-21T08:34:00+00:00,2026-08-21,08:34:00,1125,1125.4,1124.9,1125,11003
2026-08-21T08:35:00+00:00,2026-08-21,08:35:00,1125,1125.3,1124.3,1124.6,13446
2026-08-21T08:36:00+00:00,2026-08-21,08:36:00,1124.5,1125.7,1124.5,1125.5,8572
2026-08-21T08:37:00+00:00,2026-08-21,08:37:00,1125.2,1125.8,1125.2,1125.7,7320
2026-08-21T08:38:00+00:00,2026-08-21,08:38:00,1125.4,1125.7,1125.1,1125.3,10504
2026-08-21T08:39:00+00:00,2026-08-21,08:39:00,1125.2,1125.8,1125.2,1125.7,6853
2026-08-21T08:40:00+00:00,2026-08-21,08:40:00,1125.4,1126,1125.1,1125.3,10334
2026-08-21T08:41:00+00:00,2026-08-21,08:41:00,1125.4,1125.8,1125.2,1125.3,9735
2026-08-21T08:42:00+00:00,2026-08-21,08:42:00,1125.2,1125.5,1125.2,1125.4,7102
2026-08-21T08:43:00+00:00,2026-08-21,08:43:00,1125.2,1125.7,1125.2,1125.5,8176
2026-08-21T08:44:00+00:00,2026-08-21,08:44:00,1125.5,1125.5,1125,1125,10007
2026-08-21T08:45:00+00:00,2026-08-21,08:45:00,1125,1125.1,1124.9,1125,7761
2026-08-21T08:46:00+00:00,2026-08-21,08:46:00,1124.9,1125.1,1124.9,1124.9,11341
2026-08-21T08:47:00+00:00,2026-08-21,08:47:00,1124.9,1125.4,1124.9,1125.4,20536
2026-08-21T08:48:00+00:00,2026-08-21,08:48:00,1125.3,1125.7,1124.9,1125,12534
2026-08-21T08:49:00+00:00,2026-08-21,08:49:00,1124.9,1124.9,1124.1,1124.5,8500
2026-08-21T08:50:00+00:00,2026-08-21,08:50:00,1124.3,1124.5,1124,1124.1,14915
2026-08-21T08:51:00+00:00,2026-08-21,08:51:00,1124,1124.6,1124,1124.4,9372
2026-08-21T08:52:00+00:00,2026-08-21,08:52:00,1124.4,1125.1,1124.4,1124.7,8378
2026-08-21T08:53:00+00:00,2026-08-21,08:53:00,1124.7,1125,1124.4,1124.6,9896
2026-08-21T08:54:00+00:00,2026-08-21,08:54:00,1124.6,1124.6,1124.4,1124.5,11144
2026-08-21T08:55:00+00:00,2026-08-21,08:55:00,1124.4,1124.5,1124.1,1124.4,9690
2026-08-21T08:56:00+00:00,2026-08-21,08:56:00,1124.4,1124.4,1124.1,1124.1,8858
2026-08-21T08:57:00+00:00,2026-08-21,08:57:00,1124.1,1124.2,1123.6,1123.7,19779
2026-08-21T08:58:00+00:00,2026-08-21,08:58:00,1123.7,1123.7,1122.3,1122.8,42531
2026-08-21T08:59:00+00:00,2026-08-21,08:59:00,1122.9,1123,1122.7,1122.8,11958
2026-08-21T09:00:00+00:00,2026-08-21,09:00:00,1122.7,1122.8,1122.2,1122.2,10921
2026-08-21T09:01:00+00:00,2026-08-21,09:01:00,1122.2,1122.7,1122.1,1122.2,13529
2026-08-21T09:02:00+00:00,2026-08-21,09:02:00,1122.1,1122.6,1122.1,1122.2,11049
2026-08-21T09:03:00+00:00,2026-08-21,09:03:00,1122.3,1122.3,1122,1122.1,12464
2026-08-21T09:04:00+00:00,2026-08-21,09:04:00,1122,1122.2,1122,1122,12148
2026-08-21T09:05:00+00:00,2026-08-21,09:05:00,1122,1122.1,1121.4,1122.1,16321
2026-08-21T09:06:00+00:00,2026-08-21,09:06:00,1122.1,1122.8,1122,1122.5,20923
2026-08-21T09:07:00+00:00,2026-08-21,09:07:00,1122.4,1122.4,1122.1,1122.1,10486
2026-08-21T09:08:00+00:00,2026-08-21,09:08:00,1122.1,1122.2,1121.6,1122,8786
2026-08-21T09:09:00+00:00,2026-08-21,09:09:00,1122.1,1122.7,1121.8,1122.1,9609
2026-08-21T09:10:00+00:00,2026-08-21,09:10:00,1121.7,1122.3,1121.4,1121.7,10417
2026-08-21T09:11:00+00:00,2026-08-21,09:11:00,1121.8,1121.8,1121,1121.4,14354
2026-08-21T09:12:00+00:00,2026-08-21,09:12:00,1121.3,1121.4,1120.3,1120.3,18473
2026-08-21T09:13:00+00:00,2026-08-21,09:13:00,1120.4,1120.8,1120.3,1120.7,14048
2026-08-21T09:14:00+00:00,2026-08-21,09:14:00,1120.8,1121.1,1120,1120.8,32697
2026-08-21T09:15:00+00:00,2026-08-21,09:15:00,1120.7,1121.5,1120.5,1121.2,19305
2026-08-21T09:16:00+00:00,2026-08-21,09:16:00,1121.1,1121.5,1120.7,1120.8,16626
2026-08-21T09:17:00+00:00,2026-08-21,09:17:00,1120.7,1121,1120.6,1120.9,13108
2026-08-21T09:18:00+00:00,2026-08-21,09:18:00,1120.6,1120.9,1120.6,1120.8,7001
2026-08-21T09:19:00+00:00,2026-08-21,09:19:00,1120.7,1120.8,1120.4,1120.7,7610
2026-08-21T09:20:00+00:00,2026-08-21,09:20:00,1120.7,1120.7,1119.8,1119.8,35287
2026-08-21T09:21:00+00:00,2026-08-21,09:21:00,1120,1121,1119.8,1120.6,83978
2026-08-21T09:22:00+00:00,2026-08-21,09:22:00,1120.6,1120.8,1120.3,1120.5,8656
2026-08-21T09:23:00+00:00,2026-08-21,09:23:00,1120.3,1120.5,1120,1120.3,10472
2026-08-21T09:24:00+00:00,2026-08-21,09:24:00,1120.2,1120.4,1120.1,1120.1,6724
2026-08-21T09:25:00+00:00,2026-08-21,09:25:00,1120.2,1120.4,1120.1,1120.4,7019
2026-08-21T09:26:00+00:00,2026-08-21,09:26:00,1120.2,1120.4,1120.1,1120.3,4481
2026-08-21T09:27:00+00:00,2026-08-21,09:27:00,1120.1,1120.2,1120,1120.1,11694
2026-08-21T09:28:00+00:00,2026-08-21,09:28:00,1120,1120.2,1120,1120.2,10844
2026-08-21T09:29:00+00:00,2026-08-21,09:29:00,1120.2,1120.2,1119.6,1120,12416
2026-08-21T09:30:00+00:00,2026-08-21,09:30:00,1120,1120.2,1119.7,1120,14528
2026-08-21T09:31:00+00:00,2026-08-21,09:31:00,1120,1120.2,1119.5,1120.1,17672
2026-08-21T09:32:00+00:00,2026-08-21,09:32:00,1120.2,1120.5,1119.9,1119.9,16642
2026-08-21T09:33:00+00:00,2026-08-21,09:33:00,1120,1120.4,1119.7,1119.9,11122
2026-08-21T09:34:00+00:00,2026-08-21,09:34:00,1119.9,1120.1,1119.9,1120,12571
2026-08-21T09:35:00+00:00,2026-08-21,09:35:00,1120,1120.1,1119.5,1120,39859
2026-08-21T09:36:00+00:00,2026-08-21,09:36:00,1120,1120.6,1120,1120.5,10086
2026-08-21T09:37:00+00:00,2026-08-21,09:37:00,1120.6,1120.6,1120.2,1120.5,19756
2026-08-21T09:38:00+00:00,2026-08-21,09:38:00,1120.1,1120.4,1119.9,1119.9,11677
2026-08-21T09:39:00+00:00,2026-08-21,09:39:00,1119.9,1120.3,1118.7,1118.7,384439
2026-08-21T09:40:00+00:00,2026-08-21,09:40:00,1118.7,1119.6,1118.4,1119,38366
2026-08-21T09:41:00+00:00,2026-08-21,09:41:00,1119,1119,1118.7,1119,36305
2026-08-21T09:42:00+00:00,2026-08-21,09:42:00,1118.9,1119,1118.7,1118.7,63006
2026-08-21T09:43:00+00:00,2026-08-21,09:43:00,1118.9,1119,1118.8,1119,55438
2026-08-21T09:44:00+00:00,2026-08-21,09:44:00,1118.9,1119,1118.7,1119,95697
2026-08-21T09:45:00+00:00,2026-08-21,09:45:00,1118.9,1119,1118.7,1119,95697
2026-08-21T09:46:00+00:00,2026-08-21,09:46:00,1118.9,1119,1118.7,1119,95697
2026-08-21T09:47:00+00:00,2026-08-21,09:47:00,1118.9,1119,1118.7,1119,95697
2026-08-21T09:48:00+00:00,2026-08-21,09:48:00,1118.9,1119,1118.7,1119,95697
2026-08-21T09:49:00+00:00,2026-08-21,09:49:00,1118.9,1119,1118.7,1119,95697
2026-08-21T09:50:00+00:00,2026-08-21,09:50:00,1118.9,1119,1118.7,1119,95697
2026-08-21T09:51:00+00:00,2026-08-21,09:51:00,1118.9,1119,1118.7,1119,95697
2026-08-21T09:52:00+00:00,2026-08-21,09:52:00,1118.9,1119,1118.7,1119,95697
2026-08-21T09:53:00+00:00,2026-08-21,09:53:00,1118.9,1119,1118.7,1119,95697
2026-08-21T09:54:00+00:00,2026-08-21,09:54:00,1118.9,1119,1118.7,1119,95697
2026-08-21T09:55:00+00:00,2026-08-21,09:55:00,1118.9,1119,1118.7,1119,95697
2026-08-21T09:56:00+00:00,2026-08-21,09:56:00,1118.9,1119,1118.7,1119,95697
2026-08-21T09:57:00+00:00,2026-08-21,09:57:00,1118.9,1119,1118.7,1119,95697
2026-08-21T09:58:00+00:00,2026-08-21,09:58:00,1118.9,1119,1118.7,1119,95697
2026-08-21T09:59:00+00:00,2026-08-21,09:59:00,1121,1121,1121,1121,0
2026-08-21T10:00:00+00:00,2026-08-21,10:00:00,1121,1121,1121,1121,0
2026-08-24T03:45:00+00:00,2026-08-24,03:45:00,1124.5,1131,1122.6,1128.7,63139
2026-08-24T03:46:00+00:00,2026-08-24,03:46:00,1128.9,1130.9,1128.9,1130.9,59699
2026-08-24T03:47:00+00:00,2026-08-24,03:47:00,1131.3,1136.3,1131.1,1136,80378
2026-08-24T03:48:00+00:00,2026-08-24,03:48:00,1136,1139.6,1135.9,1138.5,56341
2026-08-24T03:49:00+00:00,2026-08-24,03:49:00,1138.1,1139.9,1137.6,1139.9,34157
2026-08-24T03:50:00+00:00,2026-08-24,03:50:00,1139.7,1141.8,1139.4,1141,74809
2026-08-24T03:51:00+00:00,2026-08-24,03:51:00,1141.1,1142.3,1140.6,1140.8,41458
2026-08-24T03:52:00+00:00,2026-08-24,03:52:00,1141,1142.4,1141,1141.7,36037
2026-08-24T03:53:00+00:00,2026-08-24,03:53:00,1141.9,1144.4,1141.8,1143.8,58863
2026-08-24T03:54:00+00:00,2026-08-24,03:54:00,1143.9,1144.5,1141.5,1142.3,48127
2026-08-24T03:55:00+00:00,2026-08-24,03:55:00,1142.5,1143.4,1142.1,1142.1,42076
2026-08-24T03:56:00+00:00,2026-08-24,03:56:00,1142.6,1142.6,1140.1,1141,41928
2026-08-24T03:57:00+00:00,2026-08-24,03:57:00,1141.3,1141.8,1139.3,1139.8,39410
2026-08-24T03:58:00+00:00,2026-08-24,03:58:00,1139.3,1139.3,1137.6,1138.4,28643
2026-08-24T03:59:00+00:00,2026-08-24,03:59:00,1138.7,1140.5,1138.5,1139.9,17849
2026-08-24T04:00:00+00:00,2026-08-24,04:00:00,1140.3,1143,1140.3,1143,55882
2026-08-24T04:01:00+00:00,2026-08-24,04:01:00,1142.6,1143.4,1139.4,1140,35796
2026-08-24T04:02:00+00:00,2026-08-24,04:02:00,1139.9,1141.6,1139.5,1141.1,23503
2026-08-24T04:03:00+00:00,2026-08-24,04:03:00,1140.6,1141.5,1138.9,1139,27340
2026-08-24T04:04:00+00:00,2026-08-24,04:04:00,1139.5,1140,1137,1137.9,39712
2026-08-24T04:05:00+00:00,2026-08-24,04:05:00,1137.6,1138.3,1137.5,1138,7363
2026-08-24T04:06:00+00:00,2026-08-24,04:06:00,1138.1,1138.2,1137.1,1137.9,14178
2026-08-24T04:07:00+00:00,2026-08-24,04:07:00,1138,1138.4,1137.6,1138.1,8726
2026-08-24T04:08:00+00:00,2026-08-24,04:08:00,1138,1138,1137.2,1137.4,7904
2026-08-24T04:09:00+00:00,2026-08-24,04:09:00,1137.7,1139.4,1137.4,1138.2,31384
2026-08-24T04:10:00+00:00,2026-08-24,04:10:00,1138.2,1139.4,1138.2,1138.9,7405
2026-08-24T04:11:00+00:00,2026-08-24,04:11:00,1138.9,1139,1138,1138,12024
2026-08-24T04:12:00+00:00,2026-08-24,04:12:00,1138,1139.4,1138,1139.1,9373
2026-08-24T04:13:00+00:00,2026-08-24,04:13:00,1139.1,1139.2,1138.4,1138.5,8856
2026-08-24T04:14:00+00:00,2026-08-24,04:14:00,1138.9,1139,1138.5,1138.8,4210
2026-08-24T04:15:00+00:00,2026-08-24,04:15:00,1138.6,1138.9,1137,1137,25359
2026-08-24T04:16:00+00:00,2026-08-24,04:16:00,1137,1137.4,1136,1136,21617
2026-08-24T04:17:00+00:00,2026-08-24,04:17:00,1136.1,1136.8,1136,1136.6,16986
2026-08-24T04:18:00+00:00,2026-08-24,04:18:00,1136.3,1136.8,1135.6,1135.7,12326
2026-08-24T04:19:00+00:00,2026-08-24,04:19:00,1135.6,1135.9,1135,1135.2,21341
2026-08-24T04:20:00+00:00,2026-08-24,04:20:00,1135.7,1136,1135,1135,15926
2026-08-24T04:21:00+00:00,2026-08-24,04:21:00,1135.6,1136.6,1135.1,1136.6,10775
2026-08-24T04:22:00+00:00,2026-08-24,04:22:00,1136.5,1136.9,1135.7,1135.7,27583
2026-08-24T04:23:00+00:00,2026-08-24,04:23:00,1135.5,1136.4,1135.5,1136.1,10706
2026-08-24T04:24:00+00:00,2026-08-24,04:24:00,1136.5,1136.7,1136,1136.4,10564
2026-08-24T04:25:00+00:00,2026-08-24,04:25:00,1136.1,1137.2,1136.1,1137.2,12932
2026-08-24T04:26:00+00:00,2026-08-24,04:26:00,1137.2,1137.9,1136,1136.7,23659
2026-08-24T04:27:00+00:00,2026-08-24,04:27:00,1136.8,1137,1136,1136.2,19247
2026-08-24T04:28:00+00:00,2026-08-24,04:28:00,1136,1136.7,1136,1136.2,6322
2026-08-24T04:29:00+00:00,2026-08-24,04:29:00,1136.4,1136.7,1136.1,1136.3,7856
2026-08-24T04:30:00+00:00,2026-08-24,04:30:00,1136.2,1137,1136.2,1136.4,6171
2026-08-24T04:31:00+00:00,2026-08-24,04:31:00,1136.4,1136.9,1136.1,1136.5,7231
2026-08-24T04:32:00+00:00,2026-08-24,04:32:00,1136.5,1136.9,1136.3,1136.3,8111
2026-08-24T04:33:00+00:00,2026-08-24,04:33:00,1136.3,1136.7,1135.1,1135.1,13062
2026-08-24T04:34:00+00:00,2026-08-24,04:34:00,1135.5,1135.7,1134.8,1135.2,15222
2026-08-24T04:35:00+00:00,2026-08-24,04:35:00,1135.1,1135.7,1135.1,1135.5,8806
2026-08-24T04:36:00+00:00,2026-08-24,04:36:00,1135.5,1135.5,1134.6,1134.6,13390
2026-08-24T04:37:00+00:00,2026-08-24,04:37:00,1134.8,1135.4,1134.5,1134.5,7537
2026-08-24T04:38:00+00:00,2026-08-24,04:38:00,1135,1135,1133.3,1133.6,22580
2026-08-24T04:39:00+00:00,2026-08-24,04:39:00,1133.8,1134.9,1133.5,1133.8,15541
2026-08-24T04:40:00+00:00,2026-08-24,04:40:00,1133.9,1134.5,1133.8,1134.3,10854
2026-08-24T04:41:00+00:00,2026-08-24,04:41:00,1135,1135.4,1134.5,1135,11571
2026-08-24T04:42:00+00:00,2026-08-24,04:42:00,1135.4,1135.5,1134.7,1134.9,10899
2026-08-24T04:43:00+00:00,2026-08-24,04:43:00,1134.7,1135.4,1134.5,1135,8166
2026-08-24T04:44:00+00:00,2026-08-24,04:44:00,1135.5,1136,1135,1135.6,13843
2026-08-24T04:45:00+00:00,2026-08-24,04:45:00,1135.6,1136.1,1135.4,1135.4,13545
2026-08-24T04:46:00+00:00,2026-08-24,04:46:00,1135.6,1135.7,1134.3,1135,12413
2026-08-24T04:47:00+00:00,2026-08-24,04:47:00,1134.8,1135.7,1134.8,1135.1,15512
2026-08-24T04:48:00+00:00,2026-08-24,04:48:00,1135,1135.9,1134.9,1135,21447
2026-08-24T04:49:00+00:00,2026-08-24,04:49:00,1135.5,1135.6,1134.4,1134.4,15801
2026-08-24T04:50:00+00:00,2026-08-24,04:50:00,1134.7,1134.9,1133.7,1134.3,15291
2026-08-24T04:51:00+00:00,2026-08-24,04:51:00,1134.3,1135,1134.1,1134.5,10119
2026-08-24T04:52:00+00:00,2026-08-24,04:52:00,1135,1135.7,1134.6,1135.2,14601
2026-08-24T04:53:00+00:00,2026-08-24,04:53:00,1135.3,1135.9,1134.9,1135,11866
2026-08-24T04:54:00+00:00,2026-08-24,04:54:00,1135.1,1135.9,1135,1135.9,13494
2026-08-24T04:55:00+00:00,2026-08-24,04:55:00,1136.5,1137,1136,1136,12931
2026-08-24T04:56:00+00:00,2026-08-24,04:56:00,1136,1136.1,1135.2,1135.6,5180
2026-08-24T04:57:00+00:00,2026-08-24,04:57:00,1135.4,1136.6,1135.4,1136,10479
2026-08-24T04:58:00+00:00,2026-08-24,04:58:00,1136.5,1136.5,1135.5,1136.1,10788
2026-08-24T04:59:00+00:00,2026-08-24,04:59:00,1136.2,1137,1135.1,1135.1,22339
2026-08-24T05:00:00+00:00,2026-08-24,05:00:00,1135.1,1135.8,1134.6,1134.8,11375
2026-08-24T05:01:00+00:00,2026-08-24,05:01:00,1135.2,1135.4,1134.3,1134.7,10080
2026-08-24T05:02:00+00:00,2026-08-24,05:02:00,1134.7,1135.2,1134.5,1134.6,11561
2026-08-24T05:03:00+00:00,2026-08-24,05:03:00,1135,1135.3,1134.4,1135.3,11751
2026-08-24T05:04:00+00:00,2026-08-24,05:04:00,1134.6,1135.2,1134.4,1134.6,8772
2026-08-24T05:05:00+00:00,2026-08-24,05:05:00,1135,1135.7,1134.6,1135.4,13727
2026-08-24T05:06:00+00:00,2026-08-24,05:06:00,1135.8,1135.9,1135.2,1135.2,6730
2026-08-24T05:07:00+00:00,2026-08-24,05:07:00,1135.2,1136.8,1135.2,1136.5,9467
2026-08-24T05:08:00+00:00,2026-08-24,05:08:00,1136.5,1136.8,1136,1136,12937
2026-08-24T05:09:00+00:00,2026-08-24,05:09:00,1136.5,1136.5,1135.3,1135.8,8566
2026-08-24T05:10:00+00:00,2026-08-24,05:10:00,1135.8,1136.1,1135,1135.7,8177
2026-08-24T05:11:00+00:00,2026-08-24,05:11:00,1135.6,1135.8,1135.2,1135.2,5164
2026-08-24T05:12:00+00:00,2026-08-24,05:12:00,1135.2,1135.7,1135,1135.3,7832
2026-08-24T05:13:00+00:00,2026-08-24,05:13:00,1135.3,1136,1135.1,1135.9,9347
2026-08-24T05:14:00+00:00,2026-08-24,05:14:00,1136.5,1136.7,1135.9,1136.3,15969
2026-08-24T05:15:00+00:00,2026-08-24,05:15:00,1136.3,1136.4,1135.6,1135.8,7986
2026-08-24T05:16:00+00:00,2026-08-24,05:16:00,1135.2,1135.8,1135.2,1135.5,6834
2026-08-24T05:17:00+00:00,2026-08-24,05:17:00,1135.5,1135.9,1135.3,1135.6,8317
2026-08-24T05:18:00+00:00,2026-08-24,05:18:00,1135.4,1135.9,1135,1135.9,9939
2026-08-24T05:19:00+00:00,2026-08-24,05:19:00,1135.5,1136.4,1135.3,1135.8,7547
2026-08-24T05:20:00+00:00,2026-08-24,05:20:00,1136.2,1136.5,1135.8,1135.9,6250
2026-08-24T05:21:00+00:00,2026-08-24,05:21:00,1135.9,1136.4,1135.9,1135.9,5852
2026-08-24T05:22:00+00:00,2026-08-24,05:22:00,1135.9,1136.3,1135.6,1135.9,7581
2026-08-24T05:23:00+00:00,2026-08-24,05:23:00,1136.3,1136.6,1135.7,1135.9,6660
2026-08-24T05:24:00+00:00,2026-08-24,05:24:00,1136.2,1136.4,1135.7,1136.1,4703
2026-08-24T05:25:00+00:00,2026-08-24,05:25:00,1135.7,1136.5,1135.6,1135.8,9054
2026-08-24T05:26:00+00:00,2026-08-24,05:26:00,1135.7,1136.5,1135.7,1136,12706
2026-08-24T05:27:00+00:00,2026-08-24,05:27:00,1136,1136.2,1135.5,1136,6030
2026-08-24T05:28:00+00:00,2026-08-24,05:28:00,1135.8,1136.2,1135.1,1135.1,6701
2026-08-24T05:29:00+00:00,2026-08-24,05:29:00,1135,1135.6,1134,1134,15060
2026-08-24T05:30:00+00:00,2026-08-24,05:30:00,1134.3,1135,1134,1134.1,9326
2026-08-24T05:31:00+00:00,2026-08-24,05:31:00,1134.6,1135.2,1134.3,1134.7,8677
2026-08-24T05:32:00+00:00,2026-08-24,05:32:00,1135,1135.3,1134.4,1134.5,5848
2026-08-24T05:33:00+00:00,2026-08-24,05:33:00,1134.6,1134.8,1133.4,1133.4,11681
2026-08-24T05:34:00+00:00,2026-08-24,05:34:00,1133.4,1133.9,1132.3,1132.8,19745
2026-08-24T05:35:00+00:00,2026-08-24,05:35:00,1132.8,1133.3,1132.5,1132.8,10257
2026-08-24T05:36:00+00:00,2026-08-24,05:36:00,1132.8,1134.3,1132.6,1133.4,12583
2026-08-24T05:37:00+00:00,2026-08-24,05:37:00,1133.4,1134.4,1133.4,1133.8,12878
2026-08-24T05:38:00+00:00,2026-08-24,05:38:00,1133.9,1134.6,1133.6,1134,10189
2026-08-24T05:39:00+00:00,2026-08-24,05:39:00,1134,1134.6,1133.6,1134.3,9235
2026-08-24T05:40:00+00:00,2026-08-24,05:40:00,1134.1,1134.8,1134,1134.1,6889
2026-08-24T05:41:00+00:00,2026-08-24,05:41:00,1134.1,1134.7,1134,1134,7625
2026-08-24T05:42:00+00:00,2026-08-24,05:42:00,1134,1134.5,1133.1,1133.4,7715
2026-08-24T05:43:00+00:00,2026-08-24,05:43:00,1133.9,1134.1,1133.4,1133.8,7485
2026-08-24T05:44:00+00:00,2026-08-24,05:44:00,1133.7,1134.4,1133.5,1133.5,9006
2026-08-24T05:45:00+00:00,2026-08-24,05:45:00,1133.5,1134.2,1133.5,1133.5,9058
2026-08-24T05:46:00+00:00,2026-08-24,05:46:00,1134.1,1138,1133.5,1137.5,55887
2026-08-24T05:47:00+00:00,2026-08-24,05:47:00,1137.6,1138,1137.2,1137.6,30930
2026-08-24T05:48:00+00:00,2026-08-24,05:48:00,1137.6,1138.6,1137.3,1138,25845
2026-08-24T05:49:00+00:00,2026-08-24,05:49:00,1138.1,1138.1,1137,1137.5,27813
2026-08-24T05:50:00+00:00,2026-08-24,05:50:00,1137.5,1138,1136.5,1136.6,26246
2026-08-24T05:51:00+00:00,2026-08-24,05:51:00,1136.6,1137.5,1136.6,1137,16352
2026-08-24T05:52:00+00:00,2026-08-24,05:52:00,1137.2,1137.4,1136.2,1136.5,20948
2026-08-24T05:53:00+00:00,2026-08-24,05:53:00,1136.5,1137.2,1136.5,1136.7,24635
2026-08-24T05:54:00+00:00,2026-08-24,05:54:00,1136.7,1137,1136.3,1136.4,23266
2026-08-24T05:55:00+00:00,2026-08-24,05:55:00,1136.4,1136.9,1136.3,1136.7,17404
2026-08-24T05:56:00+00:00,2026-08-24,05:56:00,1136.7,1136.9,1136.2,1136.6,18625
2026-08-24T05:57:00+00:00,2026-08-24,05:57:00,1136.6,1137.1,1136.6,1136.6,17636
2026-08-24T05:58:00+00:00,2026-08-24,05:58:00,1137,1137.2,1136.6,1136.8,19397
2026-08-24T05:59:00+00:00,2026-08-24,05:59:00,1136.8,1137,1136.2,1136.2,21813
2026-08-24T06:00:00+00:00,2026-08-24,06:00:00,1136.6,1136.6,1135.4,1135.5,25466
2026-08-24T06:01:00+00:00,2026-08-24,06:01:00,1135.5,1135.6,1135,1135.1,20373
2026-08-24T06:02:00+00:00,2026-08-24,06:02:00,1135,1136.2,1134.8,1135.4,26629
2026-08-24T06:03:00+00:00,2026-08-24,06:03:00,1135.5,1135.8,1134.7,1134.8,24418
2026-08-24T06:04:00+00:00,2026-08-24,06:04:00,1134.9,1135.8,1134.7,1135.2,24411
2026-08-24T06:05:00+00:00,2026-08-24,06:05:00,1135.3,1136.2,1135.2,1135.6,20129
2026-08-24T06:06:00+00:00,2026-08-24,06:06:00,1135.4,1135.8,1134.7,1134.7,22238
2026-08-24T06:07:00+00:00,2026-08-24,06:07:00,1134.5,1134.9,1134.4,1134.5,19373
2026-08-24T06:08:00+00:00,2026-08-24,06:08:00,1134.5,1135.3,1134.5,1134.5,19754
2026-08-24T06:09:00+00:00,2026-08-24,06:09:00,1134.5,1135.2,1134.4,1134.4,19973
2026-08-24T06:10:00+00:00,2026-08-24,06:10:00,1134.4,1134.9,1134.4,1134.5,21016
2026-08-24T06:11:00+00:00,2026-08-24,06:11:00,1134.5,1135.1,1133.7,1134,22011
2026-08-24T06:12:00+00:00,2026-08-24,06:12:00,1134,1134.7,1134,1134.3,18805
2026-08-24T06:13:00+00:00,2026-08-24,06:13:00,1134.2,1134.5,1133.3,1133.3,24865
2026-08-24T06:14:00+00:00,2026-08-24,06:14:00,1133.3,1133.9,1133,1133.1,20935
2026-08-24T06:15:00+00:00,2026-08-24,06:15:00,1133.1,1134,1133.1,1133.5,20105
2026-08-24T06:16:00+00:00,2026-08-24,06:16:00,1133.1,1134.9,1133.1,1134.4,20446
2026-08-24T06:17:00+00:00,2026-08-24,06:17:00,1134.8,1134.9,1133.7,1134,23281
2026-08-24T06:18:00+00:00,2026-08-24,06:18:00,1134,1134.5,1133.7,1134.2,17971
2026-08-24T06:19:00+00:00,2026-08-24,06:19:00,1134.2,1134.4,1133.7,1134.3,23706
2026-08-24T06:20:00+00:00,2026-08-24,06:20:00,1134.2,1134.8,1133.7,1134.1,21112
2026-08-24T06:21:00+00:00,2026-08-24,06:21:00,1134,1134.8,1134,1134.2,19967
2026-08-24T06:22:00+00:00,2026-08-24,06:22:00,1134.1,1134.4,1134,1134.1,16970
2026-08-24T06:23:00+00:00,2026-08-24,06:23:00,1134,1134.3,1133.2,1133.5,23526
2026-08-24T06:24:00+00:00,2026-08-24,06:24:00,1133.5,1133.6,1133.5,1133.5,17522
2026-08-24T06:25:00+00:00,2026-08-24,06:25:00,1133.5,1133.9,1133.5,1133.5,22005
2026-08-24T06:26:00+00:00,2026-08-24,06:26:00,1133.2,1133.4,1132.7,1132.8,21501
2026-08-24T06:27:00+00:00,2026-08-24,06:27:00,1132.8,1133.1,1131,1131,36890
2026-08-24T06:28:00+00:00,2026-08-24,06:28:00,1131.1,1131.5,1130.7,1131,31302
2026-08-24T06:29:00+00:00,2026-08-24,06:29:00,1131,1132,1131,1131.5,21143
2026-08-24T06:30:00+00:00,2026-08-24,06:30:00,1131.7,1132.3,1131.5,1132,19681
2026-08-24T06:31:00+00:00,2026-08-24,06:31:00,1132,1132.6,1131.3,1131.9,22636
2026-08-24T06:32:00+00:00,2026-08-24,06:32:00,1132.3,1132.6,1131.5,1131.6,21888
2026-08-24T06:33:00+00:00,2026-08-24,06:33:00,1131.5,1132.8,1131.5,1132.7,18445
2026-08-24T06:34:00+00:00,2026-08-24,06:34:00,1132.5,1133.3,1132.4,1133.3,19830
2026-08-24T06:35:00+00:00,2026-08-24,06:35:00,1133.4,1134.2,1132.9,1133.4,24104
2026-08-24T06:36:00+00:00,2026-08-24,06:36:00,1133.3,1134,1133.3,1133.6,21199
2026-08-24T06:37:00+00:00,2026-08-24,06:37:00,1133.7,1134.1,1133.2,1133.7,21705
2026-08-24T06:38:00+00:00,2026-08-24,06:38:00,1133.9,1134.1,1133.1,1133.8,16580
2026-08-24T06:39:00+00:00,2026-08-24,06:39:00,1134.1,1134.3,1133.5,1134,20310
2026-08-24T06:40:00+00:00,2026-08-24,06:40:00,1133.8,1134.8,1133.8,1134.6,19704
2026-08-24T06:41:00+00:00,2026-08-24,06:41:00,1134.6,1134.7,1133.7,1134.2,18981
2026-08-24T06:42:00+00:00,2026-08-24,06:42:00,1134.2,1134.9,1134.2,1134.6,21216
2026-08-24T06:43:00+00:00,2026-08-24,06:43:00,1134.6,1135.4,1134.4,1135,22669
2026-08-24T06:44:00+00:00,2026-08-24,06:44:00,1135,1135.3,1134.2,1134.9,23436
2026-08-24T06:45:00+00:00,2026-08-24,06:45:00,1134.9,1135.4,1134.7,1135,16320
2026-08-24T06:46:00+00:00,2026-08-24,06:46:00,1135,1135.8,1135,1135.1,23434
2026-08-24T06:47:00+00:00,2026-08-24,06:47:00,1135.1,1136,1135,1135.8,17511
2026-08-24T06:48:00+00:00,2026-08-24,06:48:00,1135.8,1136.5,1135.6,1136.2,20676
2026-08-24T06:49:00+00:00,2026-08-24,06:49:00,1136.5,1136.5,1135.9,1135.9,22784
2026-08-24T06:50:00+00:00,2026-08-24,06:50:00,1135.9,1136.4,1135.9,1136,16474
2026-08-24T06:51:00+00:00,2026-08-24,06:51:00,1135.9,1136.1,1135.5,1135.5,18739
2026-08-24T06:52:00+00:00,2026-08-24,06:52:00,1135.6,1136.5,1135.5,1135.5,22399
2026-08-24T06:53:00+00:00,2026-08-24,06:53:00,1135.5,1136.4,1135.5,1136,15466
2026-08-24T06:54:00+00:00,2026-08-24,06:54:00,1136,1137.2,1135.6,1136.7,28694
2026-08-24T06:55:00+00:00,2026-08-24,06:55:00,1136.9,1137.6,1136.7,1137,27431
2026-08-24T06:56:00+00:00,2026-08-24,06:56:00,1136.9,1137.5,1136.4,1137,28276
2026-08-24T06:57:00+00:00,2026-08-24,06:57:00,1137.2,1137.5,1136.8,1137.1,19229
2026-08-24T06:58:00+00:00,2026-08-24,06:58:00,1137.4,1137.5,1136.4,1136.9,23094
2026-08-24T06:59:00+00:00,2026-08-24,06:59:00,1136.8,1137.6,1136.5,1136.9,22157
2026-08-24T07:00:00+00:00,2026-08-24,07:00:00,1136.9,1137.4,1136.9,1137.1,17219
2026-08-24T07:01:00+00:00,2026-08-24,07:01:00,1137.1,1137.2,1136.3,1137,21018
2026-08-24T07:02:00+00:00,2026-08-24,07:02:00,1136.6,1137,1136.2,1136.3,26957
2026-08-24T07:03:00+00:00,2026-08-24,07:03:00,1136.4,1136.7,1136,1136.1,23033
2026-08-24T07:04:00+00:00,2026-08-24,07:04:00,1136.1,1137,1136,1136.6,19709
2026-08-24T07:05:00+00:00,2026-08-24,07:05:00,1136.4,1137,1136.1,1136.6,18068
2026-08-24T07:06:00+00:00,2026-08-24,07:06:00,1136.3,1136.3,1135.7,1135.7,22693
2026-08-24T07:07:00+00:00,2026-08-24,07:07:00,1135.6,1136.3,1135.1,1136.1,16817
2026-08-24T07:08:00+00:00,2026-08-24,07:08:00,1136.1,1136.6,1135.7,1136,24593
2026-08-24T07:09:00+00:00,2026-08-24,07:09:00,1135.9,1136,1135.3,1135.3,15571
2026-08-24T07:10:00+00:00,2026-08-24,07:10:00,1135.3,1136,1134.8,1134.8,73192
2026-08-24T07:11:00+00:00,2026-08-24,07:11:00,1134.4,1136.4,1134.4,1136.2,27330
2026-08-24T07:12:00+00:00,2026-08-24,07:12:00,1136.8,1136.9,1135.7,1135.7,23223
2026-08-24T07:13:00+00:00,2026-08-24,07:13:00,1135.8,1136,1135.6,1136,36518
2026-08-24T07:14:00+00:00,2026-08-24,07:14:00,1135.7,1136.6,1135.7,1136.2,47814
2026-08-24T07:15:00+00:00,2026-08-24,07:15:00,1136.5,1136.8,1136.2,1136.4,22957
2026-08-24T07:16:00+00:00,2026-08-24,07:16:00,1136.3,1137.1,1135.8,1136.6,19815
2026-08-24T07:17:00+00:00,2026-08-24,07:17:00,1137,1137,1134.8,1135,27972
2026-08-24T07:18:00+00:00,2026-08-24,07:18:00,1135.1,1135.4,1134.9,1134.9,20235
2026-08-24T07:19:00+00:00,2026-08-24,07:19:00,1134.9,1135.5,1134.8,1135,20420
2026-08-24T07:20:00+00:00,2026-08-24,07:20:00,1135.4,1136,1135,1135.6,19173
2026-08-24T07:21:00+00:00,2026-08-24,07:21:00,1135.6,1136.7,1135.6,1136.2,17791
2026-08-24T07:22:00+00:00,2026-08-24,07:22:00,1136.6,1136.9,1136.1,1136.7,19596
2026-08-24T07:23:00+00:00,2026-08-24,07:23:00,1136.7,1136.9,1136.3,1136.7,21389
2026-08-24T07:24:00+00:00,2026-08-24,07:24:00,1136.7,1137.3,1136.7,1137,18392
2026-08-24T07:25:00+00:00,2026-08-24,07:25:00,1137.3,1138,1137,1137.6,23096
2026-08-24T07:26:00+00:00,2026-08-24,07:26:00,1137.6,1137.9,1137.6,1137.6,16927
2026-08-24T07:27:00+00:00,2026-08-24,07:27:00,1137.6,1138.2,1137.4,1137.5,33000
2026-08-24T07:28:00+00:00,2026-08-24,07:28:00,1137.6,1138.4,1136.7,1137.8,29363
2026-08-24T07:29:00+00:00,2026-08-24,07:29:00,1137.8,1138,1134.8,1136.2,169239
2026-08-24T07:30:00+00:00,2026-08-24,07:30:00,1135.8,1136.4,1135.2,1135.7,18822
2026-08-24T07:31:00+00:00,2026-08-24,07:31:00,1135.5,1137.6,1135.5,1137.5,23306
2026-08-24T07:32:00+00:00,2026-08-24,07:32:00,1137.4,1137.4,1135.1,1135.9,31786
2026-08-24T07:33:00+00:00,2026-08-24,07:33:00,1135.8,1136.3,1135.5,1135.8,22304
2026-08-24T07:34:00+00:00,2026-08-24,07:34:00,1135.9,1136.5,1135.8,1136.4,22470
2026-08-24T07:35:00+00:00,2026-08-24,07:35:00,1136.4,1136.5,1135.2,1135.3,24661
2026-08-24T07:36:00+00:00,2026-08-24,07:36:00,1135.3,1136.2,1135.2,1136.2,15412
2026-08-24T07:37:00+00:00,2026-08-24,07:37:00,1136.2,1136.5,1135.8,1136.4,17135
2026-08-24T07:38:00+00:00,2026-08-24,07:38:00,1136.3,1136.5,1135.6,1136.4,21224
2026-08-24T07:39:00+00:00,2026-08-24,07:39:00,1136.4,1137,1136,1136.3,18717
2026-08-24T07:40:00+00:00,2026-08-24,07:40:00,1136.4,1136.8,1135.9,1136.4,19146
2026-08-24T07:41:00+00:00,2026-08-24,07:41:00,1136.4,1137,1136.3,1136.5,20634
2026-08-24T07:42:00+00:00,2026-08-24,07:42:00,1136.5,1136.8,1136,1136.8,16957
2026-08-24T07:43:00+00:00,2026-08-24,07:43:00,1136.5,1137,1136,1137,20370
2026-08-24T07:44:00+00:00,2026-08-24,07:44:00,1136.5,1137,1136.5,1136.7,17012
2026-08-24T07:45:00+00:00,2026-08-24,07:45:00,1136.9,1136.9,1136.1,1136.4,21054
2026-08-24T07:46:00+00:00,2026-08-24,07:46:00,1136.4,1136.9,1136.3,1136.5,14901
2026-08-24T07:47:00+00:00,2026-08-24,07:47:00,1136.5,1137,1136.3,1136.7,15745
2026-08-24T07:48:00+00:00,2026-08-24,07:48:00,1137,1137.4,1136.6,1137,17445
2026-08-24T07:49:00+00:00,2026-08-24,07:49:00,1137,1137.9,1137,1137.4,18154
2026-08-24T07:50:00+00:00,2026-08-24,07:50:00,1137.7,1138,1136.8,1137,26426
2026-08-24T07:51:00+00:00,2026-08-24,07:51:00,1137,1137.7,1137,1137.4,19985
2026-08-24T07:52:00+00:00,2026-08-24,07:52:00,1137.9,1138,1137.4,1137.6,22467
2026-08-24T07:53:00+00:00,2026-08-24,07:53:00,1138,1138,1137.1,1137.2,24414
2026-08-24T07:54:00+00:00,2026-08-24,07:54:00,1137.2,1137.8,1136.8,1136.8,21925
2026-08-24T07:55:00+00:00,2026-08-24,07:55:00,1136.8,1137.5,1136.5,1136.9,17576
2026-08-24T07:56:00+00:00,2026-08-24,07:56:00,1137.3,1137.3,1136.9,1137,18539
2026-08-24T07:57:00+00:00,2026-08-24,07:57:00,1136.9,1137.1,1134.8,1135,97567
2026-08-24T07:58:00+00:00,2026-08-24,07:58:00,1135,1135.2,1134.9,1134.9,47661
2026-08-24T07:59:00+00:00,2026-08-24,07:59:00,1135.4,1135.5,1134.5,1134.5,75073
2026-08-24T08:00:00+00:00,2026-08-24,08:00:00,1134.1,1135,1134.1,1134.3,16750
2026-08-24T08:01:00+00:00,2026-08-24,08:01:00,1134.3,1134.3,1132.2,1132.2,30774
2026-08-24T08:02:00+00:00,2026-08-24,08:02:00,1132.2,1132.8,1129.5,1129.5,193672
2026-08-24T08:03:00+00:00,2026-08-24,08:03:00,1129.9,1129.9,1128.3,1128.3,40812
2026-08-24T08:04:00+00:00,2026-08-24,08:04:00,1128.2,1129,1128.2,1128.7,22301
2026-08-24T08:05:00+00:00,2026-08-24,08:05:00,1128.8,1129,1128.4,1128.7,25041
2026-08-24T08:06:00+00:00,2026-08-24,08:06:00,1128.6,1129,1128.6,1129,25017
2026-08-24T08:07:00+00:00,2026-08-24,08:07:00,1129,1129.6,1128.3,1128.8,34204
2026-08-24T08:08:00+00:00,2026-08-24,08:08:00,1128.6,1129.5,1128.6,1129.1,19433
2026-08-24T08:09:00+00:00,2026-08-24,08:09:00,1129.2,1129.7,1128.7,1128.9,22429
2026-08-24T08:10:00+00:00,2026-08-24,08:10:00,1129.2,1129.6,1128.4,1129.2,23630
2026-08-24T08:11:00+00:00,2026-08-24,08:11:00,1129.2,1129.9,1129.2,1129.3,16534
2026-08-24T08:12:00+00:00,2026-08-24,08:12:00,1129.4,1129.8,1128.9,1129,21073
2026-08-24T08:13:00+00:00,2026-08-24,08:13:00,1129,1129.3,1128.5,1128.8,18547
2026-08-24T08:14:00+00:00,2026-08-24,08:14:00,1129,1129.3,1128.8,1129.1,23961
2026-08-24T08:15:00+00:00,2026-08-24,08:15:00,1129,1129.3,1128.5,1129,22760
2026-08-24T08:16:00+00:00,2026-08-24,08:16:00,1129,1129.7,1129,1129.3,17272
2026-08-24T08:17:00+00:00,2026-08-24,08:17:00,1129.3,1129.9,1129.1,1129.3,25407
2026-08-24T08:18:00+00:00,2026-08-24,08:18:00,1129.2,1129.7,1128.6,1128.7,26777
2026-08-24T08:19:00+00:00,2026-08-24,08:19:00,1128.7,1129,1128.5,1128.8,21918
2026-08-24T08:20:00+00:00,2026-08-24,08:20:00,1128.8,1129,1128.6,1128.6,19963
2026-08-24T08:21:00+00:00,2026-08-24,08:21:00,1128.6,1129.7,1128.6,1128.7,21846
2026-08-24T08:22:00+00:00,2026-08-24,08:22:00,1128.7,1129.1,1128.5,1128.5,22315
2026-08-24T08:23:00+00:00,2026-08-24,08:23:00,1128.6,1129,1128.5,1128.7,20091
2026-08-24T08:24:00+00:00,2026-08-24,08:24:00,1128.7,1129.5,1128.6,1128.7,22912
2026-08-24T08:25:00+00:00,2026-08-24,08:25:00,1128.5,1129.2,1128.5,1128.6,18134
2026-08-24T08:26:00+00:00,2026-08-24,08:26:00,1128.6,1129.8,1128.6,1129,22822
2026-08-24T08:27:00+00:00,2026-08-24,08:27:00,1129.1,1129.8,1129,1129.4,16062
2026-08-24T08:28:00+00:00,2026-08-24,08:28:00,1129.3,1129.7,1128.6,1128.7,22230
2026-08-24T08:29:00+00:00,2026-08-24,08:29:00,1128.6,1129.4,1128.5,1128.5,21473
2026-08-24T08:30:00+00:00,2026-08-24,08:30:00,1128.5,1129.5,1128.2,1129.3,25390
2026-08-24T08:31:00+00:00,2026-08-24,08:31:00,1129.3,1129.9,1128.9,1129.8,25878
2026-08-24T08:32:00+00:00,2026-08-24,08:32:00,1129.8,1130,1129,1129,27053
2026-08-24T08:33:00+00:00,2026-08-24,08:33:00,1129,1129.6,1129,1129.2,15416
2026-08-24T08:34:00+00:00,2026-08-24,08:34:00,1129.6,1129.7,1128.9,1129.3,19255
2026-08-24T08:35:00+00:00,2026-08-24,08:35:00,1129.3,1129.6,1128.9,1129.5,18060
2026-08-24T08:36:00+00:00,2026-08-24,08:36:00,1129.3,1129.8,1129.1,1129.7,17209
2026-08-24T08:37:00+00:00,2026-08-24,08:37:00,1129.2,1129.8,1129,1129.7,21149
2026-08-24T08:38:00+00:00,2026-08-24,08:38:00,1129.3,1130,1129.3,1129.7,25567
2026-08-24T08:39:00+00:00,2026-08-24,08:39:00,1129.9,1130,1128.9,1129.7,28379
2026-08-24T08:40:00+00:00,2026-08-24,08:40:00,1129.7,1129.9,1129.2,1129.8,18773
2026-08-24T08:41:00+00:00,2026-08-24,08:41:00,1129.7,1130,1129.4,1129.6,20086
2026-08-24T08:42:00+00:00,2026-08-24,08:42:00,1130,1130,1129.4,1129.4,22186
2026-08-24T08:43:00+00:00,2026-08-24,08:43:00,1129.4,1129.6,1128.9,1129.1,17826
2026-08-24T08:44:00+00:00,2026-08-24,08:44:00,1129.4,1129.6,1128.6,1128.6,23364
2026-08-24T08:45:00+00:00,2026-08-24,08:45:00,1128.6,1129,1128.2,1128.6,23805
2026-08-24T08:46:00+00:00,2026-08-24,08:46:00,1128.6,1128.9,1127.8,1128.2,26508
2026-08-24T08:47:00+00:00,2026-08-24,08:47:00,1128.6,1129.2,1128.2,1128.7,24520
2026-08-24T08:48:00+00:00,2026-08-24,08:48:00,1128.7,1128.8,1128.4,1128.4,17724
2026-08-24T08:49:00+00:00,2026-08-24,08:49:00,1128.4,1128.9,1128.3,1128.4,20260
2026-08-24T08:50:00+00:00,2026-08-24,08:50:00,1128.6,1129,1128,1128,22300
2026-08-24T08:51:00+00:00,2026-08-24,08:51:00,1128.1,1129,1128.1,1128.8,16744
2026-08-24T08:52:00+00:00,2026-08-24,08:52:00,1128.8,1129,1128.3,1128.9,18366
2026-08-24T08:53:00+00:00,2026-08-24,08:53:00,1128.4,1129,1128.4,1128.6,21146
2026-08-24T08:54:00+00:00,2026-08-24,08:54:00,1128.3,1128.8,1128,1128.3,15922
2026-08-24T08:55:00+00:00,2026-08-24,08:55:00,1128.3,1129,1128.3,1128.5,19593
2026-08-24T08:56:00+00:00,2026-08-24,08:56:00,1128.5,1128.9,1128.5,1128.9,18461
2026-08-24T08:57:00+00:00,2026-08-24,08:57:00,1128.9,1129,1128.3,1128.6,22658
2026-08-24T08:58:00+00:00,2026-08-24,08:58:00,1128.5,1128.8,1126,1126.1,61172
2026-08-24T08:59:00+00:00,2026-08-24,08:59:00,1126.1,1126.8,1126,1126,12557
2026-08-24T09:00:00+00:00,2026-08-24,09:00:00,1125.7,1127,1125.7,1126.8,11288
2026-08-24T09:01:00+00:00,2026-08-24,09:01:00,1126.9,1127.6,1126.9,1127.1,10330
2026-08-24T09:02:00+00:00,2026-08-24,09:02:00,1127,1127.8,1126.7,1127.1,10651
2026-08-24T09:03:00+00:00,2026-08-24,09:03:00,1127.1,1127.5,1126.1,1126.1,11025
2026-08-24T09:04:00+00:00,2026-08-24,09:04:00,1126.6,1126.6,1125.8,1126,13155
2026-08-24T09:05:00+00:00,2026-08-24,09:05:00,1125.8,1126.4,1125.1,1125.8,12408
2026-08-24T09:06:00+00:00,2026-08-24,09:06:00,1125.6,1126,1125.1,1125.2,17464
2026-08-24T09:07:00+00:00,2026-08-24,09:07:00,1125.2,1125.3,1124.6,1124.7,13315
2026-08-24T09:08:00+00:00,2026-08-24,09:08:00,1124.9,1125,1124.5,1124.7,10359
2026-08-24T09:09:00+00:00,2026-08-24,09:09:00,1124.8,1125.1,1124.2,1124.5,17861
2026-08-24T09:10:00+00:00,2026-08-24,09:10:00,1124.3,1124.8,1123.4,1123.4,68229
2026-08-24T09:11:00+00:00,2026-08-24,09:11:00,1123.4,1124.4,1123.4,1124,33108
2026-08-24T09:12:00+00:00,2026-08-24,09:12:00,1123.9,1124.1,1123.5,1123.7,13891
2026-08-24T09:13:00+00:00,2026-08-24,09:13:00,1123.8,1124.8,1123.8,1124.1,15630
2026-08-24T09:14:00+00:00,2026-08-24,09:14:00,1124.1,1124.6,1123.6,1123.7,7888
2026-08-24T09:15:00+00:00,2026-08-24,09:15:00,1123.8,1124,1123.1,1123.5,8838
2026-08-24T09:16:00+00:00,2026-08-24,09:16:00,1123.7,1124,1123.3,1123.4,10379
2026-08-24T09:17:00+00:00,2026-08-24,09:17:00,1123.6,1124,1123.4,1123.5,20629
2026-08-24T09:18:00+00:00,2026-08-24,09:18:00,1123.9,1124,1123.5,1123.7,19448
2026-08-24T09:19:00+00:00,2026-08-24,09:19:00,1123.7,1124,1123.3,1123.6,9151
2026-08-24T09:20:00+00:00,2026-08-24,09:20:00,1123.3,1124,1122.9,1122.9,112729
2026-08-24T09:21:00+00:00,2026-08-24,09:21:00,1122.7,1123,1122.2,1122.8,35839
2026-08-24T09:22:00+00:00,2026-08-24,09:22:00,1123,1123.9,1122.8,1123,15311
2026-08-24T09:23:00+00:00,2026-08-24,09:23:00,1122.9,1123.4,1122.7,1123,10011
2026-08-24T09:24:00+00:00,2026-08-24,09:24:00,1123.1,1123.9,1122.8,1123.9,9419
2026-08-24T09:25:00+00:00,2026-08-24,09:25:00,1123.7,1124,1123.5,1124,15920
2026-08-24T09:26:00+00:00,2026-08-24,09:26:00,1124,1124,1123.5,1123.7,9925
2026-08-24T09:27:00+00:00,2026-08-24,09:27:00,1123.6,1123.8,1123.3,1123.5,6889
2026-08-24T09:28:00+00:00,2026-08-24,09:28:00,1123.6,1123.8,1123.5,1123.6,6699
2026-08-24T09:29:00+00:00,2026-08-24,09:29:00,1123.6,1123.8,1123.2,1123.5,9011
2026-08-24T09:30:00+00:00,2026-08-24,09:30:00,1123.6,1123.9,1123.3,1123.6,10032
2026-08-24T09:31:00+00:00,2026-08-24,09:31:00,1123.4,1124.2,1123.4,1123.9,15337
2026-08-24T09:32:00+00:00,2026-08-24,09:32:00,1124,1124.9,1123.7,1124.9,34130
2026-08-24T09:33:00+00:00,2026-08-24,09:33:00,1124.9,1125.9,1123.8,1124,44637
2026-08-24T09:34:00+00:00,2026-08-24,09:34:00,1123.7,1124,1123.7,1123.8,15278
2026-08-24T09:35:00+00:00,2026-08-24,09:35:00,1123.9,1123.9,1123.3,1123.6,25597
2026-08-24T09:36:00+00:00,2026-08-24,09:36:00,1123.5,1124,1123.2,1124,27067
2026-08-24T09:37:00+00:00,2026-08-24,09:37:00,1124,1126.3,1123.7,1126.1,42176
2026-08-24T09:38:00+00:00,2026-08-24,09:38:00,1126.1,1126.5,1126,1126.2,17180
2026-08-24T09:39:00+00:00,2026-08-24,09:39:00,1126.2,1126.4,1125.9,1125.9,23558
2026-08-24T09:40:00+00:00,2026-08-24,09:40:00,1126.2,1128,1125.6,1127.7,39050
2026-08-24T09:41:00+00:00,2026-08-24,09:41:00,1127.8,1128.8,1127.8,1128.4,25987
2026-08-24T09:42:00+00:00,2026-08-24,09:42:00,1128.5,1129,1126.8,1128.3,58233
2026-08-24T09:43:00+00:00,2026-08-24,09:43:00,1128.3,1129,1127.9,1129,12958
2026-08-24T09:44:00+00:00,2026-08-24,09:44:00,1129,1130,1129,1129.5,17214
2026-08-24T09:45:00+00:00,2026-08-24,09:45:00,1129,1130,1129,1129.5,17214
2026-08-24T09:46:00+00:00,2026-08-24,09:46:00,1129,1130,1129,1129.5,17214
2026-08-24T09:47:00+00:00,2026-08-24,09:47:00,1129,1130,1129,1129.5,17214
2026-08-24T09:48:00+00:00,2026-08-24,09:48:00,1129,1130,1129,1129.5,17214
2026-08-24T09:49:00+00:00,2026-08-24,09:49:00,1129,1130,1129,1129.5,17214
2026-08-24T09:50:00+00:00,2026-08-24,09:50:00,1129,1130,1129,1129.5,17214
2026-08-24T09:51:00+00:00,2026-08-24,09:51:00,1129,1130,1129,1129.5,17214
2026-08-24T09:52:00+00:00,2026-08-24,09:52:00,1129,1130,1129,1129.5,17214
2026-08-24T09:53:00+00:00,2026-08-24,09:53:00,1129,1130,1129,1129.5,17214
2026-08-24T09:54:00+00:00,2026-08-24,09:54:00,1129,1130,1129,1129.5,17214
2026-08-24T09:55:00+00:00,2026-08-24,09:55:00,1129,1130,1129,1129.5,17214
2026-08-24T09:56:00+00:00,2026-08-24,09:56:00,1129,1130,1129,1129.5,17214
2026-08-24T09:57:00+00:00,2026-08-24,09:57:00,1129,1130,1129,1129.5,17214
2026-08-24T09:58:00+00:00,2026-08-24,09:58:00,1129,1130,1129,1129.5,17214
2026-08-24T09:59:00+00:00,2026-08-24,09:59:00,1130,1130,1130,1130,0
2026-08-24T10:00:00+00:00,2026-08-24,10:00:00,1130,1130,1130,1130,0
2026-08-25T03:45:00+00:00,2026-08-25,03:45:00,1132,1134.6,1130.1,1132.5,51664
2026-08-25T03:46:00+00:00,2026-08-25,03:46:00,1132.1,1132.6,1128.8,1128.8,39905
2026-08-25T03:47:00+00:00,2026-08-25,03:47:00,1129.2,1133,1128.2,1132.2,40997
2026-08-25T03:48:00+00:00,2026-08-25,03:48:00,1132.6,1132.8,1130.5,1131.5,19616
2026-08-25T03:49:00+00:00,2026-08-25,03:49:00,1131.2,1131.3,1130.3,1130.8,9090
2026-08-25T03:50:00+00:00,2026-08-25,03:50:00,1130.8,1131.1,1130.5,1130.8,9644
2026-08-25T03:51:00+00:00,2026-08-25,03:51:00,1130.8,1131.7,1130.6,1130.7,11120
2026-08-25T03:52:00+00:00,2026-08-25,03:52:00,1130.7,1131,1130.2,1130.2,9640
2026-08-25T03:53:00+00:00,2026-08-25,03:53:00,1130.4,1131,1130.2,1130.3,21715
2026-08-25T03:54:00+00:00,2026-08-25,03:54:00,1130.6,1130.7,1125.7,1125.9,46268
2026-08-25T03:55:00+00:00,2026-08-25,03:55:00,1125.7,1125.7,1123.7,1125.3,39340
2026-08-25T03:56:00+00:00,2026-08-25,03:56:00,1125.5,1128,1125.5,1127.5,16125
2026-08-25T03:57:00+00:00,2026-08-25,03:57:00,1127.4,1127.5,1126.5,1126.9,9442
2026-08-25T03:58:00+00:00,2026-08-25,03:58:00,1126.9,1126.9,1126.2,1126.3,10799
2026-08-25T03:59:00+00:00,2026-08-25,03:59:00,1126.3,1126.3,1125.2,1126.2,21523
2026-08-25T04:00:00+00:00,2026-08-25,04:00:00,1126,1126.7,1126,1126.3,30136
2026-08-25T04:01:00+00:00,2026-08-25,04:01:00,1126.3,1127,1126.2,1126.8,43218
2026-08-25T04:02:00+00:00,2026-08-25,04:02:00,1126.8,1127.1,1126.2,1126.3,26011
2026-08-25T04:03:00+00:00,2026-08-25,04:03:00,1126.3,1126.8,1126,1126.6,24831
2026-08-25T04:04:00+00:00,2026-08-25,04:04:00,1126.6,1127.4,1126.6,1127,36070
2026-08-25T04:05:00+00:00,2026-08-25,04:05:00,1127.1,1127.4,1126.6,1126.9,23140
2026-08-25T04:06:00+00:00,2026-08-25,04:06:00,1126.9,1127.3,1126.9,1127.2,19462
2026-08-25T04:07:00+00:00,2026-08-25,04:07:00,1127.2,1127.2,1125.7,1125.9,19249
2026-08-25T04:08:00+00:00,2026-08-25,04:08:00,1125.9,1126.3,1125.9,1126.1,24273
2026-08-25T04:09:00+00:00,2026-08-25,04:09:00,1126,1127.2,1126,1127.2,20314
2026-08-25T04:10:00+00:00,2026-08-25,04:10:00,1127.3,1127.3,1126.2,1126.2,118326
2026-08-25T04:11:00+00:00,2026-08-25,04:11:00,1126.2,1126.5,1125.9,1126.2,14280
2026-08-25T04:12:00+00:00,2026-08-25,04:12:00,1126.3,1126.3,1125.7,1126.1,16443
2026-08-25T04:13:00+00:00,2026-08-25,04:13:00,1126.1,1126.4,1126,1126,21805
2026-08-25T04:14:00+00:00,2026-08-25,04:14:00,1126,1126.3,1125,1125.2,15390
2026-08-25T04:15:00+00:00,2026-08-25,04:15:00,1125.2,1125.3,1124.7,1124.8,24397
2026-08-25T04:16:00+00:00,2026-08-25,04:16:00,1124.9,1124.9,1124.1,1124.8,20173
2026-08-25T04:17:00+00:00,2026-08-25,04:17:00,1124.7,1124.8,1124.3,1124.3,19196
2026-08-25T04:18:00+00:00,2026-08-25,04:18:00,1124.4,1124.4,1123.6,1123.8,24544
2026-08-25T04:19:00+00:00,2026-08-25,04:19:00,1123.6,1124.3,1123.3,1124,22867
2026-08-25T04:20:00+00:00,2026-08-25,04:20:00,1123.9,1124.4,1123.9,1124.1,16351
2026-08-25T04:21:00+00:00,2026-08-25,04:21:00,1124.2,1124.4,1124,1124.2,18540
2026-08-25T04:22:00+00:00,2026-08-25,04:22:00,1124.3,1124.3,1122.7,1123.1,66531
2026-08-25T04:23:00+00:00,2026-08-25,04:23:00,1123.2,1123.5,1122.9,1123.2,17026
2026-08-25T04:24:00+00:00,2026-08-25,04:24:00,1123.2,1123.2,1122.6,1123.2,16475
2026-08-25T04:25:00+00:00,2026-08-25,04:25:00,1123.2,1123.4,1123.1,1123.3,13423
2026-08-25T04:26:00+00:00,2026-08-25,04:26:00,1123.3,1123.3,1123.1,1123.2,19736
2026-08-25T04:27:00+00:00,2026-08-25,04:27:00,1123.2,1125.9,1123.1,1124.2,101293
2026-08-25T04:28:00+00:00,2026-08-25,04:28:00,1124.6,1125.9,1124.5,1125.2,22577
2026-08-25T04:29:00+00:00,2026-08-25,04:29:00,1125.5,1125.9,1125.3,1125.4,15997
2026-08-25T04:30:00+00:00,2026-08-25,04:30:00,1125.4,1125.9,1125.2,1125.9,23785
2026-08-25T04:31:00+00:00,2026-08-25,04:31:00,1125.9,1126.1,1124.9,1125.4,14465
2026-08-25T04:32:00+00:00,2026-08-25,04:32:00,1125.4,1125.7,1125.1,1125.6,27308
2026-08-25T04:33:00+00:00,2026-08-25,04:33:00,1125.7,1126.5,1125.6,1126.5,14788
2026-08-25T04:34:00+00:00,2026-08-25,04:34:00,1126.5,1127.4,1126.3,1127.1,23176
2026-08-25T04:35:00+00:00,2026-08-25,04:35:00,1127.2,1127.5,1127.2,1127.4,12625
2026-08-25T04:36:00+00:00,2026-08-25,04:36:00,1127.2,1127.4,1127.1,1127.2,8862
2026-08-25T04:37:00+00:00,2026-08-25,04:37:00,1127.3,1127.6,1127,1127.2,17253
2026-08-25T04:38:00+00:00,2026-08-25,04:38:00,1127.4,1128,1127.4,1128,18842
2026-08-25T04:39:00+00:00,2026-08-25,04:39:00,1127.9,1128.3,1126.9,1127.5,82739
2026-08-25T04:40:00+00:00,2026-08-25,04:40:00,1127.5,1128.8,1127.3,1128.5,14807
2026-08-25T04:41:00+00:00,2026-08-25,04:41:00,1128.6,1128.6,1128.2,1128.5,12831
2026-08-25T04:42:00+00:00,2026-08-25,04:42:00,1128.5,1128.5,1127.8,1128,17327
2026-08-25T04:43:00+00:00,2026-08-25,04:43:00,1127.8,1128.5,1127.8,1128.5,19095
2026-08-25T04:44:00+00:00,2026-08-25,04:44:00,1128.5,1128.7,1128.3,1128.7,13475
2026-08-25T04:45:00+00:00,2026-08-25,04:45:00,1128.4,1128.9,1128.4,1128.6,12663
2026-08-25T04:46:00+00:00,2026-08-25,04:46:00,1128.6,1129.2,1128.6,1129,18313
2026-08-25T04:47:00+00:00,2026-08-25,04:47:00,1129,1129.2,1128.9,1129,13162
2026-08-25T04:48:00+00:00,2026-08-25,04:48:00,1129,1129.2,1128.8,1129,17944
2026-08-25T04:49:00+00:00,2026-08-25,04:49:00,1129,1129,1127.4,1127.6,19679
2026-08-25T04:50:00+00:00,2026-08-25,04:50:00,1127.6,1127.6,1127,1127.3,13145
2026-08-25T04:51:00+00:00,2026-08-25,04:51:00,1127.3,1127.6,1127.2,1127.4,15641
2026-08-25T04:52:00+00:00,2026-08-25,04:52:00,1127.3,1127.6,1127.2,1127.5,17488
2026-08-25T04:53:00+00:00,2026-08-25,04:53:00,1127.5,1127.6,1127.3,1127.6,14379
2026-08-25T04:54:00+00:00,2026-08-25,04:54:00,1127.6,1127.8,1127.5,1127.6,12880
2026-08-25T04:55:00+00:00,2026-08-25,04:55:00,1127.6,1127.7,1127.4,1127.5,12478
2026-08-25T04:56:00+00:00,2026-08-25,04:56:00,1127.5,1127.5,1127.3,1127.4,13500
2026-08-25T04:57:00+00:00,2026-08-25,04:57:00,1127.4,1127.4,1126.5,1126.9,15462
2026-08-25T04:58:00+00:00,2026-08-25,04:58:00,1126.9,1126.9,1126.6,1126.6,16361
2026-08-25T04:59:00+00:00,2026-08-25,04:59:00,1126.8,1127,1126.6,1126.6,20060
2026-08-25T05:00:00+00:00,2026-08-25,05:00:00,1126.6,1126.9,1126.6,1126.7,13283
2026-08-25T05:01:00+00:00,2026-08-25,05:01:00,1126.7,1126.8,1125.7,1126.3,33723
2026-08-25T05:02:00+00:00,2026-08-25,05:02:00,1126.3,1127.4,1126.3,1127.3,12274
2026-08-25T05:03:00+00:00,2026-08-25,05:03:00,1127.3,1127.6,1127.1,1127.4,9749
2026-08-25T05:04:00+00:00,2026-08-25,05:04:00,1127.4,1127.5,1127.1,1127.1,14260
2026-08-25T05:05:00+00:00,2026-08-25,05:05:00,1127.1,1127.3,1126.9,1127.2,13530
2026-08-25T05:06:00+00:00,2026-08-25,05:06:00,1127,1127.4,1126.7,1127.3,5863
2026-08-25T05:07:00+00:00,2026-08-25,05:07:00,1127.3,1127.4,1126.9,1127.4,10843
2026-08-25T05:08:00+00:00,2026-08-25,05:08:00,1127.3,1127.4,1126.7,1127,11740
2026-08-25T05:09:00+00:00,2026-08-25,05:09:00,1127,1127.4,1126.9,1127.4,14128
2026-08-25T05:10:00+00:00,2026-08-25,05:10:00,1127.4,1127.5,1127.1,1127.5,9678
2026-08-25T05:11:00+00:00,2026-08-25,05:11:00,1127.5,1127.7,1127.3,1127.5,13480
2026-08-25T05:12:00+00:00,2026-08-25,05:12:00,1127.6,1127.8,1127.3,1127.3,16735
2026-08-25T05:13:00+00:00,2026-08-25,05:13:00,1127.8,1128.3,1127.7,1128.1,10404
2026-08-25T05:14:00+00:00,2026-08-25,05:14:00,1128.2,1128.3,1127.9,1128,13106
2026-08-25T05:15:00+00:00,2026-08-25,05:15:00,1128.1,1128.2,1127.8,1127.8,12013
2026-08-25T05:16:00+00:00,2026-08-25,05:16:00,1128.2,1128.2,1127.8,1128,12469
2026-08-25T05:17:00+00:00,2026-08-25,05:17:00,1128,1128.2,1127.7,1128,17665
2026-08-25T05:18:00+00:00,2026-08-25,05:18:00,1128.1,1128.3,1127.6,1127.9,15479
2026-08-25T05:19:00+00:00,2026-08-25,05:19:00,1128.2,1128.4,1127.8,1128.2,19613
2026-08-25T05:20:00+00:00,2026-08-25,05:20:00,1128.1,1128.5,1128,1128.3,12587
2026-08-25T05:21:00+00:00,2026-08-25,05:21:00,1128.4,1128.5,1127.9,1128.4,15048
2026-08-25T05:22:00+00:00,2026-08-25,05:22:00,1128.4,1128.4,1127.7,1127.9,15788
2026-08-25T05:23:00+00:00,2026-08-25,05:23:00,1127.9,1127.9,1127.5,1127.8,10517
2026-08-25T05:24:00+00:00,2026-08-25,05:24:00,1127.8,1127.8,1126.9,1127.3,14477
2026-08-25T05:25:00+00:00,2026-08-25,05:25:00,1127.3,1127.3,1126.8,1127,14242
2026-08-25T05:26:00+00:00,2026-08-25,05:26:00,1127.2,1127.6,1126.8,1127,19068
2026-08-25T05:27:00+00:00,2026-08-25,05:27:00,1127,1127.5,1127,1127.5,10646
2026-08-25T05:28:00+00:00,2026-08-25,05:28:00,1127.5,1127.6,1127.1,1127.4,12443
2026-08-25T05:29:00+00:00,2026-08-25,05:29:00,1127.4,1127.4,1126.5,1126.6,15126
2026-08-25T05:30:00+00:00,2026-08-25,05:30:00,1126.6,1127,1125.9,1127,18213
2026-08-25T05:31:00+00:00,2026-08-25,05:31:00,1127,1127,1126.7,1126.8,13156
2026-08-25T05:32:00+00:00,2026-08-25,05:32:00,1126.8,1127,1126.2,1126.3,17616
2026-08-25T05:33:00+00:00,2026-08-25,05:33:00,1126.3,1127,1126.3,1126.8,12153
2026-08-25T05:34:00+00:00,2026-08-25,05:34:00,1126.8,1127,1126.6,1127,11788
2026-08-25T05:35:00+00:00,2026-08-25,05:35:00,1127,1127.4,1126.7,1127.1,13748
2026-08-25T05:36:00+00:00,2026-08-25,05:36:00,1127.1,1127.3,1126.9,1127.2,9925
2026-08-25T05:37:00+00:00,2026-08-25,05:37:00,1127.2,1127.4,1126.9,1127,17694
2026-08-25T05:38:00+00:00,2026-08-25,05:38:00,1126.8,1126.9,1125.9,1125.9,17721
2026-08-25T05:39:00+00:00,2026-08-25,05:39:00,1125.9,1126,1125.5,1125.9,8779
2026-08-25T05:40:00+00:00,2026-08-25,05:40:00,1125.9,1126,1125.7,1125.8,15386
2026-08-25T05:41:00+00:00,2026-08-25,05:41:00,1125.8,1126,1125.4,1125.5,12774
2026-08-25T05:42:00+00:00,2026-08-25,05:42:00,1125.5,1125.5,1125,1125.5,14835
2026-08-25T05:43:00+00:00,2026-08-25,05:43:00,1125.5,1125.9,1125.3,1125.8,12500
2026-08-25T05:44:00+00:00,2026-08-25,05:44:00,1125.9,1126,1125.4,1125.6,16427
2026-08-25T05:45:00+00:00,2026-08-25,05:45:00,1125.6,1126,1125.3,1126,11073
2026-08-25T05:46:00+00:00,2026-08-25,05:46:00,1126,1126,1125.7,1126,10119
2026-08-25T05:47:00+00:00,2026-08-25,05:47:00,1126,1126.2,1125.8,1126,12097
2026-08-25T05:48:00+00:00,2026-08-25,05:48:00,1126,1126.7,1126,1126.6,11991
2026-08-25T05:49:00+00:00,2026-08-25,05:49:00,1126.7,1127.2,1126.7,1127,16515
2026-08-25T05:50:00+00:00,2026-08-25,05:50:00,1127,1127.7,1126.8,1127.7,10137
2026-08-25T05:51:00+00:00,2026-08-25,05:51:00,1127.7,1127.7,1126.9,1127.3,16419
2026-08-25T05:52:00+00:00,2026-08-25,05:52:00,1127.1,1127.7,1126.8,1127.2,14932
2026-08-25T05:53:00+00:00,2026-08-25,05:53:00,1127.1,1127.1,1126.4,1126.6,9267
2026-08-25T05:54:00+00:00,2026-08-25,05:54:00,1126.6,1126.8,1126.2,1126.4,13627
2026-08-25T05:55:00+00:00,2026-08-25,05:55:00,1126.4,1126.8,1126.3,1126.8,14839
2026-08-25T05:56:00+00:00,2026-08-25,05:56:00,1126.8,1127.3,1126.6,1127.2,11105
2026-08-25T05:57:00+00:00,2026-08-25,05:57:00,1127.2,1127.2,1126.5,1126.7,15913
2026-08-25T05:58:00+00:00,2026-08-25,05:58:00,1126.7,1127.2,1126.6,1126.9,10867
2026-08-25T05:59:00+00:00,2026-08-25,05:59:00,1126.9,1127.2,1126.5,1126.9,13045
2026-08-25T06:00:00+00:00,2026-08-25,06:00:00,1126.9,1127.2,1126.6,1127.2,12717
2026-08-25T06:01:00+00:00,2026-08-25,06:01:00,1127.2,1127.2,1126.4,1126.6,425562
2026-08-25T06:02:00+00:00,2026-08-25,06:02:00,1126.6,1126.8,1126.4,1126.5,8273
2026-08-25T06:03:00+00:00,2026-08-25,06:03:00,1126.5,1127.1,1126.2,1126.2,22861
2026-08-25T06:04:00+00:00,2026-08-25,06:04:00,1126.3,1127.1,1126.2,1126.9,8867
2026-08-25T06:05:00+00:00,2026-08-25,06:05:00,1126.9,1127.2,1126.7,1126.9,16963
2026-08-25T06:06:00+00:00,2026-08-25,06:06:00,1127.1,1127.1,1126.5,1126.6,9910
2026-08-25T06:07:00+00:00,2026-08-25,06:07:00,1126.6,1127.3,1126.5,1127.3,13634
2026-08-25T06:08:00+00:00,2026-08-25,06:08:00,1127.2,1127.5,1126.5,1126.6,18896
2026-08-25T06:09:00+00:00,2026-08-25,06:09:00,1126.8,1127.5,1126.7,1127.5,12950
2026-08-25T06:10:00+00:00,2026-08-25,06:10:00,1127.3,1127.6,1127.3,1127.6,9745
2026-08-25T06:11:00+00:00,2026-08-25,06:11:00,1127.6,1127.8,1127.4,1127.5,10158
2026-08-25T06:12:00+00:00,2026-08-25,06:12:00,1127.8,1127.8,1127.3,1127.5,12140
2026-08-25T06:13:00+00:00,2026-08-25,06:13:00,1127.5,1127.8,1126.3,1126.5,25882
2026-08-25T06:14:00+00:00,2026-08-25,06:14:00,1126.6,1127.4,1126.6,1127,19545
2026-08-25T06:15:00+00:00,2026-08-25,06:15:00,1127.4,1127.6,1127,1127.2,12789
2026-08-25T06:16:00+00:00,2026-08-25,06:16:00,1127.2,1127.4,1126.9,1127,10864
2026-08-25T06:17:00+00:00,2026-08-25,06:17:00,1127,1127.4,1127,1127.2,10278
2026-08-25T06:18:00+00:00,2026-08-25,06:18:00,1127.2,1127.4,1126.4,1126.4,14908
2026-08-25T06:19:00+00:00,2026-08-25,06:19:00,1126.6,1127.5,1126.6,1127.4,10278
2026-08-25T06:20:00+00:00,2026-08-25,06:20:00,1127.4,1127.5,1127,1127,14280
2026-08-25T06:21:00+00:00,2026-08-25,06:21:00,1127,1127.5,1126.8,1127.5,10997
2026-08-25T06:22:00+00:00,2026-08-25,06:22:00,1127.5,1127.6,1127.3,1127.4,12307
2026-08-25T06:23:00+00:00,2026-08-25,06:23:00,1127.3,1127.9,1127.3,1127.6,9493
2026-08-25T06:24:00+00:00,2026-08-25,06:24:00,1127.6,1128.3,1127.5,1128.3,10811
2026-08-25T06:25:00+00:00,2026-08-25,06:25:00,1128.3,1130.5,1128.1,1130.5,46194
2026-08-25T06:26:00+00:00,2026-08-25,06:26:00,1130.6,1130.8,1129.5,1130.1,20739
2026-08-25T06:27:00+00:00,2026-08-25,06:27:00,1130,1130.4,1129.8,1130.3,15234
2026-08-25T06:28:00+00:00,2026-08-25,06:28:00,1130.3,1130.4,1129.7,1130.3,18967
2026-08-25T06:29:00+00:00,2026-08-25,06:29:00,1130.3,1130.3,1129.7,1129.9,10972
2026-08-25T06:30:00+00:00,2026-08-25,06:30:00,1129.9,1129.9,1129.4,1129.8,11653
2026-08-25T06:31:00+00:00,2026-08-25,06:31:00,1129.9,1130,1129.5,1129.6,14486
2026-08-25T06:32:00+00:00,2026-08-25,06:32:00,1129.8,1130.4,1129.6,1130.2,17565
2026-08-25T06:33:00+00:00,2026-08-25,06:33:00,1130,1130.4,1129.9,1130.2,12479
2026-08-25T06:34:00+00:00,2026-08-25,06:34:00,1130.2,1130.2,1128,1128.2,16707
2026-08-25T06:35:00+00:00,2026-08-25,06:35:00,1128.2,1128.6,1127.6,1128.5,7821
2026-08-25T06:36:00+00:00,2026-08-25,06:36:00,1128.2,1128.9,1128.1,1128.9,11886
2026-08-25T06:37:00+00:00,2026-08-25,06:37:00,1128.9,1129.2,1127.9,1128.3,12569
2026-08-25T06:38:00+00:00,2026-08-25,06:38:00,1128.3,1128.5,1128,1128.1,9445
2026-08-25T06:39:00+00:00,2026-08-25,06:39:00,1128.2,1128.4,1128,1128.3,10167
2026-08-25T06:40:00+00:00,2026-08-25,06:40:00,1128.3,1128.6,1128,1128.6,10919
2026-08-25T06:41:00+00:00,2026-08-25,06:41:00,1128.4,1128.6,1128.3,1128.4,10359
2026-08-25T06:42:00+00:00,2026-08-25,06:42:00,1128.4,1128.7,1128.3,1128.4,12069
2026-08-25T06:43:00+00:00,2026-08-25,06:43:00,1128.4,1128.8,1128.3,1128.7,9594
2026-08-25T06:44:00+00:00,2026-08-25,06:44:00,1128.7,1128.9,1128.3,1128.4,12447
2026-08-25T06:45:00+00:00,2026-08-25,06:45:00,1128.4,1129.3,1128.3,1129.2,18923
2026-08-25T06:46:00+00:00,2026-08-25,06:46:00,1129.2,1129.4,1128.9,1128.9,18197
2026-08-25T06:47:00+00:00,2026-08-25,06:47:00,1129.3,1129.4,1128.9,1129,12829
2026-08-25T06:48:00+00:00,2026-08-25,06:48:00,1129,1129,1128.6,1128.7,9308
2026-08-25T06:49:00+00:00,2026-08-25,06:49:00,1128.7,1128.7,1127.4,1127.4,20177
2026-08-25T06:50:00+00:00,2026-08-25,06:50:00,1127.4,1127.7,1127,1127.3,22531
2026-08-25T06:51:00+00:00,2026-08-25,06:51:00,1127.3,1127.3,1126.5,1126.6,31465
2026-08-25T06:52:00+00:00,2026-08-25,06:52:00,1126.9,1126.9,1126.5,1126.8,17084
2026-08-25T06:53:00+00:00,2026-08-25,06:53:00,1126.8,1126.8,1126.5,1126.6,14466
2026-08-25T06:54:00+00:00,2026-08-25,06:54:00,1126.7,1126.9,1126.5,1126.7,13409
2026-08-25T06:55:00+00:00,2026-08-25,06:55:00,1126.7,1126.9,1126.5,1126.5,15072
2026-08-25T06:56:00+00:00,2026-08-25,06:56:00,1126.6,1126.6,1126.2,1126.3,11940
2026-08-25T06:57:00+00:00,2026-08-25,06:57:00,1126.6,1126.7,1126.3,1126.3,20760
2026-08-25T06:58:00+00:00,2026-08-25,06:58:00,1126.3,1126.5,1125.8,1125.8,19288
2026-08-25T06:59:00+00:00,2026-08-25,06:59:00,1125.8,1125.8,1124.7,1125,117958
2026-08-25T07:00:00+00:00,2026-08-25,07:00:00,1125,1125,1124.9,1125,13299
2026-08-25T07:01:00+00:00,2026-08-25,07:01:00,1125,1125,1124.5,1124.6,19649
2026-08-25T07:02:00+00:00,2026-08-25,07:02:00,1124.6,1124.6,1124,1124.2,33779
2026-08-25T07:03:00+00:00,2026-08-25,07:03:00,1124.2,1124.5,1124.1,1124.2,15374
2026-08-25T07:04:00+00:00,2026-08-25,07:04:00,1124.2,1124.2,1123.8,1123.8,12576
2026-08-25T07:05:00+00:00,2026-08-25,07:05:00,1123.8,1124.7,1123.6,1124.7,12059
2026-08-25T07:06:00+00:00,2026-08-25,07:06:00,1124.2,1124.5,1123.8,1123.8,25303
2026-08-25T07:07:00+00:00,2026-08-25,07:07:00,1123.8,1124,1123.6,1123.7,8507
2026-08-25T07:08:00+00:00,2026-08-25,07:08:00,1124,1124.1,1121,1121.8,403110
2026-08-25T07:09:00+00:00,2026-08-25,07:09:00,1121.7,1122.6,1121.7,1121.9,35338
2026-08-25T07:10:00+00:00,2026-08-25,07:10:00,1121.9,1122.7,1121.6,1122.7,11479
2026-08-25T07:11:00+00:00,2026-08-25,07:11:00,1122.7,1122.9,1122.2,1122.5,24612
2026-08-25T07:12:00+00:00,2026-08-25,07:12:00,1122.7,1122.9,1122.3,1122.9,17817
2026-08-25T07:13:00+00:00,2026-08-25,07:13:00,1122.9,1123.2,1122.5,1122.8,16444
2026-08-25T07:14:00+00:00,2026-08-25,07:14:00,1122.9,1123.2,1122.6,1123,18584
2026-08-25T07:15:00+00:00,2026-08-25,07:15:00,1123,1123.1,1122.6,1123,12160
2026-08-25T07:16:00+00:00,2026-08-25,07:16:00,1123,1123.2,1122.6,1122.7,21803
2026-08-25T07:17:00+00:00,2026-08-25,07:17:00,1122.6,1122.9,1122.4,1122.7,12242
2026-08-25T07:18:00+00:00,2026-08-25,07:18:00,1122.7,1123.2,1122.6,1123.2,13880
2026-08-25T07:19:00+00:00,2026-08-25,07:19:00,1123.1,1123.8,1123.1,1123.5,24215
2026-08-25T07:20:00+00:00,2026-08-25,07:20:00,1123.5,1123.5,1122.7,1123.2,10435
2026-08-25T07:21:00+00:00,2026-08-25,07:21:00,1123.2,1123.5,1122.7,1122.7,17251
2026-08-25T07:22:00+00:00,2026-08-25,07:22:00,1122.7,1123.8,1122.5,1123.7,33688
2026-08-25T07:23:00+00:00,2026-08-25,07:23:00,1123.7,1123.9,1123.5,1123.8,11482
2026-08-25T07:24:00+00:00,2026-08-25,07:24:00,1123.6,1124,1123.5,1123.7,13770
2026-08-25T07:25:00+00:00,2026-08-25,07:25:00,1123.7,1123.9,1122.9,1123.6,20991
2026-08-25T07:26:00+00:00,2026-08-25,07:26:00,1123.9,1123.9,1123,1123.9,11030
2026-08-25T07:27:00+00:00,2026-08-25,07:27:00,1124,1124.7,1123.7,1124.2,42917
2026-08-25T07:28:00+00:00,2026-08-25,07:28:00,1124,1124.3,1122.8,1123.1,27768
2026-08-25T07:29:00+00:00,2026-08-25,07:29:00,1122.9,1124.2,1122.9,1123.9,11956
2026-08-25T07:30:00+00:00,2026-08-25,07:30:00,1123.9,1124.2,1123.7,1123.8,6146
2026-08-25T07:31:00+00:00,2026-08-25,07:31:00,1123.7,1123.8,1122.3,1123.3,19406
2026-08-25T07:32:00+00:00,2026-08-25,07:32:00,1123.3,1123.3,1122.5,1123.2,6474
2026-08-25T07:33:00+00:00,2026-08-25,07:33:00,1122.8,1123.6,1122.8,1123.5,5161
2026-08-25T07:34:00+00:00,2026-08-25,07:34:00,1123.5,1123.7,1123.3,1123.5,9169
2026-08-25T07:35:00+00:00,2026-08-25,07:35:00,1123.5,1123.6,1123.2,1123.5,6458
2026-08-25T07:36:00+00:00,2026-08-25,07:36:00,1123.5,1123.7,1123.2,1123.7,9113
2026-08-25T07:37:00+00:00,2026-08-25,07:37:00,1123.6,1124.1,1123.6,1124.1,10949
2026-08-25T07:38:00+00:00,2026-08-25,07:38:00,1124.1,1124.6,1124,1124.5,11849
2026-08-25T07:39:00+00:00,2026-08-25,07:39:00,1124.4,1124.5,1123.8,1124.4,11102
2026-08-25T07:40:00+00:00,2026-08-25,07:40:00,1124.4,1124.6,1124,1124.3,11576
2026-08-25T07:41:00+00:00,2026-08-25,07:41:00,1124.1,1124.7,1124.1,1124.5,5847
2026-08-25T07:42:00+00:00,2026-08-25,07:42:00,1124.5,1124.7,1124.1,1124.2,11164
2026-08-25T07:43:00+00:00,2026-08-25,07:43:00,1124.1,1124.4,1123.4,1123.9,10087
2026-08-25T07:44:00+00:00,2026-08-25,07:44:00,1123.9,1124.1,1123.6,1123.9,8019
2026-08-25T07:45:00+00:00,2026-08-25,07:45:00,1123.8,1124.4,1123.7,1124.4,7875
2026-08-25T07:46:00+00:00,2026-08-25,07:46:00,1124.2,1124.5,1124,1124.1,9492
2026-08-25T07:47:00+00:00,2026-08-25,07:47:00,1124,1124.4,1123.9,1124.4,12741
2026-08-25T07:48:00+00:00,2026-08-25,07:48:00,1123.9,1124.3,1123.9,1124.1,7825
2026-08-25T07:49:00+00:00,2026-08-25,07:49:00,1124,1124,1123.4,1123.8,6751
2026-08-25T07:50:00+00:00,2026-08-25,07:50:00,1123.8,1124.1,1123.4,1123.5,10805
2026-08-25T07:51:00+00:00,2026-08-25,07:51:00,1123.5,1123.9,1123.2,1123.7,8052
2026-08-25T07:52:00+00:00,2026-08-25,07:52:00,1123.4,1123.8,1123.4,1123.5,5972
2026-08-25T07:53:00+00:00,2026-08-25,07:53:00,1123.5,1123.9,1123.4,1123.6,7642
2026-08-25T07:54:00+00:00,2026-08-25,07:54:00,1123.3,1123.8,1123.1,1123.3,9376
2026-08-25T07:55:00+00:00,2026-08-25,07:55:00,1123.3,1123.3,1122.9,1122.9,7289
2026-08-25T07:56:00+00:00,2026-08-25,07:56:00,1122.8,1123.7,1122.8,1123.7,5720
2026-08-25T07:57:00+00:00,2026-08-25,07:57:00,1123.5,1123.8,1122.9,1123.5,9824
2026-08-25T07:58:00+00:00,2026-08-25,07:58:00,1123.5,1123.7,1123.1,1123.6,4476
2026-08-25T07:59:00+00:00,2026-08-25,07:59:00,1123.4,1123.8,1122.6,1122.6,11588
2026-08-25T08:00:00+00:00,2026-08-25,08:00:00,1123,1123.5,1122.6,1123.4,19826
2026-08-25T08:01:00+00:00,2026-08-25,08:01:00,1123.5,1123.5,1122.6,1122.7,44641
2026-08-25T08:02:00+00:00,2026-08-25,08:02:00,1122.8,1123.2,1122.7,1123,34199
2026-08-25T08:03:00+00:00,2026-08-25,08:03:00,1123,1123.2,1121.5,1121.7,45566
2026-08-25T08:04:00+00:00,2026-08-25,08:04:00,1121.7,1121.8,1121.6,1121.7,11304
2026-08-25T08:05:00+00:00,2026-08-25,08:05:00,1121.7,1121.9,1121.5,1121.8,13127
2026-08-25T08:06:00+00:00,2026-08-25,08:06:00,1121.8,1122,1121.5,1121.8,21175
2026-08-25T08:07:00+00:00,2026-08-25,08:07:00,1122,1122.1,1121.4,1121.8,17462
2026-08-25T08:08:00+00:00,2026-08-25,08:08:00,1121.8,1121.9,1121.1,1121.1,34269
2026-08-25T08:09:00+00:00,2026-08-25,08:09:00,1121.3,1121.8,1121.2,1121.7,13234
2026-08-25T08:10:00+00:00,2026-08-25,08:10:00,1121.7,1122.2,1121.6,1122.2,10056
2026-08-25T08:11:00+00:00,2026-08-25,08:11:00,1122.1,1122.1,1121.4,1121.9,17150
2026-08-25T08:12:00+00:00,2026-08-25,08:12:00,1121.9,1122.1,1121.9,1122.1,8330
2026-08-25T08:13:00+00:00,2026-08-25,08:13:00,1122.1,1122.6,1122.1,1122.6,9692
2026-08-25T08:14:00+00:00,2026-08-25,08:14:00,1122.6,1122.6,1121.4,1121.9,15902
2026-08-25T08:15:00+00:00,2026-08-25,08:15:00,1122,1122.3,1121.5,1122,11580
2026-08-25T08:16:00+00:00,2026-08-25,08:16:00,1122,1122,1121.4,1121.8,10200
2026-08-25T08:17:00+00:00,2026-08-25,08:17:00,1121.9,1122,1121.7,1121.9,11617
2026-08-25T08:18:00+00:00,2026-08-25,08:18:00,1121.9,1122,1121.4,1121.6,15636
2026-08-25T08:19:00+00:00,2026-08-25,08:19:00,1121.6,1121.7,1121,1121.4,25640
2026-08-25T08:20:00+00:00,2026-08-25,08:20:00,1121.4,1121.4,1120.6,1121.1,39263
2026-08-25T08:21:00+00:00,2026-08-25,08:21:00,1121.3,1122.7,1121.2,1122.7,101782
2026-08-25T08:22:00+00:00,2026-08-25,08:22:00,1122.7,1124.4,1122.6,1124.2,19101
2026-08-25T08:23:00+00:00,2026-08-25,08:23:00,1124.3,1125.4,1124.1,1125.3,26224
2026-08-25T08:24:00+00:00,2026-08-25,08:24:00,1125.3,1126.4,1124.7,1126.4,33731
2026-08-25T08:25:00+00:00,2026-08-25,08:25:00,1126.7,1126.9,1125.7,1126.3,18516
2026-08-25T08:26:00+00:00,2026-08-25,08:26:00,1126.4,1126.4,1124.5,1124.6,25720
2026-08-25T08:27:00+00:00,2026-08-25,08:27:00,1124.6,1124.7,1124,1124.7,10017
2026-08-25T08:28:00+00:00,2026-08-25,08:28:00,1124.7,1124.9,1124.1,1124.3,12658
2026-08-25T08:29:00+00:00,2026-08-25,08:29:00,1124.4,1124.6,1123.4,1124.3,16951
2026-08-25T08:30:00+00:00,2026-08-25,08:30:00,1124.3,1124.6,1124.3,1124.6,7734
2026-08-25T08:31:00+00:00,2026-08-25,08:31:00,1124.6,1124.8,1124.5,1124.8,8766
2026-08-25T08:32:00+00:00,2026-08-25,08:32:00,1124.8,1124.8,1124.5,1124.5,10333
2026-08-25T08:33:00+00:00,2026-08-25,08:33:00,1124.8,1124.8,1124,1124.5,18583
2026-08-25T08:34:00+00:00,2026-08-25,08:34:00,1124.5,1125,1124.4,1125,15872
2026-08-25T08:35:00+00:00,2026-08-25,08:35:00,1125,1125.4,1125,1125.2,16720
2026-08-25T08:36:00+00:00,2026-08-25,08:36:00,1125.2,1125.5,1124.9,1125.1,10356
2026-08-25T08:37:00+00:00,2026-08-25,08:37:00,1125,1125.4,1124.8,1125,9229
2026-08-25T08:38:00+00:00,2026-08-25,08:38:00,1124.9,1125.3,1123.9,1124.4,14639
2026-08-25T08:39:00+00:00,2026-08-25,08:39:00,1124.4,1124.9,1124.3,1124.7,7976
2026-08-25T08:40:00+00:00,2026-08-25,08:40:00,1124.9,1125.3,1124.8,1125,8170
2026-08-25T08:41:00+00:00,2026-08-25,08:41:00,1125,1125,1124.2,1124.2,12435
2026-08-25T08:42:00+00:00,2026-08-25,08:42:00,1124.5,1125,1124.3,1125,9480
2026-08-25T08:43:00+00:00,2026-08-25,08:43:00,1125,1125,1124,1124.2,14787
2026-08-25T08:44:00+00:00,2026-08-25,08:44:00,1124.2,1124.2,1123.5,1123.8,13138
2026-08-25T08:45:00+00:00,2026-08-25,08:45:00,1123,1123.8,1122.7,1123.8,11279
2026-08-25T08:46:00+00:00,2026-08-25,08:46:00,1123.8,1123.8,1122.1,1122.5,37750
2026-08-25T08:47:00+00:00,2026-08-25,08:47:00,1122.6,1123,1122.5,1123,9009
2026-08-25T08:48:00+00:00,2026-08-25,08:48:00,1123,1123,1122.6,1122.8,15054
2026-08-25T08:49:00+00:00,2026-08-25,08:49:00,1122.8,1123,1122.7,1123,15977
2026-08-25T08:50:00+00:00,2026-08-25,08:50:00,1122.9,1123,1122.9,1122.9,9363
2026-08-25T08:51:00+00:00,2026-08-25,08:51:00,1123,1123,1122.9,1123,12730
2026-08-25T08:52:00+00:00,2026-08-25,08:52:00,1123,1123,1122.9,1123,83015
2026-08-25T08:53:00+00:00,2026-08-25,08:53:00,1123,1124.1,1123,1124,46681
2026-08-25T08:54:00+00:00,2026-08-25,08:54:00,1123.9,1124,1123.6,1124,12094
2026-08-25T08:55:00+00:00,2026-08-25,08:55:00,1124,1124.5,1123.9,1124,30548
2026-08-25T08:56:00+00:00,2026-08-25,08:56:00,1123.9,1124.4,1123.9,1124.2,8563
2026-08-25T08:57:00+00:00,2026-08-25,08:57:00,1124.4,1124.9,1124.1,1124.9,10123
2026-08-25T08:58:00+00:00,2026-08-25,08:58:00,1124.9,1125.7,1124.9,1125.4,21664
2026-08-25T08:59:00+00:00,2026-08-25,08:59:00,1125.4,1125.7,1125,1125.5,12775
2026-08-25T09:00:00+00:00,2026-08-25,09:00:00,1125,1125,1124.6,1125,16839
2026-08-25T09:01:00+00:00,2026-08-25,09:01:00,1125,1127.9,1124.9,1127.9,53537
2026-08-25T09:02:00+00:00,2026-08-25,09:02:00,1128,1128.2,1127.5,1127.6,37181
2026-08-25T09:03:00+00:00,2026-08-25,09:03:00,1127.6,1127.8,1127,1127.3,11642
2026-08-25T09:04:00+00:00,2026-08-25,09:04:00,1127,1127.3,1125.8,1126.6,30776
2026-08-25T09:05:00+00:00,2026-08-25,09:05:00,1126.7,1127.2,1126.4,1126.8,15048
2026-08-25T09:06:00+00:00,2026-08-25,09:06:00,1126.8,1126.8,1125.3,1125.6,15731
2026-08-25T09:07:00+00:00,2026-08-25,09:07:00,1125.5,1126,1125.3,1126,12708
2026-08-25T09:08:00+00:00,2026-08-25,09:08:00,1126,1126.3,1125.6,1126.3,17011
2026-08-25T09:09:00+00:00,2026-08-25,09:09:00,1126.3,1126.9,1126.2,1126.4,15044
2026-08-25T09:10:00+00:00,2026-08-25,09:10:00,1126.4,1127,1126.3,1127,16245
2026-08-25T09:11:00+00:00,2026-08-25,09:11:00,1126.9,1127.5,1126.9,1127.2,25457
2026-08-25T09:12:00+00:00,2026-08-25,09:12:00,1127.1,1127.2,1126.6,1127.1,12404
2026-08-25T09:13:00+00:00,2026-08-25,09:13:00,1127.1,1127.1,1126.6,1126.8,9386
2026-08-25T09:14:00+00:00,2026-08-25,09:14:00,1126.7,1127,1126.3,1126.6,15099
2026-08-25T09:15:00+00:00,2026-08-25,09:15:00,1126.6,1127.3,1126.4,1127.2,19088
2026-08-25T09:16:00+00:00,2026-08-25,09:16:00,1126.8,1127.3,1126.8,1127.1,10207
2026-08-25T09:17:00+00:00,2026-08-25,09:17:00,1127,1127.4,1126.8,1127.4,11663
2026-08-25T09:18:00+00:00,2026-08-25,09:18:00,1127.4,1128,1127.3,1128,29671
2026-08-25T09:19:00+00:00,2026-08-25,09:19:00,1127.9,1129,1127.9,1128.8,23417
2026-08-25T09:20:00+00:00,2026-08-25,09:20:00,1128.7,1128.8,1127.7,1128.1,22718
2026-08-25T09:21:00+00:00,2026-08-25,09:21:00,1128.4,1128.6,1128,1128.5,14245
2026-08-25T09:22:00+00:00,2026-08-25,09:22:00,1128.2,1129.5,1128.2,1129.5,30748
2026-08-25T09:23:00+00:00,2026-08-25,09:23:00,1129.3,1129.5,1129.1,1129.3,11285
2026-08-25T09:24:00+00:00,2026-08-25,09:24:00,1129.3,1129.4,1128.9,1129.1,18631
2026-08-25T09:25:00+00:00,2026-08-25,09:25:00,1129,1129.4,1128.7,1129.3,24235
2026-08-25T09:26:00+00:00,2026-08-25,09:26:00,1129.3,1129.4,1129,1129.3,13358
2026-08-25T09:27:00+00:00,2026-08-25,09:27:00,1129.2,1129.4,1128.8,1129.2,14804
2026-08-25T09:28:00+00:00,2026-08-25,09:28:00,1129.2,1129.6,1128.5,1129.6,27830
2026-08-25T09:29:00+00:00,2026-08-25,09:29:00,1129.6,1130,1129.4,1129.9,28205
2026-08-25T09:30:00+00:00,2026-08-25,09:30:00,1130,1130.9,1129.4,1130.8,35658
2026-08-25T09:31:00+00:00,2026-08-25,09:31:00,1130.6,1130.6,1129.3,1130,22649
2026-08-25T09:32:00+00:00,2026-08-25,09:32:00,1129.7,1130.7,1129.7,1130.7,39832
2026-08-25T09:33:00+00:00,2026-08-25,09:33:00,1130.7,1131,1130.5,1130.9,21342
2026-08-25T09:34:00+00:00,2026-08-25,09:34:00,1130.9,1131.5,1130.6,1130.9,28421
2026-08-25T09:35:00+00:00,2026-08-25,09:35:00,1130.8,1130.9,1130,1130.7,40687
2026-08-25T09:36:00+00:00,2026-08-25,09:36:00,1130.5,1130.7,1130,1130.3,17975
2026-08-25T09:37:00+00:00,2026-08-25,09:37:00,1130.2,1130.5,1129.9,1130.3,23863
2026-08-25T09:38:00+00:00,2026-08-25,09:38:00,1130.3,1130.6,1130,1130.5,19704
2026-08-25T09:39:00+00:00,2026-08-25,09:39:00,1130.5,1130.5,1129.8,1130.3,25526
2026-08-25T09:40:00+00:00,2026-08-25,09:40:00,1130.4,1130.8,1129.8,1130.7,26600
2026-08-25T09:41:00+00:00,2026-08-25,09:41:00,1130.7,1131,1130.3,1130.6,37728
2026-08-25T09:42:00+00:00,2026-08-25,09:42:00,1130.6,1131.2,1130.2,1131,49735
2026-08-25T09:43:00+00:00,2026-08-25,09:43:00,1130.6,1131.2,1130.3,1131.1,37214
2026-08-25T09:44:00+00:00,2026-08-25,09:44:00,1131.2,1131.6,1130.8,1130.8,22068
2026-08-25T09:45:00+00:00,2026-08-25,09:45:00,1131.2,1131.6,1130.8,1130.8,22068
2026-08-25T09:46:00+00:00,2026-08-25,09:46:00,1131.2,1131.6,1130.8,1130.8,22068
2026-08-25T09:47:00+00:00,2026-08-25,09:47:00,1131.2,1131.6,1130.8,1130.8,22068
2026-08-25T09:48:00+00:00,2026-08-25,09:48:00,1131.2,1131.6,1130.8,1130.8,22068
2026-08-25T09:49:00+00:00,2026-08-25,09:49:00,1131.2,1131.6,1130.8,1130.8,22068
2026-08-25T09:50:00+00:00,2026-08-25,09:50:00,1131.2,1131.6,1130.8,1130.8,22068
2026-08-25T09:51:00+00:00,2026-08-25,09:51:00,1131.2,1131.6,1130.8,1130.8,22068
2026-08-25T09:52:00+00:00,2026-08-25,09:52:00,1131.2,1131.6,1130.8,1130.8,22068
2026-08-25T09:53:00+00:00,2026-08-25,09:53:00,1131.2,1131.6,1130.8,1130.8,22068
2026-08-25T09:54:00+00:00,2026-08-25,09:54:00,1131.2,1131.6,1130.8,1130.8,22068
2026-08-25T09:55:00+00:00,2026-08-25,09:55:00,1131.2,1131.6,1130.8,1130.8,22068
2026-08-25T09:56:00+00:00,2026-08-25,09:56:00,1131.2,1131.6,1130.8,1130.8,22068
2026-08-25T09:57:00+00:00,2026-08-25,09:57:00,1131.2,1131.6,1130.8,1130.8,22068
2026-08-25T09:58:00+00:00,2026-08-25,09:58:00,1144,1144,1144,1144,8377
2026-08-25T09:59:00+00:00,2026-08-25,09:59:00,1144,1144,1144,1144,8377
2026-08-25T10:00:00+00:00,2026-08-25,10:00:00,1144,1144,1144,1144,8377
2026-08-26T03:45:00+00:00,2026-08-26,03:45:00,1141.9,1142,1132.5,1133,99599
2026-08-26T03:46:00+00:00,2026-08-26,03:46:00,1132.8,1133.6,1130.9,1132.4,74526
2026-08-26T03:47:00+00:00,2026-08-26,03:47:00,1132.4,1133.5,1132,1133.4,33917
2026-08-26T03:48:00+00:00,2026-08-26,03:48:00,1133,1134.5,1132.5,1133.3,49450
2026-08-26T03:49:00+00:00,2026-08-26,03:49:00,1133.4,1133.8,1132.3,1133,33924
2026-08-26T03:50:00+00:00,2026-08-26,03:50:00,1133.3,1135.2,1133.3,1134.5,64469
2026-08-26T03:51:00+00:00,2026-08-26,03:51:00,1134.7,1134.7,1133.1,1134,21561
2026-08-26T03:52:00+00:00,2026-08-26,03:52:00,1134,1134.6,1133.6,1134.6,10649
2026-08-26T03:53:00+00:00,2026-08-26,03:53:00,1134.5,1134.9,1133.9,1134,19477
2026-08-26T03:54:00+00:00,2026-08-26,03:54:00,1134.1,1136,1134.1,1135.5,20855
2026-08-26T03:55:00+00:00,2026-08-26,03:55:00,1135.3,1136,1134.9,1135.3,19643
2026-08-26T03:56:00+00:00,2026-08-26,03:56:00,1135.1,1135.3,1133,1133.3,20024
2026-08-26T03:57:00+00:00,2026-08-26,03:57:00,1133.1,1134.3,1133.1,1133.5,11844
2026-08-26T03:58:00+00:00,2026-08-26,03:58:00,1133.8,1133.8,1132.1,1133,35128
2026-08-26T03:59:00+00:00,2026-08-26,03:59:00,1132.9,1132.9,1132,1132.1,10698
2026-08-26T04:00:00+00:00,2026-08-26,04:00:00,1132.3,1132.3,1131.1,1131.3,16974
2026-08-26T04:01:00+00:00,2026-08-26,04:01:00,1131.1,1131.3,1130,1130.7,67636
2026-08-26T04:02:00+00:00,2026-08-26,04:02:00,1130.7,1131,1130.3,1130.9,10366
2026-08-26T04:03:00+00:00,2026-08-26,04:03:00,1130.9,1131,1130,1130.1,12867
2026-08-26T04:04:00+00:00,2026-08-26,04:04:00,1130.3,1132,1129.8,1131.9,49491
2026-08-26T04:05:00+00:00,2026-08-26,04:05:00,1132,1133.4,1131.8,1133,87184
2026-08-26T04:06:00+00:00,2026-08-26,04:06:00,1133.5,1133.7,1131.5,1131.8,18434
2026-08-26T04:07:00+00:00,2026-08-26,04:07:00,1131.8,1132.5,1131.5,1132.2,3965
2026-08-26T04:08:00+00:00,2026-08-26,04:08:00,1132.5,1132.5,1131.4,1131.8,33435
2026-08-26T04:09:00+00:00,2026-08-26,04:09:00,1132.2,1132.3,1131.7,1132.2,4577
2026-08-26T04:10:00+00:00,2026-08-26,04:10:00,1132.2,1132.2,1131,1131.4,13438
2026-08-26T04:11:00+00:00,2026-08-26,04:11:00,1131.4,1131.8,1130.7,1131.2,42644
2026-08-26T04:12:00+00:00,2026-08-26,04:12:00,1131.4,1132.5,1131.4,1131.4,66506
2026-08-26T04:13:00+00:00,2026-08-26,04:13:00,1131.5,1131.8,1131.2,1131.5,38288
2026-08-26T04:14:00+00:00,2026-08-26,04:14:00,1131.5,1132.3,1131.4,1132.2,38905
2026-08-26T04:15:00+00:00,2026-08-26,04:15:00,1132.3,1132.3,1132.2,1132.2,16636
2026-08-26T04:16:00+00:00,2026-08-26,04:16:00,1132.3,1132.3,1131.1,1131.5,31672
2026-08-26T04:17:00+00:00,2026-08-26,04:17:00,1131.5,1131.5,1131,1131.2,9008
2026-08-26T04:18:00+00:00,2026-08-26,04:18:00,1131.5,1131.5,1130.5,1131.2,18487
2026-08-26T04:19:00+00:00,2026-08-26,04:19:00,1131,1131.5,1131,1131.5,9492
2026-08-26T04:20:00+00:00,2026-08-26,04:20:00,1131.2,1131.5,1130.5,1130.9,16106
2026-08-26T04:21:00+00:00,2026-08-26,04:21:00,1130.9,1130.9,1130.3,1130.5,9331
2026-08-26T04:22:00+00:00,2026-08-26,04:22:00,1130.5,1130.9,1129.6,1129.8,31143
2026-08-26T04:23:00+00:00,2026-08-26,04:23:00,1129.8,1130.2,1129.7,1129.8,15831
2026-08-26T04:24:00+00:00,2026-08-26,04:24:00,1129.9,1130.1,1129.8,1130,6533
2026-08-26T04:25:00+00:00,2026-08-26,04:25:00,1130.1,1130.2,1129.9,1130.2,9704
2026-08-26T04:26:00+00:00,2026-08-26,04:26:00,1130,1130.5,1130,1130.3,9583
2026-08-26T04:27:00+00:00,2026-08-26,04:27:00,1130.3,1130.5,1130.1,1130.4,8829
2026-08-26T04:28:00+00:00,2026-08-26,04:28:00,1130.4,1130.4,1129.9,1130.3,14411
2026-08-26T04:29:00+00:00,2026-08-26,04:29:00,1130.3,1130.6,1130.2,1130.3,5793
2026-08-26T04:30:00+00:00,2026-08-26,04:30:00,1130.3,1130.7,1129.9,1129.9,8772
2026-08-26T04:31:00+00:00,2026-08-26,04:31:00,1130,1130,1129.9,1130,4061
2026-08-26T04:32:00+00:00,2026-08-26,04:32:00,1130,1130,1129.5,1129.7,11108
2026-08-26T04:33:00+00:00,2026-08-26,04:33:00,1129.8,1129.8,1129.7,1129.8,5404
2026-08-26T04:34:00+00:00,2026-08-26,04:34:00,1129.8,1129.8,1128,1129.7,113126
2026-08-26T04:35:00+00:00,2026-08-26,04:35:00,1129.7,1129.9,1128.1,1128.6,26333
2026-08-26T04:36:00+00:00,2026-08-26,04:36:00,1128.6,1128.9,1127.8,1127.9,29546
2026-08-26T04:37:00+00:00,2026-08-26,04:37:00,1128,1128,1127.4,1127.6,17178
2026-08-26T04:38:00+00:00,2026-08-26,04:38:00,1127.6,1127.7,1126.7,1127,66283
2026-08-26T04:39:00+00:00,2026-08-26,04:39:00,1127.4,1128.6,1127.4,1128.6,9850
2026-08-26T04:40:00+00:00,2026-08-26,04:40:00,1128.6,1128.6,1127.5,1128,15597
2026-08-26T04:41:00+00:00,2026-08-26,04:41:00,1127.6,1128,1127.5,1128,4136
2026-08-26T04:42:00+00:00,2026-08-26,04:42:00,1127.9,1128.8,1127.9,1128.1,9046
2026-08-26T04:43:00+00:00,2026-08-26,04:43:00,1128.2,1128.4,1128,1128.1,9096
2026-08-26T04:44:00+00:00,2026-08-26,04:44:00,1128.1,1128.4,1127.6,1128,9979
2026-08-26T04:45:00+00:00,2026-08-26,04:45:00,1128,1128.2,1127.9,1128,6271
2026-08-26T04:46:00+00:00,2026-08-26,04:46:00,1128,1128.2,1127.5,1127.8,16163
2026-08-26T04:47:00+00:00,2026-08-26,04:47:00,1127.6,1127.8,1126.1,1126.1,27045
2026-08-26T04:48:00+00:00,2026-08-26,04:48:00,1125.7,1126.7,1125,1126.5,114088
2026-08-26T04:49:00+00:00,2026-08-26,04:49:00,1126.3,1127.7,1126.3,1127.7,10397
2026-08-26T04:50:00+00:00,2026-08-26,04:50:00,1127.7,1127.8,1126.4,1126.9,8654
2026-08-26T04:51:00+00:00,2026-08-26,04:51:00,1126.7,1127.5,1126.7,1127.5,5076
2026-08-26T04:52:00+00:00,2026-08-26,04:52:00,1127.1,1128,1127.1,1127.7,6430
2026-08-26T04:53:00+00:00,2026-08-26,04:53:00,1127.7,1127.9,1127.1,1127.5,10030
2026-08-26T04:54:00+00:00,2026-08-26,04:54:00,1127.6,1128.4,1127.5,1128.2,5406
2026-08-26T04:55:00+00:00,2026-08-26,04:55:00,1128.3,1128.4,1127.9,1127.9,11735
2026-08-26T04:56:00+00:00,2026-08-26,04:56:00,1128,1128,1127.8,1127.9,4799
2026-08-26T04:57:00+00:00,2026-08-26,04:57:00,1127.9,1128,1127.5,1127.7,11893
2026-08-26T04:58:00+00:00,2026-08-26,04:58:00,1127.7,1127.7,1127.6,1127.7,3105
2026-08-26T04:59:00+00:00,2026-08-26,04:59:00,1127.7,1127.7,1127.6,1127.7,5593
2026-08-26T05:00:00+00:00,2026-08-26,05:00:00,1127.7,1129.1,1127.7,1128.8,85759
2026-08-26T05:01:00+00:00,2026-08-26,05:01:00,1128.8,1129,1128.6,1128.8,11846
2026-08-26T05:02:00+00:00,2026-08-26,05:02:00,1128.8,1128.8,1127.8,1128.4,8469
2026-08-26T05:03:00+00:00,2026-08-26,05:03:00,1128.6,1128.6,1127.8,1128.3,7883
2026-08-26T05:04:00+00:00,2026-08-26,05:04:00,1128.3,1128.8,1128,1128.5,5359
2026-08-26T05:05:00+00:00,2026-08-26,05:05:00,1128.5,1128.7,1128.2,1128.6,5266
2026-08-26T05:06:00+00:00,2026-08-26,05:06:00,1128.5,1129.3,1128.5,1129.2,7505
2026-08-26T05:07:00+00:00,2026-08-26,05:07:00,1128.8,1129,1127.9,1128.4,6000
2026-08-26T05:08:00+00:00,2026-08-26,05:08:00,1128.4,1129,1128.2,1128.5,6807
2026-08-26T05:09:00+00:00,2026-08-26,05:09:00,1128.5,1128.5,1128,1128,35780
2026-08-26T05:10:00+00:00,2026-08-26,05:10:00,1128,1129,1128,1128.8,41213
2026-08-26T05:11:00+00:00,2026-08-26,05:11:00,1128.7,1128.9,1128.5,1128.8,5646
2026-08-26T05:12:00+00:00,2026-08-26,05:12:00,1128.9,1128.9,1128.1,1128.4,510018
2026-08-26T05:13:00+00:00,2026-08-26,05:13:00,1128.4,1128.9,1127.7,1127.7,17503
2026-08-26T05:14:00+00:00,2026-08-26,05:14:00,1127.4,1127.9,1126.8,1127.2,63053
2026-08-26T05:15:00+00:00,2026-08-26,05:15:00,1127.2,1127.3,1125.7,1126.3,23791
2026-08-26T05:16:00+00:00,2026-08-26,05:16:00,1125.8,1126.9,1125.8,1126.3,61390
2026-08-26T05:17:00+00:00,2026-08-26,05:17:00,1126.5,1127,1126.3,1126.9,10180
2026-08-26T05:18:00+00:00,2026-08-26,05:18:00,1126.7,1127.1,1126.7,1127.1,4788
2026-08-26T05:19:00+00:00,2026-08-26,05:19:00,1127.1,1127.1,1126.3,1126.5,14406
2026-08-26T05:20:00+00:00,2026-08-26,05:20:00,1126.5,1126.5,1125.3,1125.8,36298
2026-08-26T05:21:00+00:00,2026-08-26,05:21:00,1125.8,1126.3,1125.5,1126.3,12189
2026-08-26T05:22:00+00:00,2026-08-26,05:22:00,1126.3,1126.5,1125.8,1126.3,21829
2026-08-26T05:23:00+00:00,2026-08-26,05:23:00,1126,1126.3,1126,1126.2,5898
2026-08-26T05:24:00+00:00,2026-08-26,05:24:00,1126.2,1126.3,1126,1126,8923
2026-08-26T05:25:00+00:00,2026-08-26,05:25:00,1126.2,1126.3,1126,1126,5857
2026-08-26T05:26:00+00:00,2026-08-26,05:26:00,1126.2,1126.2,1125.8,1125.9,18939
2026-08-26T05:27:00+00:00,2026-08-26,05:27:00,1125.8,1125.9,1125.6,1125.6,12494
2026-08-26T05:28:00+00:00,2026-08-26,05:28:00,1125.7,1126,1125.4,1125.4,18222
2026-08-26T05:29:00+00:00,2026-08-26,05:29:00,1125.4,1125.6,1125.3,1125.6,6590
2026-08-26T05:30:00+00:00,2026-08-26,05:30:00,1125.5,1125.6,1125.4,1125.6,10428
2026-08-26T05:31:00+00:00,2026-08-26,05:31:00,1125.6,1125.6,1125.2,1125.3,17323
2026-08-26T05:32:00+00:00,2026-08-26,05:32:00,1125.6,1125.8,1125.3,1125.7,14055
2026-08-26T05:33:00+00:00,2026-08-26,05:33:00,1125.7,1125.7,1125.3,1125.5,10438
2026-08-26T05:34:00+00:00,2026-08-26,05:34:00,1125.5,1125.9,1125,1125.9,13919
2026-08-26T05:35:00+00:00,2026-08-26,05:35:00,1125.8,1126.3,1125.6,1126.2,12285
2026-08-26T05:36:00+00:00,2026-08-26,05:36:00,1126.2,1126.3,1125.8,1125.9,10120
2026-08-26T05:37:00+00:00,2026-08-26,05:37:00,1125.8,1126,1125.8,1126,5152
2026-08-26T05:38:00+00:00,2026-08-26,05:38:00,1126,1126.3,1125.8,1126,20945
2026-08-26T05:39:00+00:00,2026-08-26,05:39:00,1126,1126,1125.4,1125.8,13610
2026-08-26T05:40:00+00:00,2026-08-26,05:40:00,1125.7,1126,1125.7,1125.8,6233
2026-08-26T05:41:00+00:00,2026-08-26,05:41:00,1125.8,1126,1125.6,1125.7,6845
2026-08-26T05:42:00+00:00,2026-08-26,05:42:00,1125.8,1126,1125.7,1125.9,9087
2026-08-26T05:43:00+00:00,2026-08-26,05:43:00,1126,1126.3,1125.7,1125.7,17442
2026-08-26T05:44:00+00:00,2026-08-26,05:44:00,1126,1126.1,1125.8,1125.8,8942
2026-08-26T05:45:00+00:00,2026-08-26,05:45:00,1126,1126,1124.2,1124.5,41173
2026-08-26T05:46:00+00:00,2026-08-26,05:46:00,1124.2,1124.8,1124.1,1124.8,9011
2026-08-26T05:47:00+00:00,2026-08-26,05:47:00,1124.7,1124.8,1124.6,1124.7,6904
2026-08-26T05:48:00+00:00,2026-08-26,05:48:00,1124.8,1124.8,1124.6,1124.8,9257
2026-08-26T05:49:00+00:00,2026-08-26,05:49:00,1124.8,1125.2,1124.7,1125.1,12109
2026-08-26T05:50:00+00:00,2026-08-26,05:50:00,1125.1,1125.2,1124.8,1125,11321
2026-08-26T05:51:00+00:00,2026-08-26,05:51:00,1125,1125.3,1124.9,1125.2,7419
2026-08-26T05:52:00+00:00,2026-08-26,05:52:00,1125,1125.4,1124.8,1125,11036
2026-08-26T05:53:00+00:00,2026-08-26,05:53:00,1124.9,1125.1,1124.7,1125.1,3996
2026-08-26T05:54:00+00:00,2026-08-26,05:54:00,1125.1,1125.3,1124.9,1125.2,13969
2026-08-26T05:55:00+00:00,2026-08-26,05:55:00,1125.1,1125.2,1124.3,1125,12083
2026-08-26T05:56:00+00:00,2026-08-26,05:56:00,1125,1125,1124.6,1124.8,9558
2026-08-26T05:57:00+00:00,2026-08-26,05:57:00,1124.8,1125,1124.2,1124.2,31116
2026-08-26T05:58:00+00:00,2026-08-26,05:58:00,1124.2,1124.5,1124,1124.4,5270
2026-08-26T05:59:00+00:00,2026-08-26,05:59:00,1124.4,1124.9,1123.7,1123.9,21005
2026-08-26T06:00:00+00:00,2026-08-26,06:00:00,1124,1124,1123.1,1123.5,9131
2026-08-26T06:01:00+00:00,2026-08-26,06:01:00,1123.5,1123.5,1122.3,1123,28200
2026-08-26T06:02:00+00:00,2026-08-26,06:02:00,1122.9,1123.7,1122.8,1123.5,6200
2026-08-26T06:03:00+00:00,2026-08-26,06:03:00,1123.3,1123.9,1123.3,1123.7,8660
2026-08-26T06:04:00+00:00,2026-08-26,06:04:00,1123.4,1124,1123.3,1123.9,6560
2026-08-26T06:05:00+00:00,2026-08-26,06:05:00,1123.9,1124.2,1123.4,1124.2,7825
2026-08-26T06:06:00+00:00,2026-08-26,06:06:00,1124.2,1124.8,1123.8,1124.8,8034
2026-08-26T06:07:00+00:00,2026-08-26,06:07:00,1124.7,1124.8,1124.2,1124.5,12689
2026-08-26T06:08:00+00:00,2026-08-26,06:08:00,1124.6,1124.6,1124.2,1124.4,2705
2026-08-26T06:09:00+00:00,2026-08-26,06:09:00,1124.4,1124.6,1124,1124.3,12006
2026-08-26T06:10:00+00:00,2026-08-26,06:10:00,1124.3,1124.6,1124.1,1124.5,4143
2026-08-26T06:11:00+00:00,2026-08-26,06:11:00,1124.5,1124.5,1124.1,1124.3,4707
2026-08-26T06:12:00+00:00,2026-08-26,06:12:00,1124.3,1124.5,1124.1,1124.5,5323
2026-08-26T06:13:00+00:00,2026-08-26,06:13:00,1124.5,1124.7,1124.3,1124.7,5157
2026-08-26T06:14:00+00:00,2026-08-26,06:14:00,1124.7,1124.9,1124.5,1124.5,6609
2026-08-26T06:15:00+00:00,2026-08-26,06:15:00,1124.7,1124.7,1124.5,1124.6,9037
2026-08-26T06:16:00+00:00,2026-08-26,06:16:00,1124.6,1124.9,1124.5,1124.8,8984
2026-08-26T06:17:00+00:00,2026-08-26,06:17:00,1124.8,1124.8,1124.5,1124.8,6288
2026-08-26T06:18:00+00:00,2026-08-26,06:18:00,1124.7,1124.7,1124,1124,10772
2026-08-26T06:19:00+00:00,2026-08-26,06:19:00,1124,1124.3,1124,1124.3,3552
2026-08-26T06:20:00+00:00,2026-08-26,06:20:00,1124,1124.4,1124,1124.2,9713
2026-08-26T06:21:00+00:00,2026-08-26,06:21:00,1124.2,1124.4,1123.9,1124,7886
2026-08-26T06:22:00+00:00,2026-08-26,06:22:00,1124.2,1124.5,1123.8,1124.3,7761
2026-08-26T06:23:00+00:00,2026-08-26,06:23:00,1124.3,1124.4,1124,1124.2,9491
2026-08-26T06:24:00+00:00,2026-08-26,06:24:00,1124,1124.2,1123.7,1123.7,10408
2026-08-26T06:25:00+00:00,2026-08-26,06:25:00,1123.7,1124.4,1123.5,1124.4,4545
2026-08-26T06:26:00+00:00,2026-08-26,06:26:00,1124.4,1124.4,1124,1124,9247
2026-08-26T06:27:00+00:00,2026-08-26,06:27:00,1123.8,1124,1123.5,1123.7,13758
2026-08-26T06:28:00+00:00,2026-08-26,06:28:00,1123.7,1123.7,1123,1123.3,11188
2026-08-26T06:29:00+00:00,2026-08-26,06:29:00,1123.2,1123.3,1123.1,1123.2,4313
2026-08-26T06:30:00+00:00,2026-08-26,06:30:00,1123.2,1123.3,1123.1,1123.2,8058
2026-08-26T06:31:00+00:00,2026-08-26,06:31:00,1123.2,1123.2,1122.7,1123,10572
2026-08-26T06:32:00+00:00,2026-08-26,06:32:00,1123,1123.6,1122.9,1123.5,6939
2026-08-26T06:33:00+00:00,2026-08-26,06:33:00,1123.7,1123.7,1123.1,1123.1,9890
2026-08-26T06:34:00+00:00,2026-08-26,06:34:00,1123.3,1123.3,1122.1,1122.5,21168
2026-08-26T06:35:00+00:00,2026-08-26,06:35:00,1122.1,1122.5,1122.1,1122.4,9226
2026-08-26T06:36:00+00:00,2026-08-26,06:36:00,1122.5,1123,1122.4,1122.6,44325
2026-08-26T06:37:00+00:00,2026-08-26,06:37:00,1122.6,1122.7,1122.5,1122.7,4595
2026-08-26T06:38:00+00:00,2026-08-26,06:38:00,1122.7,1123,1122.2,1122.4,12833
2026-08-26T06:39:00+00:00,2026-08-26,06:39:00,1122.4,1122.4,1122.1,1122.2,12068
2026-08-26T06:40:00+00:00,2026-08-26,06:40:00,1122.2,1122.6,1122.1,1122.4,4577
2026-08-26T06:41:00+00:00,2026-08-26,06:41:00,1122.6,1122.7,1122.3,1122.3,10722
2026-08-26T06:42:00+00:00,2026-08-26,06:42:00,1122.3,1122.5,1122.3,1122.5,4946
2026-08-26T06:43:00+00:00,2026-08-26,06:43:00,1122.5,1122.8,1122.3,1122.5,3302
2026-08-26T06:44:00+00:00,2026-08-26,06:44:00,1122.5,1122.6,1121.8,1121.8,42906
2026-08-26T06:45:00+00:00,2026-08-26,06:45:00,1122,1122.2,1121.5,1122.2,6646
2026-08-26T06:46:00+00:00,2026-08-26,06:46:00,1122.1,1122.6,1122,1122.4,3594
2026-08-26T06:47:00+00:00,2026-08-26,06:47:00,1122.4,1122.4,1122,1122.4,3972
2026-08-26T06:48:00+00:00,2026-08-26,06:48:00,1122.4,1122.8,1122.4,1122.8,5324
2026-08-26T06:49:00+00:00,2026-08-26,06:49:00,1122.7,1122.8,1122.4,1122.7,8158
2026-08-26T06:50:00+00:00,2026-08-26,06:50:00,1122.8,1122.9,1122.4,1122.5,6863
2026-08-26T06:51:00+00:00,2026-08-26,06:51:00,1122.5,1122.5,1122.4,1122.5,7781
2026-08-26T06:52:00+00:00,2026-08-26,06:52:00,1122.4,1122.5,1122,1122.3,4797
2026-08-26T06:53:00+00:00,2026-08-26,06:53:00,1122.2,1122.5,1122.1,1122.4,7810
2026-08-26T06:54:00+00:00,2026-08-26,06:54:00,1122.3,1122.7,1122.1,1122.5,10227
2026-08-26T06:55:00+00:00,2026-08-26,06:55:00,1122.5,1122.5,1122,1122.1,7142
2026-08-26T06:56:00+00:00,2026-08-26,06:56:00,1122.3,1122.3,1121.7,1121.7,19366
2026-08-26T06:57:00+00:00,2026-08-26,06:57:00,1121.7,1121.9,1121.4,1121.5,12798
2026-08-26T06:58:00+00:00,2026-08-26,06:58:00,1121.4,1121.8,1121.2,1121.5,17449
2026-08-26T06:59:00+00:00,2026-08-26,06:59:00,1121.7,1121.9,1120.6,1121,32606
2026-08-26T07:00:00+00:00,2026-08-26,07:00:00,1121,1121,1120.6,1120.9,5737
2026-08-26T07:01:00+00:00,2026-08-26,07:01:00,1120.9,1121.7,1120.6,1121.5,38585
2026-08-26T07:02:00+00:00,2026-08-26,07:02:00,1121.5,1121.5,1121.1,1121.3,7744
2026-08-26T07:03:00+00:00,2026-08-26,07:03:00,1121.3,1121.3,1121,1121.3,7244
2026-08-26T07:04:00+00:00,2026-08-26,07:04:00,1121.3,1121.8,1121.2,1121.7,4430
2026-08-26T07:05:00+00:00,2026-08-26,07:05:00,1121.7,1122,1121.4,1121.9,5346
2026-08-26T07:06:00+00:00,2026-08-26,07:06:00,1121.9,1122.5,1121.7,1122.4,17369
2026-08-26T07:07:00+00:00,2026-08-26,07:07:00,1122.4,1122.4,1121.8,1122.2,4489
2026-08-26T07:08:00+00:00,2026-08-26,07:08:00,1122.2,1122.2,1121,1121.8,13449
2026-08-26T07:09:00+00:00,2026-08-26,07:09:00,1121.7,1121.8,1121,1121.1,5622
2026-08-26T07:10:00+00:00,2026-08-26,07:10:00,1121.2,1121.2,1121,1121.1,5603
2026-08-26T07:11:00+00:00,2026-08-26,07:11:00,1121,1121,1120.7,1120.8,8664
2026-08-26T07:12:00+00:00,2026-08-26,07:12:00,1120.8,1121.2,1120.3,1121,31089
2026-08-26T07:13:00+00:00,2026-08-26,07:13:00,1121.1,1122,1121,1121.5,19111
2026-08-26T07:14:00+00:00,2026-08-26,07:14:00,1121.5,1121.5,1121.2,1121.4,6365
2026-08-26T07:15:00+00:00,2026-08-26,07:15:00,1121.4,1121.4,1120.5,1121,6822
2026-08-26T07:16:00+00:00,2026-08-26,07:16:00,1121,1121.1,1120.6,1121.1,4852
2026-08-26T07:17:00+00:00,2026-08-26,07:17:00,1120.8,1121.3,1120.8,1121.1,6801
2026-08-26T07:18:00+00:00,2026-08-26,07:18:00,1121,1121.6,1121,1121.5,14323
2026-08-26T07:19:00+00:00,2026-08-26,07:19:00,1121.5,1121.6,1120.9,1120.9,11136
2026-08-26T07:20:00+00:00,2026-08-26,07:20:00,1120.9,1120.9,1120.3,1120.6,5976
2026-08-26T07:21:00+00:00,2026-08-26,07:21:00,1120.6,1120.6,1120.3,1120.6,4903
2026-08-26T07:22:00+00:00,2026-08-26,07:22:00,1120.6,1120.6,1119.1,1120,53555
2026-08-26T07:23:00+00:00,2026-08-26,07:23:00,1120,1120.2,1119.8,1119.8,7836
2026-08-26T07:24:00+00:00,2026-08-26,07:24:00,1119.9,1120,1119.8,1120,4101
2026-08-26T07:25:00+00:00,2026-08-26,07:25:00,1120,1120.6,1119.9,1120.6,9690
2026-08-26T07:26:00+00:00,2026-08-26,07:26:00,1120.3,1120.6,1120.3,1120.4,6454
2026-08-26T07:27:00+00:00,2026-08-26,07:27:00,1120.5,1120.7,1120.2,1120.3,8374
2026-08-26T07:28:00+00:00,2026-08-26,07:28:00,1120.3,1120.3,1119.7,1119.7,9871
2026-08-26T07:29:00+00:00,2026-08-26,07:29:00,1120,1120.5,1119.7,1120.3,10971
2026-08-26T07:30:00+00:00,2026-08-26,07:30:00,1120.5,1120.9,1120.3,1120.6,5013
2026-08-26T07:31:00+00:00,2026-08-26,07:31:00,1120.8,1120.8,1120.2,1120.3,12815
2026-08-26T07:32:00+00:00,2026-08-26,07:32:00,1120.3,1120.4,1120.1,1120.2,3602
2026-08-26T07:33:00+00:00,2026-08-26,07:33:00,1120.2,1120.7,1120.1,1120.4,7024
2026-08-26T07:34:00+00:00,2026-08-26,07:34:00,1120.4,1121,1120.4,1120.9,6761
2026-08-26T07:35:00+00:00,2026-08-26,07:35:00,1121,1121.5,1120.8,1121.5,6789
2026-08-26T07:36:00+00:00,2026-08-26,07:36:00,1121.2,1121.9,1121.2,1121.6,8376
2026-08-26T07:37:00+00:00,2026-08-26,07:37:00,1121.7,1121.7,1121,1121.6,20077
2026-08-26T07:38:00+00:00,2026-08-26,07:38:00,1121.2,1121.6,1121.1,1121.3,3933
2026-08-26T07:39:00+00:00,2026-08-26,07:39:00,1121.3,1121.3,1120.5,1120.5,31380
2026-08-26T07:40:00+00:00,2026-08-26,07:40:00,1120.8,1120.8,1120.5,1120.7,6058
2026-08-26T07:41:00+00:00,2026-08-26,07:41:00,1120.7,1121.4,1120.6,1121.3,8003
2026-08-26T07:42:00+00:00,2026-08-26,07:42:00,1121.2,1121.4,1121,1121.1,6325
2026-08-26T07:43:00+00:00,2026-08-26,07:43:00,1121.1,1121.3,1121,1121.3,3637
2026-08-26T07:44:00+00:00,2026-08-26,07:44:00,1121.1,1121.4,1121.1,1121.1,3325
2026-08-26T07:45:00+00:00,2026-08-26,07:45:00,1121.2,1121.5,1121.1,1121.2,11460
2026-08-26T07:46:00+00:00,2026-08-26,07:46:00,1121.5,1121.5,1121.1,1121.4,29060
2026-08-26T07:47:00+00:00,2026-08-26,07:47:00,1121.4,1121.4,1121,1121,7738
2026-08-26T07:48:00+00:00,2026-08-26,07:48:00,1121,1121.2,1120.9,1120.9,6061
2026-08-26T07:49:00+00:00,2026-08-26,07:49:00,1121,1121,1120.8,1120.8,3455
2026-08-26T07:50:00+00:00,2026-08-26,07:50:00,1120.8,1121,1120.6,1121,10864
2026-08-26T07:51:00+00:00,2026-08-26,07:51:00,1120.6,1121,1119.7,1120,38845
2026-08-26T07:52:00+00:00,2026-08-26,07:52:00,1120,1120.4,1120,1120.4,2681
2026-08-26T07:53:00+00:00,2026-08-26,07:53:00,1120.4,1120.4,1119.6,1119.6,8243
2026-08-26T07:54:00+00:00,2026-08-26,07:54:00,1119.9,1119.9,1119.2,1119.9,13185
2026-08-26T07:55:00+00:00,2026-08-26,07:55:00,1119.7,1120,1119.6,1119.7,5117
2026-08-26T07:56:00+00:00,2026-08-26,07:56:00,1119.8,1120.2,1119.7,1120.2,2386
2026-08-26T07:57:00+00:00,2026-08-26,07:57:00,1120.1,1120.2,1120,1120,9890
2026-08-26T07:58:00+00:00,2026-08-26,07:58:00,1120.1,1120.1,1119.8,1119.8,12092
2026-08-26T07:59:00+00:00,2026-08-26,07:59:00,1119.9,1120.1,1119.8,1120,5239
2026-08-26T08:00:00+00:00,2026-08-26,08:00:00,1120,1120.3,1119.9,1120,6970
2026-08-26T08:01:00+00:00,2026-08-26,08:01:00,1120,1120,1119.4,1119.5,10825
2026-08-26T08:02:00+00:00,2026-08-26,08:02:00,1119.5,1119.8,1119.4,1119.5,7556
2026-08-26T08:03:00+00:00,2026-08-26,08:03:00,1119.5,1120,1119.3,1119.9,7084
2026-08-26T08:04:00+00:00,2026-08-26,08:04:00,1119.8,1119.9,1119.6,1119.7,5872
2026-08-26T08:05:00+00:00,2026-08-26,08:05:00,1119.7,1119.9,1119.5,1119.6,11392
2026-08-26T08:06:00+00:00,2026-08-26,08:06:00,1119.6,1119.9,1119,1119.3,23792
2026-08-26T08:07:00+00:00,2026-08-26,08:07:00,1119.3,1119.3,1119,1119.1,9192
2026-08-26T08:08:00+00:00,2026-08-26,08:08:00,1119.1,1119.2,1119.1,1119.2,5394
2026-08-26T08:09:00+00:00,2026-08-26,08:09:00,1119.2,1119.2,1119.1,1119.2,4610
2026-08-26T08:10:00+00:00,2026-08-26,08:10:00,1119.1,1119.2,1119.1,1119.1,12059
2026-08-26T08:11:00+00:00,2026-08-26,08:11:00,1119.1,1119.5,1119,1119.1,8431
2026-08-26T08:12:00+00:00,2026-08-26,08:12:00,1119.1,1119.2,1118.8,1119,13617
2026-08-26T08:13:00+00:00,2026-08-26,08:13:00,1118.9,1119.6,1118.9,1119.5,5587
2026-08-26T08:14:00+00:00,2026-08-26,08:14:00,1119.5,1119.5,1119.3,1119.4,6092
2026-08-26T08:15:00+00:00,2026-08-26,08:15:00,1119.4,1119.4,1118.9,1119.2,11326
2026-08-26T08:16:00+00:00,2026-08-26,08:16:00,1119,1119.2,1118.8,1118.9,6237
2026-08-26T08:17:00+00:00,2026-08-26,08:17:00,1118.8,1118.9,1118.3,1118.6,9613
2026-08-26T08:18:00+00:00,2026-08-26,08:18:00,1118.8,1119.2,1118.5,1119,8402
2026-08-26T08:19:00+00:00,2026-08-26,08:19:00,1118.9,1119.2,1118.8,1119.2,5242
2026-08-26T08:20:00+00:00,2026-08-26,08:20:00,1119.2,1119.5,1119,1119.3,8459
2026-08-26T08:21:00+00:00,2026-08-26,08:21:00,1119.2,1119.2,1118.9,1119,4741
2026-08-26T08:22:00+00:00,2026-08-26,08:22:00,1119,1119.3,1118.9,1119.3,4526
2026-08-26T08:23:00+00:00,2026-08-26,08:23:00,1119.1,1119.6,1119.1,1119.4,8722
2026-08-26T08:24:00+00:00,2026-08-26,08:24:00,1119.5,1119.5,1119,1119.1,11147
2026-08-26T08:25:00+00:00,2026-08-26,08:25:00,1119.1,1119.5,1119,1119.5,8431
2026-08-26T08:26:00+00:00,2026-08-26,08:26:00,1119.3,1119.5,1119.2,1119.2,2777
2026-08-26T08:27:00+00:00,2026-08-26,08:27:00,1119.3,1119.5,1119.2,1119.2,3123
2026-08-26T08:28:00+00:00,2026-08-26,08:28:00,1119.5,1119.9,1119.3,1119.9,8307
2026-08-26T08:29:00+00:00,2026-08-26,08:29:00,1119.9,1120.1,1119,1119.6,44180
2026-08-26T08:30:00+00:00,2026-08-26,08:30:00,1119.6,1120,1119.5,1120,7205
2026-08-26T08:31:00+00:00,2026-08-26,08:31:00,1120,1120.2,1119.9,1120.2,3419
2026-08-26T08:32:00+00:00,2026-08-26,08:32:00,1120,1120.4,1119.6,1120.3,14951
2026-08-26T08:33:00+00:00,2026-08-26,08:33:00,1120.4,1120.5,1120.1,1120.4,9365
2026-08-26T08:34:00+00:00,2026-08-26,08:34:00,1120.5,1120.5,1120.4,1120.5,3407
2026-08-26T08:35:00+00:00,2026-08-26,08:35:00,1120.5,1120.5,1120.4,1120.5,6615
2026-08-26T08:36:00+00:00,2026-08-26,08:36:00,1120.5,1120.5,1120.3,1120.4,11638
2026-08-26T08:37:00+00:00,2026-08-26,08:37:00,1120.4,1120.4,1119.8,1120,5389
2026-08-26T08:38:00+00:00,2026-08-26,08:38:00,1120.1,1120.4,1120,1120.3,12835
2026-08-26T08:39:00+00:00,2026-08-26,08:39:00,1120.3,1120.5,1120.3,1120.5,27847
2026-08-26T08:40:00+00:00,2026-08-26,08:40:00,1120.5,1120.8,1120.4,1120.8,33749
2026-08-26T08:41:00+00:00,2026-08-26,08:41:00,1120.8,1121,1120.8,1120.9,5148
2026-08-26T08:42:00+00:00,2026-08-26,08:42:00,1120.9,1121.5,1120.9,1121.5,12740
2026-08-26T08:43:00+00:00,2026-08-26,08:43:00,1121.5,1121.5,1121.4,1121.4,10950
2026-08-26T08:44:00+00:00,2026-08-26,08:44:00,1121.5,1121.7,1121.1,1121.1,17173
2026-08-26T08:45:00+00:00,2026-08-26,08:45:00,1121.2,1121.3,1121.1,1121.2,2581
2026-08-26T08:46:00+00:00,2026-08-26,08:46:00,1121.2,1121.6,1121.1,1121.4,6189
2026-08-26T08:47:00+00:00,2026-08-26,08:47:00,1121.5,1121.7,1121.4,1121.5,5069
2026-08-26T08:48:00+00:00,2026-08-26,08:48:00,1121.5,1121.8,1121.4,1121.7,3758
2026-08-26T08:49:00+00:00,2026-08-26,08:49:00,1121.6,1121.9,1121.6,1121.9,10942
2026-08-26T08:50:00+00:00,2026-08-26,08:50:00,1121.9,1122.6,1121.8,1122.5,15277
2026-08-26T08:51:00+00:00,2026-08-26,08:51:00,1122.5,1122.6,1122.3,1122.4,7114
2026-08-26T08:52:00+00:00,2026-08-26,08:52:00,1122.3,1122.4,1122,1122,9077
2026-08-26T08:53:00+00:00,2026-08-26,08:53:00,1122.3,1122.3,1121.5,1121.5,7188
2026-08-26T08:54:00+00:00,2026-08-26,08:54:00,1121.8,1121.8,1121.2,1121.5,5580
2026-08-26T08:55:00+00:00,2026-08-26,08:55:00,1121.2,1121.5,1121.2,1121.5,4341
2026-08-26T08:56:00+00:00,2026-08-26,08:56:00,1121.4,1121.5,1121.4,1121.5,3446
2026-08-26T08:57:00+00:00,2026-08-26,08:57:00,1121.6,1122.3,1121.5,1121.9,13416
2026-08-26T08:58:00+00:00,2026-08-26,08:58:00,1121.9,1122.5,1121.6,1122.4,15041
2026-08-26T08:59:00+00:00,2026-08-26,08:59:00,1122.1,1122.4,1122,1122.3,6551
2026-08-26T09:00:00+00:00,2026-08-26,09:00:00,1122.3,1122.3,1121.6,1121.6,9443
2026-08-26T09:01:00+00:00,2026-08-26,09:01:00,1121.9,1122.2,1121.6,1122.2,6954
2026-08-26T09:02:00+00:00,2026-08-26,09:02:00,1122.2,1122.4,1121.5,1122,13314
2026-08-26T09:03:00+00:00,2026-08-26,09:03:00,1121.7,1122,1121.4,1121.7,4792
2026-08-26T09:04:00+00:00,2026-08-26,09:04:00,1122,1122.5,1121.8,1122.4,15194
2026-08-26T09:05:00+00:00,2026-08-26,09:05:00,1122.1,1122.5,1122.1,1122.5,13993
2026-08-26T09:06:00+00:00,2026-08-26,09:06:00,1122.4,1122.4,1121.7,1122.2,7776
2026-08-26T09:07:00+00:00,2026-08-26,09:07:00,1121.8,1122.4,1121.8,1122.2,5267
2026-08-26T09:08:00+00:00,2026-08-26,09:08:00,1122.2,1122.4,1122.2,1122.3,4046
2026-08-26T09:09:00+00:00,2026-08-26,09:09:00,1122.5,1122.5,1122.3,1122.4,3024
2026-08-26T09:10:00+00:00,2026-08-26,09:10:00,1122.4,1122.5,1122.4,1122.5,10868
2026-08-26T09:11:00+00:00,2026-08-26,09:11:00,1122.5,1122.5,1122.4,1122.5,3823
2026-08-26T09:12:00+00:00,2026-08-26,09:12:00,1122.4,1122.5,1122.3,1122.4,9469
2026-08-26T09:13:00+00:00,2026-08-26,09:13:00,1122.4,1122.4,1122.3,1122.3,6691
2026-08-26T09:14:00+00:00,2026-08-26,09:14:00,1122.2,1122.3,1122.1,1122.3,4756
2026-08-26T09:15:00+00:00,2026-08-26,09:15:00,1122.3,1122.3,1122.2,1122.3,3776
2026-08-26T09:16:00+00:00,2026-08-26,09:16:00,1122.2,1122.5,1122.2,1122.5,35444
2026-08-26T09:17:00+00:00,2026-08-26,09:17:00,1122.9,1123.3,1122.7,1123.3,10441
2026-08-26T09:18:00+00:00,2026-08-26,09:18:00,1123.1,1123.5,1123,1123,14940
2026-08-26T09:19:00+00:00,2026-08-26,09:19:00,1123,1123.3,1122.8,1123,11913
2026-08-26T09:20:00+00:00,2026-08-26,09:20:00,1122.7,1122.7,1121.9,1122.3,14186
2026-08-26T09:21:00+00:00,2026-08-26,09:21:00,1122.1,1122.5,1121.9,1122.5,10731
2026-08-26T09:22:00+00:00,2026-08-26,09:22:00,1122.1,1123,1122.1,1122.5,17063
2026-08-26T09:23:00+00:00,2026-08-26,09:23:00,1122.5,1123.2,1122.5,1123.2,8878
2026-08-26T09:24:00+00:00,2026-08-26,09:24:00,1122.8,1123.2,1122.8,1122.9,8237
2026-08-26T09:25:00+00:00,2026-08-26,09:25:00,1122.7,1123,1122.3,1122.5,5378
2026-08-26T09:26:00+00:00,2026-08-26,09:26:00,1122.5,1122.9,1122.4,1122.7,11422
2026-08-26T09:27:00+00:00,2026-08-26,09:27:00,1122.7,1122.9,1122.7,1122.7,5565
2026-08-26T09:28:00+00:00,2026-08-26,09:28:00,1122.9,1122.9,1122.2,1122.2,13644
2026-08-26T09:29:00+00:00,2026-08-26,09:29:00,1122.4,1122.5,1122,1122.5,18000
2026-08-26T09:30:00+00:00,2026-08-26,09:30:00,1122.5,1122.5,1121,1121.6,42237
2026-08-26T09:31:00+00:00,2026-08-26,09:31:00,1121.9,1122.3,1121.5,1122.3,13033
2026-08-26T09:32:00+00:00,2026-08-26,09:32:00,1122.3,1122.5,1122.1,1122.2,15217
2026-08-26T09:33:00+00:00,2026-08-26,09:33:00,1122.3,1122.5,1121.9,1122.4,25661
2026-08-26T09:34:00+00:00,2026-08-26,09:34:00,1122.3,1122.5,1122,1122.4,18911
2026-08-26T09:35:00+00:00,2026-08-26,09:35:00,1122.1,1122.4,1121.3,1122,39733
2026-08-26T09:36:00+00:00,2026-08-26,09:36:00,1121.9,1122.1,1120.8,1121.5,30431
2026-08-26T09:37:00+00:00,2026-08-26,09:37:00,1121.6,1122,1121,1121.9,17296
2026-08-26T09:38:00+00:00,2026-08-26,09:38:00,1122,1122,1121.6,1121.7,34340
2026-08-26T09:39:00+00:00,2026-08-26,09:39:00,1121.7,1121.7,1120.5,1121.5,42513
2026-08-26T09:40:00+00:00,2026-08-26,09:40:00,1121.6,1122.4,1121.1,1122.4,40315
2026-08-26T09:41:00+00:00,2026-08-26,09:41:00,1122.4,1123,1122.1,1122.9,25128
2026-08-26T09:42:00+00:00,2026-08-26,09:42:00,1122.7,1122.9,1121,1122.3,96669
2026-08-26T09:43:00+00:00,2026-08-26,09:43:00,1122.2,1122.8,1122,1122.7,18908
2026-08-26T09:44:00+00:00,2026-08-26,09:44:00,1122.7,1123,1122,1122.9,12810
2026-08-26T09:45:00+00:00,2026-08-26,09:45:00,1122.7,1123,1122,1122.9,12810
2026-08-26T09:46:00+00:00,2026-08-26,09:46:00,1122.7,1123,1122,1122.9,12810
2026-08-26T09:47:00+00:00,2026-08-26,09:47:00,1122.7,1123,1122,1122.9,12810
2026-08-26T09:48:00+00:00,2026-08-26,09:48:00,1122.7,1123,1122,1122.9,12810
2026-08-26T09:49:00+00:00,2026-08-26,09:49:00,1122.7,1123,1122,1122.9,12810
2026-08-26T09:50:00+00:00,2026-08-26,09:50:00,1122.7,1123,1122,1122.9,12810
2026-08-26T09:51:00+00:00,2026-08-26,09:51:00,1122.7,1123,1122,1122.9,12810
2026-08-26T09:52:00+00:00,2026-08-26,09:52:00,1122.7,1123,1122,1122.9,12810
2026-08-26T09:53:00+00:00,2026-08-26,09:53:00,1122.7,1123,1122,1122.9,12810
2026-08-26T09:54:00+00:00,2026-08-26,09:54:00,1122.7,1123,1122,1122.9,12810
2026-08-26T09:55:00+00:00,2026-08-26,09:55:00,1122.7,1123,1122,1122.9,12810
2026-08-26T09:56:00+00:00,2026-08-26,09:56:00,1122.7,1123,1122,1122.9,12810
2026-08-26T09:57:00+00:00,2026-08-26,09:57:00,1122.7,1123,1122,1122.9,12810
2026-08-26T09:58:00+00:00,2026-08-26,09:58:00,1120,1120,1120,1120,0
2026-08-26T09:59:00+00:00,2026-08-26,09:59:00,1120,1120,1120,1120,0
2026-08-26T10:00:00+00:00,2026-08-26,10:00:00,1120,1120,1120,1120,0
2026-08-27T03:45:00+00:00,2026-08-27,03:45:00,1119.8,1130.7,1119.7,1129.2,210658
2026-08-27T03:46:00+00:00,2026-08-27,03:46:00,1129.5,1129.5,1123.4,1124,55593
2026-08-27T03:47:00+00:00,2026-08-27,03:47:00,1123.8,1123.8,1122,1122.8,28610
2026-08-27T03:48:00+00:00,2026-08-27,03:48:00,1123,1124,1122.3,1123.5,29042
2026-08-27T03:49:00+00:00,2026-08-27,03:49:00,1123.2,1123.5,1122.3,1122.5,16373
2026-08-27T03:50:00+00:00,2026-08-27,03:50:00,1122.6,1125.8,1122.6,1125.8,28586
2026-08-27T03:51:00+00:00,2026-08-27,03:51:00,1125.1,1126.1,1123.3,1123.9,57634
2026-08-27T03:52:00+00:00,2026-08-27,03:52:00,1123.9,1123.9,1121.5,1121.5,21539
2026-08-27T03:53:00+00:00,2026-08-27,03:53:00,1121.7,1122.3,1120.8,1120.8,25990
2026-08-27T03:54:00+00:00,2026-08-27,03:54:00,1121.3,1121.9,1120.8,1121.3,16241
2026-08-27T03:55:00+00:00,2026-08-27,03:55:00,1121.3,1121.4,1118.5,1118.5,61223
2026-08-27T03:56:00+00:00,2026-08-27,03:56:00,1118.8,1118.8,1117.1,1117.2,25988
2026-08-27T03:57:00+00:00,2026-08-27,03:57:00,1117.5,1117.6,1116.2,1116.5,24003
2026-08-27T03:58:00+00:00,2026-08-27,03:58:00,1116.6,1117.3,1116,1117.3,16626
2026-08-27T03:59:00+00:00,2026-08-27,03:59:00,1117.3,1117.5,1116.7,1116.9,11227
2026-08-27T04:00:00+00:00,2026-08-27,04:00:00,1117.2,1117.3,1116.2,1116.7,15730
2026-08-27T04:01:00+00:00,2026-08-27,04:01:00,1116.5,1117.8,1116.2,1116.6,21004
2026-08-27T04:02:00+00:00,2026-08-27,04:02:00,1116.1,1116.1,1115.1,1115.6,46775
2026-08-27T04:03:00+00:00,2026-08-27,04:03:00,1115.6,1117.3,1115.5,1117.3,15830
2026-08-27T04:04:00+00:00,2026-08-27,04:04:00,1116.9,1117.3,1116.1,1117,10846
2026-08-27T04:05:00+00:00,2026-08-27,04:05:00,1116.7,1118.7,1116.7,1117.6,22723
2026-08-27T04:06:00+00:00,2026-08-27,04:06:00,1117.5,1118,1117.3,1117.6,10641
2026-08-27T04:07:00+00:00,2026-08-27,04:07:00,1117.6,1118,1117.1,1117.9,10819
2026-08-27T04:08:00+00:00,2026-08-27,04:08:00,1117.9,1117.9,1117.3,1117.8,9681
2026-08-27T04:09:00+00:00,2026-08-27,04:09:00,1117.7,1118.3,1117.5,1117.7,10008
2026-08-27T04:10:00+00:00,2026-08-27,04:10:00,1118,1118.6,1117.8,1118.3,11689
2026-08-27T04:11:00+00:00,2026-08-27,04:11:00,1118.3,1118.5,1118,1118.4,6571
2026-08-27T04:12:00+00:00,2026-08-27,04:12:00,1118.4,1118.4,1118.1,1118.2,7969
2026-08-27T04:13:00+00:00,2026-08-27,04:13:00,1118.3,1118.6,1118.2,1118.3,13198
2026-08-27T04:14:00+00:00,2026-08-27,04:14:00,1118.4,1119.6,1118.2,1119.3,16742
2026-08-27T04:15:00+00:00,2026-08-27,04:15:00,1119.2,1120.7,1119,1120.6,19020
2026-08-27T04:16:00+00:00,2026-08-27,04:16:00,1120.5,1121.1,1120.5,1120.6,14066
2026-08-27T04:17:00+00:00,2026-08-27,04:17:00,1120.7,1120.8,1120,1120.6,12633
2026-08-27T04:18:00+00:00,2026-08-27,04:18:00,1120.6,1120.6,1118.9,1119.1,12333
2026-08-27T04:19:00+00:00,2026-08-27,04:19:00,1119.5,1120,1119.1,1120,8191
2026-08-27T04:20:00+00:00,2026-08-27,04:20:00,1119.9,1120,1119.5,1119.5,10046
2026-08-27T04:21:00+00:00,2026-08-27,04:21:00,1119.6,1119.8,1118.5,1118.9,10206
2026-08-27T04:22:00+00:00,2026-08-27,04:22:00,1118.9,1119.6,1118.7,1119.1,9628
2026-08-27T04:23:00+00:00,2026-08-27,04:23:00,1119.1,1119.4,1118.2,1118.5,10379
2026-08-27T04:24:00+00:00,2026-08-27,04:24:00,1118.4,1118.8,1117.6,1117.8,10538
2026-08-27T04:25:00+00:00,2026-08-27,04:25:00,1117.6,1117.6,1116.3,1116.3,33999
2026-08-27T04:26:00+00:00,2026-08-27,04:26:00,1116.3,1117.4,1116,1117,11388
2026-08-27T04:27:00+00:00,2026-08-27,04:27:00,1117.3,1117.7,1117.1,1117.4,8532
2026-08-27T04:28:00+00:00,2026-08-27,04:28:00,1117.4,1117.7,1116.2,1116.4,29512
2026-08-27T04:29:00+00:00,2026-08-27,04:29:00,1116.9,1117,1115.6,1116.8,14782
2026-08-27T04:30:00+00:00,2026-08-27,04:30:00,1116.8,1116.9,1116.4,1116.8,6861
2026-08-27T04:31:00+00:00,2026-08-27,04:31:00,1116.6,1117,1116.4,1116.5,7847
2026-08-27T04:32:00+00:00,2026-08-27,04:32:00,1116.7,1117.9,1116.5,1117.7,11731
2026-08-27T04:33:00+00:00,2026-08-27,04:33:00,1117.5,1118.3,1117.4,1118,11764
2026-08-27T04:34:00+00:00,2026-08-27,04:34:00,1118.2,1118.3,1117.8,1117.8,6848
2026-08-27T04:35:00+00:00,2026-08-27,04:35:00,1118,1118,1116.9,1117.3,9138
2026-08-27T04:36:00+00:00,2026-08-27,04:36:00,1117.5,1117.5,1116.7,1117.2,9801
2026-08-27T04:37:00+00:00,2026-08-27,04:37:00,1117.2,1118.6,1117.1,1118.3,10634
2026-08-27T04:38:00+00:00,2026-08-27,04:38:00,1118.4,1119.4,1118,1118.7,7606
2026-08-27T04:39:00+00:00,2026-08-27,04:39:00,1118.5,1119.5,1118.5,1118.8,13311
2026-08-27T04:40:00+00:00,2026-08-27,04:40:00,1119,1119.1,1118.4,1118.9,13727
2026-08-27T04:41:00+00:00,2026-08-27,04:41:00,1118.8,1118.9,1118.1,1118.2,6979
2026-08-27T04:42:00+00:00,2026-08-27,04:42:00,1118.2,1118.5,1118.1,1118.5,6569
2026-08-27T04:43:00+00:00,2026-08-27,04:43:00,1118.1,1118.6,1117.7,1117.7,9259
2026-08-27T04:44:00+00:00,2026-08-27,04:44:00,1117.7,1117.9,1115.7,1116.3,27981
2026-08-27T04:45:00+00:00,2026-08-27,04:45:00,1115.9,1117.3,1115.7,1117.3,12091
2026-08-27T04:46:00+00:00,2026-08-27,04:46:00,1117.3,1117.6,1117.2,1117.5,6027
2026-08-27T04:47:00+00:00,2026-08-27,04:47:00,1117.2,1117.6,1117.2,1117.2,7846
2026-08-27T04:48:00+00:00,2026-08-27,04:48:00,1117.5,1117.5,1116.1,1116.9,9813
2026-08-27T04:49:00+00:00,2026-08-27,04:49:00,1116.9,1116.9,1116.2,1116.4,6852
2026-08-27T04:50:00+00:00,2026-08-27,04:50:00,1116.4,1117,1116.2,1116.5,10589
2026-08-27T04:51:00+00:00,2026-08-27,04:51:00,1116.9,1117.2,1116.5,1116.8,7109
2026-08-27T04:52:00+00:00,2026-08-27,04:52:00,1116.8,1118,1116.7,1117.5,10821
2026-08-27T04:53:00+00:00,2026-08-27,04:53:00,1117.9,1117.9,1116,1116,24606
2026-08-27T04:54:00+00:00,2026-08-27,04:54:00,1116.1,1116.1,1115.5,1116,10112
2026-08-27T04:55:00+00:00,2026-08-27,04:55:00,1115.7,1116.1,1114.3,1115,151573
2026-08-27T04:56:00+00:00,2026-08-27,04:56:00,1114.6,1115.9,1114.6,1115.7,10840
2026-08-27T04:57:00+00:00,2026-08-27,04:57:00,1115.4,1115.7,1114.1,1114.1,10360
2026-08-27T04:58:00+00:00,2026-08-27,04:58:00,1114.1,1114.8,1113,1113,21843
2026-08-27T04:59:00+00:00,2026-08-27,04:59:00,1113,1113.3,1112.7,1112.8,15125
2026-08-27T05:00:00+00:00,2026-08-27,05:00:00,1112.9,1113,1110.7,1111,140946
2026-08-27T05:01:00+00:00,2026-08-27,05:01:00,1111.1,1113,1111.1,1112.4,16100
2026-08-27T05:02:00+00:00,2026-08-27,05:02:00,1112.4,1112.5,1111.6,1111.8,10840
2026-08-27T05:03:00+00:00,2026-08-27,05:03:00,1112,1112.4,1111.6,1111.9,15404
2026-08-27T05:04:00+00:00,2026-08-27,05:04:00,1111.9,1112.5,1111.8,1112.4,11785
2026-08-27T05:05:00+00:00,2026-08-27,05:05:00,1112.4,1112.9,1112.2,1112.9,10498
2026-08-27T05:06:00+00:00,2026-08-27,05:06:00,1112.9,1112.9,1112.5,1112.7,7482
2026-08-27T05:07:00+00:00,2026-08-27,05:07:00,1112.7,1113.2,1112.6,1112.7,8888
2026-08-27T05:08:00+00:00,2026-08-27,05:08:00,1113,1113.5,1112.6,1112.9,7576
2026-08-27T05:09:00+00:00,2026-08-27,05:09:00,1113.1,1113.3,1111.7,1112,13317
2026-08-27T05:10:00+00:00,2026-08-27,05:10:00,1112.3,1112.7,1112,1112.2,7623
2026-08-27T05:11:00+00:00,2026-08-27,05:11:00,1112.2,1112.5,1112,1112.4,12526
2026-08-27T05:12:00+00:00,2026-08-27,05:12:00,1112.4,1112.5,1111.9,1112,8148
2026-08-27T05:13:00+00:00,2026-08-27,05:13:00,1112.1,1112.4,1111.6,1111.8,9747
2026-08-27T05:14:00+00:00,2026-08-27,05:14:00,1112.2,1112.2,1110.3,1110.6,18730
2026-08-27T05:15:00+00:00,2026-08-27,05:15:00,1110.6,1111,1110.2,1110.2,11551
2026-08-27T05:16:00+00:00,2026-08-27,05:16:00,1110.5,1113.3,1110.2,1113,17652
2026-08-27T05:17:00+00:00,2026-08-27,05:17:00,1112.8,1113.5,1112.8,1113.1,8381
2026-08-27T05:18:00+00:00,2026-08-27,05:18:00,1113.3,1113.3,1112.4,1112.8,10535
2026-08-27T05:19:00+00:00,2026-08-27,05:19:00,1112.7,1112.8,1112.3,1112.8,8416
2026-08-27T05:20:00+00:00,2026-08-27,05:20:00,1112.9,1113.5,1112.9,1113.4,7807
2026-08-27T05:21:00+00:00,2026-08-27,05:21:00,1113.5,1113.8,1113,1113.1,11823
2026-08-27T05:22:00+00:00,2026-08-27,05:22:00,1113.3,1113.5,1113.1,1113.3,8155
2026-08-27T05:23:00+00:00,2026-08-27,05:23:00,1113.3,1113.5,1113.2,1113.5,7199
2026-08-27T05:24:00+00:00,2026-08-27,05:24:00,1113.5,1113.7,1113.2,1113.4,24978
2026-08-27T05:25:00+00:00,2026-08-27,05:25:00,1113.6,1114.1,1113.3,1114.1,19920
2026-08-27T05:26:00+00:00,2026-08-27,05:26:00,1113.9,1114.9,1113.8,1114.4,14685
2026-08-27T05:27:00+00:00,2026-08-27,05:27:00,1114.4,1115,1114.1,1114.8,9172
2026-08-27T05:28:00+00:00,2026-08-27,05:28:00,1114.8,1115.2,1114.5,1115,8533
2026-08-27T05:29:00+00:00,2026-08-27,05:29:00,1115,1115.1,1113.8,1114.5,8892
2026-08-27T05:30:00+00:00,2026-08-27,05:30:00,1114.5,1114.5,1113.6,1113.9,8196
2026-08-27T05:31:00+00:00,2026-08-27,05:31:00,1113.9,1114.2,1113.1,1113.4,9789
2026-08-27T05:32:00+00:00,2026-08-27,05:32:00,1113.5,1114.8,1113.2,1114.8,10756
2026-08-27T05:33:00+00:00,2026-08-27,05:33:00,1114.7,1114.9,1114.4,1114.9,7371
2026-08-27T05:34:00+00:00,2026-08-27,05:34:00,1114.9,1115.1,1114.5,1114.9,6525
2026-08-27T05:35:00+00:00,2026-08-27,05:35:00,1115.1,1115.5,1115,1115.2,9065
2026-08-27T05:36:00+00:00,2026-08-27,05:36:00,1115.2,1115.4,1114.1,1114.5,8237
2026-08-27T05:37:00+00:00,2026-08-27,05:37:00,1114.5,1115.2,1114.1,1114.8,11453
2026-08-27T05:38:00+00:00,2026-08-27,05:38:00,1114.8,1115.1,1114.4,1115.1,6352
2026-08-27T05:39:00+00:00,2026-08-27,05:39:00,1114.8,1115.5,1114.8,1115,8255
2026-08-27T05:40:00+00:00,2026-08-27,05:40:00,1115,1115,1114.2,1114.3,12870
2026-08-27T05:41:00+00:00,2026-08-27,05:41:00,1114.5,1114.6,1113.6,1113.7,8308
2026-08-27T05:42:00+00:00,2026-08-27,05:42:00,1113.7,1114.5,1113.5,1114.3,8000
2026-08-27T05:43:00+00:00,2026-08-27,05:43:00,1114.2,1114.6,1112.1,1112.1,20930
2026-08-27T05:44:00+00:00,2026-08-27,05:44:00,1112.1,1112.9,1112,1112.7,3673
2026-08-27T05:45:00+00:00,2026-08-27,05:45:00,1112.4,1112.9,1112.2,1112.7,7001
2026-08-27T05:46:00+00:00,2026-08-27,05:46:00,1112.3,1112.8,1112.2,1112.6,2674
2026-08-27T05:47:00+00:00,2026-08-27,05:47:00,1112.4,1113.2,1112.4,1113.1,4317
2026-08-27T05:48:00+00:00,2026-08-27,05:48:00,1113.2,1114,1113,1114,3520
2026-08-27T05:49:00+00:00,2026-08-27,05:49:00,1114,1114.5,1113.8,1114.5,3362
2026-08-27T05:50:00+00:00,2026-08-27,05:50:00,1114.3,1114.3,1113.6,1114,5525
2026-08-27T05:51:00+00:00,2026-08-27,05:51:00,1114,1114,1112.5,1113,5470
2026-08-27T05:52:00+00:00,2026-08-27,05:52:00,1113,1113.5,1112.5,1112.9,2723
2026-08-27T05:53:00+00:00,2026-08-27,05:53:00,1112.9,1112.9,1112.2,1112.9,4422
2026-08-27T05:54:00+00:00,2026-08-27,05:54:00,1112.9,1112.9,1112,1112.5,6959
2026-08-27T05:55:00+00:00,2026-08-27,05:55:00,1112.5,1112.5,1112.2,1112.2,2143
2026-08-27T05:56:00+00:00,2026-08-27,05:56:00,1112.5,1112.5,1111.5,1111.5,4368
2026-08-27T05:57:00+00:00,2026-08-27,05:57:00,1111.9,1112.2,1111.4,1111.5,3597
2026-08-27T05:58:00+00:00,2026-08-27,05:58:00,1111.5,1112.2,1111.5,1112,3099
2026-08-27T05:59:00+00:00,2026-08-27,05:59:00,1111.6,1112.2,1111.5,1112.2,3396
2026-08-27T06:00:00+00:00,2026-08-27,06:00:00,1112.3,1112.3,1111.6,1111.6,1681
2026-08-27T06:01:00+00:00,2026-08-27,06:01:00,1112,1112.1,1111.6,1111.8,2193
2026-08-27T06:02:00+00:00,2026-08-27,06:02:00,1111.8,1112.3,1111.7,1111.7,4213
2026-08-27T06:03:00+00:00,2026-08-27,06:03:00,1111.7,1112.4,1110.7,1110.9,24909
2026-08-27T06:04:00+00:00,2026-08-27,06:04:00,1111.3,1111.4,1110.5,1110.8,7157
2026-08-27T06:05:00+00:00,2026-08-27,06:05:00,1110.8,1111.3,1110.7,1111.1,4093
2026-08-27T06:06:00+00:00,2026-08-27,06:06:00,1111.2,1111.2,1110.6,1111,6609
2026-08-27T06:07:00+00:00,2026-08-27,06:07:00,1111,1111.7,1110.7,1111,25505
2026-08-27T06:08:00+00:00,2026-08-27,06:08:00,1111,1111.3,1110.6,1110.8,2850
2026-08-27T06:09:00+00:00,2026-08-27,06:09:00,1110.8,1111.2,1110.8,1111,2774
2026-08-27T06:10:00+00:00,2026-08-27,06:10:00,1111.1,1111.1,1110.7,1111.1,2994
2026-08-27T06:11:00+00:00,2026-08-27,06:11:00,1110.7,1111.1,1110.5,1110.7,3772
2026-08-27T06:12:00+00:00,2026-08-27,06:12:00,1110.7,1110.8,1109.2,1109.5,36231
2026-08-27T06:13:00+00:00,2026-08-27,06:13:00,1109.7,1110.3,1109.7,1109.8,7627
2026-08-27T06:14:00+00:00,2026-08-27,06:14:00,1110,1110,1109.8,1109.9,3151
2026-08-27T06:15:00+00:00,2026-08-27,06:15:00,1110,1110,1109.8,1110,3365
2026-08-27T06:16:00+00:00,2026-08-27,06:16:00,1109.9,1110,1109.8,1109.9,7514
2026-08-27T06:17:00+00:00,2026-08-27,06:17:00,1109.9,1110.5,1109.9,1110.3,13132
2026-08-27T06:18:00+00:00,2026-08-27,06:18:00,1110.4,1110.8,1110.3,1110.7,2632
2026-08-27T06:19:00+00:00,2026-08-27,06:19:00,1110.4,1110.7,1110.3,1110.6,3455
2026-08-27T06:20:00+00:00,2026-08-27,06:20:00,1110.6,1110.6,1109.6,1110,6742
2026-08-27T06:21:00+00:00,2026-08-27,06:21:00,1110,1110,1109.7,1109.8,5193
2026-08-27T06:22:00+00:00,2026-08-27,06:22:00,1110,1110,1109.8,1109.8,9535
2026-08-27T06:23:00+00:00,2026-08-27,06:23:00,1110,1110.1,1109.7,1110,6881
2026-08-27T06:24:00+00:00,2026-08-27,06:24:00,1109.9,1110.1,1109.8,1110.1,6562
2026-08-27T06:25:00+00:00,2026-08-27,06:25:00,1110,1110.1,1109.8,1109.9,4879
2026-08-27T06:26:00+00:00,2026-08-27,06:26:00,1109.9,1110.1,1109.1,1109.5,7833
2026-08-27T06:27:00+00:00,2026-08-27,06:27:00,1109.2,1109.5,1108.5,1108.8,43959
2026-08-27T06:28:00+00:00,2026-08-27,06:28:00,1108.8,1109.4,1108.8,1109,8115
2026-08-27T06:29:00+00:00,2026-08-27,06:29:00,1109,1109.5,1108.8,1109.1,31345
2026-08-27T06:30:00+00:00,2026-08-27,06:30:00,1109,1109.5,1108.8,1109.1,9901
2026-08-27T06:31:00+00:00,2026-08-27,06:31:00,1109.5,1109.5,1109,1109,4915
2026-08-27T06:32:00+00:00,2026-08-27,06:32:00,1109.4,1109.4,1108.3,1109,27111
2026-08-27T06:33:00+00:00,2026-08-27,06:33:00,1109.1,1109.3,1108.6,1109.2,10395
2026-08-27T06:34:00+00:00,2026-08-27,06:34:00,1109.2,1109.2,1108.8,1108.9,6902
2026-08-27T06:35:00+00:00,2026-08-27,06:35:00,1108.9,1109.4,1108.8,1109,10190
2026-08-27T06:36:00+00:00,2026-08-27,06:36:00,1109.3,1109.3,1108.8,1109.2,4542
2026-08-27T06:37:00+00:00,2026-08-27,06:37:00,1109.2,1109.3,1108.8,1109.2,4659
2026-08-27T06:38:00+00:00,2026-08-27,06:38:00,1109,1109.1,1108.4,1109.1,13569
2026-08-27T06:39:00+00:00,2026-08-27,06:39:00,1109,1109.6,1108.6,1108.8,44367
2026-08-27T06:40:00+00:00,2026-08-27,06:40:00,1108.8,1111.9,1108.6,1111.9,39291
2026-08-27T06:41:00+00:00,2026-08-27,06:41:00,1111.9,1111.9,1109.5,1109.6,8312
2026-08-27T06:42:00+00:00,2026-08-27,06:42:00,1110,1110.7,1109.7,1110.5,7968
2026-08-27T06:43:00+00:00,2026-08-27,06:43:00,1110.8,1111.3,1110,1110.7,21176
2026-08-27T06:44:00+00:00,2026-08-27,06:44:00,1110.8,1111.7,1110,1111.5,102424
2026-08-27T06:45:00+00:00,2026-08-27,06:45:00,1111.6,1112.6,1111.5,1111.5,51208
2026-08-27T06:46:00+00:00,2026-08-27,06:46:00,1111.5,1112,1111.1,1111.3,72528
2026-08-27T06:47:00+00:00,2026-08-27,06:47:00,1111.3,1112.3,1111.3,1111.7,15009
2026-08-27T06:48:00+00:00,2026-08-27,06:48:00,1111.7,1111.8,1110,1110.6,12320
2026-08-27T06:49:00+00:00,2026-08-27,06:49:00,1110.5,1111,1110.4,1110.5,4779
2026-08-27T06:50:00+00:00,2026-08-27,06:50:00,1110.9,1111.4,1110.6,1110.6,8837
2026-08-27T06:51:00+00:00,2026-08-27,06:51:00,1111,1111.5,1110.4,1111,5345
2026-08-27T06:52:00+00:00,2026-08-27,06:52:00,1111,1111.2,1110.3,1110.4,3213
2026-08-27T06:53:00+00:00,2026-08-27,06:53:00,1110.8,1111.1,1110.3,1110.5,11474
2026-08-27T06:54:00+00:00,2026-08-27,06:54:00,1110.5,1111,1110.5,1110.8,4002
2026-08-27T06:55:00+00:00,2026-08-27,06:55:00,1110.9,1111.6,1110.5,1110.5,13356
2026-08-27T06:56:00+00:00,2026-08-27,06:56:00,1110.5,1111,1110,1110,12977
2026-08-27T06:57:00+00:00,2026-08-27,06:57:00,1110.1,1110.1,1109.4,1109.5,8781
2026-08-27T06:58:00+00:00,2026-08-27,06:58:00,1109.5,1109.9,1109,1109.4,8594
2026-08-27T06:59:00+00:00,2026-08-27,06:59:00,1109.4,1110.5,1109.1,1110.3,7780
2026-08-27T07:00:00+00:00,2026-08-27,07:00:00,1110,1110.4,1109.6,1109.9,5534
2026-08-27T07:01:00+00:00,2026-08-27,07:01:00,1109.9,1110.4,1109.5,1109.5,8021
2026-08-27T07:02:00+00:00,2026-08-27,07:02:00,1109.5,1109.9,1109.1,1109.6,9575
2026-08-27T07:03:00+00:00,2026-08-27,07:03:00,1109.5,1110,1109.2,1109.5,12176
2026-08-27T07:04:00+00:00,2026-08-27,07:04:00,1109.6,1110.5,1109.6,1110,14974
2026-08-27T07:05:00+00:00,2026-08-27,07:05:00,1110,1110.1,1109.3,1109.8,14171
2026-08-27T07:06:00+00:00,2026-08-27,07:06:00,1109.3,1111.4,1109.3,1110.8,105602
2026-08-27T07:07:00+00:00,2026-08-27,07:07:00,1110.8,1111.5,1110.8,1110.9,22980
2026-08-27T07:08:00+00:00,2026-08-27,07:08:00,1110.9,1112,1110.7,1111.4,48370
2026-08-27T07:09:00+00:00,2026-08-27,07:09:00,1111.4,1112.3,1111,1112.3,24074
2026-08-27T07:10:00+00:00,2026-08-27,07:10:00,1112,1112.4,1111,1111,17648
2026-08-27T07:11:00+00:00,2026-08-27,07:11:00,1111.4,1111.4,1110.5,1110.7,7773
2026-08-27T07:12:00+00:00,2026-08-27,07:12:00,1111.1,1111.7,1111.1,1111.2,6414
2026-08-27T07:13:00+00:00,2026-08-27,07:13:00,1111.4,1111.5,1110.6,1110.6,10779
2026-08-27T07:14:00+00:00,2026-08-27,07:14:00,1110.6,1111.9,1110.6,1111.3,8928
2026-08-27T07:15:00+00:00,2026-08-27,07:15:00,1111.4,1111.9,1111.3,1111.5,6361
2026-08-27T07:16:00+00:00,2026-08-27,07:16:00,1111.5,1112,1111.4,1111.8,12387
2026-08-27T07:17:00+00:00,2026-08-27,07:17:00,1111.8,1111.8,1111.3,1111.4,6381
2026-08-27T07:18:00+00:00,2026-08-27,07:18:00,1111.3,1111.7,1111.3,1111.5,6940
2026-08-27T07:19:00+00:00,2026-08-27,07:19:00,1111.5,1112.2,1111.3,1112,14167
2026-08-27T07:20:00+00:00,2026-08-27,07:20:00,1112,1112.3,1111.2,1111.4,18205
2026-08-27T07:21:00+00:00,2026-08-27,07:21:00,1111.4,1111.9,1111.2,1111.8,14847
2026-08-27T07:22:00+00:00,2026-08-27,07:22:00,1111.8,1112.3,1111.4,1112.2,9205
2026-08-27T07:23:00+00:00,2026-08-27,07:23:00,1112.3,1112.7,1112,1112.5,10536
2026-08-27T07:24:00+00:00,2026-08-27,07:24:00,1112.4,1112.5,1111.3,1111.5,13513
2026-08-27T07:25:00+00:00,2026-08-27,07:25:00,1111.4,1111.5,1111.2,1111.3,5720
2026-08-27T07:26:00+00:00,2026-08-27,07:26:00,1111.3,1111.9,1111.2,1111.5,10383
2026-08-27T07:27:00+00:00,2026-08-27,07:27:00,1111.5,1111.9,1111.4,1111.6,5329
2026-08-27T07:28:00+00:00,2026-08-27,07:28:00,1111.6,1111.8,1111.2,1111.4,9398
2026-08-27T07:29:00+00:00,2026-08-27,07:29:00,1111.2,1111.5,1111,1111,6931
2026-08-27T07:30:00+00:00,2026-08-27,07:30:00,1111,1111.9,1111,1111.6,17097
2026-08-27T07:31:00+00:00,2026-08-27,07:31:00,1111.4,1111.8,1111.2,1111.3,6096
2026-08-27T07:32:00+00:00,2026-08-27,07:32:00,1111.2,1111.6,1111.2,1111.4,5672
2026-08-27T07:33:00+00:00,2026-08-27,07:33:00,1111.4,1111.9,1111.4,1111.5,4935
2026-08-27T07:34:00+00:00,2026-08-27,07:34:00,1111.5,1111.9,1111.2,1111.6,5384
2026-08-27T07:35:00+00:00,2026-08-27,07:35:00,1111.3,1111.7,1111.2,1111.2,7646
2026-08-27T07:36:00+00:00,2026-08-27,07:36:00,1111.2,1111.7,1111.2,1111.3,5258
2026-08-27T07:37:00+00:00,2026-08-27,07:37:00,1111.3,1111.6,1111.2,1111.3,5574
2026-08-27T07:38:00+00:00,2026-08-27,07:38:00,1111.5,1111.6,1111.2,1111.5,5004
2026-08-27T07:39:00+00:00,2026-08-27,07:39:00,1111.2,1111.6,1111.2,1111.5,5410
2026-08-27T07:40:00+00:00,2026-08-27,07:40:00,1111.5,1111.6,1111.2,1111.2,6775
2026-08-27T07:41:00+00:00,2026-08-27,07:41:00,1111.1,1111.5,1111.1,1111.2,4975
2026-08-27T07:42:00+00:00,2026-08-27,07:42:00,1111.2,1111.3,1110.7,1111,7204
2026-08-27T07:43:00+00:00,2026-08-27,07:43:00,1110.8,1111,1110.7,1111,10142
2026-08-27T07:44:00+00:00,2026-08-27,07:44:00,1111,1111.6,1110.9,1111.5,13303
2026-08-27T07:45:00+00:00,2026-08-27,07:45:00,1111.5,1112,1111.3,1111.8,6948
2026-08-27T07:46:00+00:00,2026-08-27,07:46:00,1111.8,1112,1110.9,1110.9,7025
2026-08-27T07:47:00+00:00,2026-08-27,07:47:00,1111,1111.9,1110.9,1111.7,7099
2026-08-27T07:48:00+00:00,2026-08-27,07:48:00,1111.9,1112,1111.5,1111.8,7184
2026-08-27T07:49:00+00:00,2026-08-27,07:49:00,1111.8,1112.2,1111.5,1112.2,6560
2026-08-27T07:50:00+00:00,2026-08-27,07:50:00,1112.2,1112.2,1111.8,1111.8,12421
2026-08-27T07:51:00+00:00,2026-08-27,07:51:00,1111.9,1111.9,1111.1,1111.4,6111
2026-08-27T07:52:00+00:00,2026-08-27,07:52:00,1111.3,1111.6,1111.1,1111.5,10977
2026-08-27T07:53:00+00:00,2026-08-27,07:53:00,1111.4,1112.8,1111.1,1112.6,67274
2026-08-27T07:54:00+00:00,2026-08-27,07:54:00,1112.8,1112.8,1111.6,1112.7,82530
2026-08-27T07:55:00+00:00,2026-08-27,07:55:00,1112.8,1112.8,1111.5,1111.5,81380
2026-08-27T07:56:00+00:00,2026-08-27,07:56:00,1111.5,1111.9,1110.7,1111.2,106873
2026-08-27T07:57:00+00:00,2026-08-27,07:57:00,1111.2,1111.4,1110.9,1111,10080
2026-08-27T07:58:00+00:00,2026-08-27,07:58:00,1110.9,1111.9,1110.9,1111.3,22633
2026-08-27T07:59:00+00:00,2026-08-27,07:59:00,1111.3,1111.5,1110.9,1110.9,20988
2026-08-27T08:00:00+00:00,2026-08-27,08:00:00,1110.9,1111.5,1110.7,1111,13634
2026-08-27T08:01:00+00:00,2026-08-27,08:01:00,1110.7,1111,1110.4,1110.7,5753
2026-08-27T08:02:00+00:00,2026-08-27,08:02:00,1110.7,1110.9,1110.4,1110.5,6738
2026-08-27T08:03:00+00:00,2026-08-27,08:03:00,1110.4,1110.9,1110.4,1110.8,15464
2026-08-27T08:04:00+00:00,2026-08-27,08:04:00,1111,1111,1110.5,1110.9,5280
2026-08-27T08:05:00+00:00,2026-08-27,08:05:00,1110.7,1110.9,1110.6,1110.8,9101
2026-08-27T08:06:00+00:00,2026-08-27,08:06:00,1110.7,1110.9,1110.5,1110.8,6310
2026-08-27T08:07:00+00:00,2026-08-27,08:07:00,1110.6,1111.8,1110.6,1111.6,16697
2026-08-27T08:08:00+00:00,2026-08-27,08:08:00,1111.9,1113.3,1111.6,1112.2,27069
2026-08-27T08:09:00+00:00,2026-08-27,08:09:00,1112.2,1112.6,1112.1,1112.1,9678
2026-08-27T08:10:00+00:00,2026-08-27,08:10:00,1112,1112.5,1111.8,1112.3,6399
2026-08-27T08:11:00+00:00,2026-08-27,08:11:00,1112.4,1112.4,1111.9,1111.9,6912
2026-08-27T08:12:00+00:00,2026-08-27,08:12:00,1111.9,1112.2,1111.6,1112.1,8640
2026-08-27T08:13:00+00:00,2026-08-27,08:13:00,1112.1,1112.1,1111.8,1111.8,5672
2026-08-27T08:14:00+00:00,2026-08-27,08:14:00,1112.2,1112.4,1111.7,1112.4,38660
2026-08-27T08:15:00+00:00,2026-08-27,08:15:00,1112.3,1112.3,1111.6,1111.6,8195
2026-08-27T08:16:00+00:00,2026-08-27,08:16:00,1111.6,1111.8,1110.8,1111.7,13422
2026-08-27T08:17:00+00:00,2026-08-27,08:17:00,1111.7,1111.7,1111.2,1111.2,7087
2026-08-27T08:18:00+00:00,2026-08-27,08:18:00,1111.4,1111.7,1111.1,1111.3,11555
2026-08-27T08:19:00+00:00,2026-08-27,08:19:00,1111,1111.5,1111,1111.1,5600
2026-08-27T08:20:00+00:00,2026-08-27,08:20:00,1111.1,1111.3,1110.4,1110.6,21356
2026-08-27T08:21:00+00:00,2026-08-27,08:21:00,1110.4,1111,1110.2,1110.2,30309
2026-08-27T08:22:00+00:00,2026-08-27,08:22:00,1110.3,1110.7,1110.1,1110.1,10755
2026-08-27T08:23:00+00:00,2026-08-27,08:23:00,1110.1,1110.1,1109.5,1109.7,22802
2026-08-27T08:24:00+00:00,2026-08-27,08:24:00,1109.7,1109.9,1109.5,1109.5,6111
2026-08-27T08:25:00+00:00,2026-08-27,08:25:00,1109.5,1109.7,1109.2,1109.2,5793
2026-08-27T08:26:00+00:00,2026-08-27,08:26:00,1109.5,1109.5,1109,1109.4,12803
2026-08-27T08:27:00+00:00,2026-08-27,08:27:00,1109.2,1109.9,1109.2,1109.9,6898
2026-08-27T08:28:00+00:00,2026-08-27,08:28:00,1109.6,1109.9,1109.3,1109.3,7364
2026-08-27T08:29:00+00:00,2026-08-27,08:29:00,1109.6,1109.7,1109.1,1109.1,8173
2026-08-27T08:30:00+00:00,2026-08-27,08:30:00,1109.1,1109.4,1109,1109.4,8275
2026-08-27T08:31:00+00:00,2026-08-27,08:31:00,1109.3,1109.5,1109,1109,8352
2026-08-27T08:32:00+00:00,2026-08-27,08:32:00,1109.1,1109.6,1108.9,1109.3,10849
2026-08-27T08:33:00+00:00,2026-08-27,08:33:00,1109.6,1109.7,1109.1,1109.4,8143
2026-08-27T08:34:00+00:00,2026-08-27,08:34:00,1109.4,1109.7,1109.3,1109.6,8062
2026-08-27T08:35:00+00:00,2026-08-27,08:35:00,1109.6,1109.8,1109.1,1109.6,7266
2026-08-27T08:36:00+00:00,2026-08-27,08:36:00,1109.5,1109.9,1109.4,1109.8,8318
2026-08-27T08:37:00+00:00,2026-08-27,08:37:00,1109.8,1109.8,1109.2,1109.4,5601
2026-08-27T08:38:00+00:00,2026-08-27,08:38:00,1109.4,1109.8,1109.3,1109.4,6594
2026-08-27T08:39:00+00:00,2026-08-27,08:39:00,1109.3,1109.8,1109.2,1109.4,5504
2026-08-27T08:40:00+00:00,2026-08-27,08:40:00,1109.5,1110,1109.3,1109.8,11546
2026-08-27T08:41:00+00:00,2026-08-27,08:41:00,1109.8,1110.5,1109.7,1110.2,8853
2026-08-27T08:42:00+00:00,2026-08-27,08:42:00,1110.3,1111,1110.3,1110.8,17877
2026-08-27T08:43:00+00:00,2026-08-27,08:43:00,1111,1111,1109.5,1109.8,68737
2026-08-27T08:44:00+00:00,2026-08-27,08:44:00,1109.9,1110,1109.7,1110,6485
2026-08-27T08:45:00+00:00,2026-08-27,08:45:00,1110,1110,1109.1,1109.1,26555
2026-08-27T08:46:00+00:00,2026-08-27,08:46:00,1109.2,1109.7,1109.1,1109.7,5963
2026-08-27T08:47:00+00:00,2026-08-27,08:47:00,1109.7,1109.7,1109.2,1109.3,7278
2026-08-27T08:48:00+00:00,2026-08-27,08:48:00,1109.4,1109.8,1109.2,1109.8,7776
2026-08-27T08:49:00+00:00,2026-08-27,08:49:00,1109.3,1109.6,1109,1109.2,13001
2026-08-27T08:50:00+00:00,2026-08-27,08:50:00,1109.2,1109.8,1109.2,1109.5,7565
2026-08-27T08:51:00+00:00,2026-08-27,08:51:00,1109.2,1109.5,1109,1109.3,5963
2026-08-27T08:52:00+00:00,2026-08-27,08:52:00,1109.2,1109.8,1109,1109.5,8050
2026-08-27T08:53:00+00:00,2026-08-27,08:53:00,1109.7,1109.8,1109.1,1109.5,8417
2026-08-27T08:54:00+00:00,2026-08-27,08:54:00,1109.5,1109.8,1109.3,1109.7,6788
2026-08-27T08:55:00+00:00,2026-08-27,08:55:00,1109.3,1109.6,1108.6,1108.7,7287
2026-08-27T08:56:00+00:00,2026-08-27,08:56:00,1108.7,1109.6,1108.7,1109.2,9014
2026-08-27T08:57:00+00:00,2026-08-27,08:57:00,1109.2,1109.4,1108.8,1109.1,13595
2026-08-27T08:58:00+00:00,2026-08-27,08:58:00,1109.4,1109.6,1109,1109.5,7961
2026-08-27T08:59:00+00:00,2026-08-27,08:59:00,1109.2,1109.6,1109,1109.4,19961
2026-08-27T09:00:00+00:00,2026-08-27,09:00:00,1109.5,1110.3,1109.3,1109.8,14398
2026-08-27T09:01:00+00:00,2026-08-27,09:01:00,1109.8,1110,1109,1109,12893
2026-08-27T09:02:00+00:00,2026-08-27,09:02:00,1109.1,1109.4,1108.9,1108.9,23136
2026-08-27T09:03:00+00:00,2026-08-27,09:03:00,1109,1109.9,1108.9,1109.5,30725
2026-08-27T09:04:00+00:00,2026-08-27,09:04:00,1109.6,1109.6,1109,1109,17407
2026-08-27T09:05:00+00:00,2026-08-27,09:05:00,1109.1,1109.4,1108.2,1108.3,35611
2026-08-27T09:06:00+00:00,2026-08-27,09:06:00,1108.6,1108.6,1107.8,1108.1,189865
2026-08-27T09:07:00+00:00,2026-08-27,09:07:00,1108,1108.4,1107.8,1107.8,25854
2026-08-27T09:08:00+00:00,2026-08-27,09:08:00,1107.9,1108,1107.7,1107.8,11262
2026-08-27T09:09:00+00:00,2026-08-27,09:09:00,1108,1108.8,1108,1108.8,15071
2026-08-27T09:10:00+00:00,2026-08-27,09:10:00,1108.4,1108.8,1108.1,1108.1,10378
2026-08-27T09:11:00+00:00,2026-08-27,09:11:00,1108.1,1108.5,1108.1,1108.1,6944
2026-08-27T09:12:00+00:00,2026-08-27,09:12:00,1108.1,1108.5,1107.8,1107.9,30574
2026-08-27T09:13:00+00:00,2026-08-27,09:13:00,1108,1108.2,1107.7,1108,12473
2026-08-27T09:14:00+00:00,2026-08-27,09:14:00,1108,1108.2,1108,1108,10243
2026-08-27T09:15:00+00:00,2026-08-27,09:15:00,1108.1,1109,1108,1108.6,26612
2026-08-27T09:16:00+00:00,2026-08-27,09:16:00,1108.6,1109,1108,1108,63532
2026-08-27T09:17:00+00:00,2026-08-27,09:17:00,1108.1,1108.6,1107.9,1108.2,24464
2026-08-27T09:18:00+00:00,2026-08-27,09:18:00,1108.4,1108.9,1108.2,1108.6,14028
2026-08-27T09:19:00+00:00,2026-08-27,09:19:00,1108.6,1108.9,1108.1,1108.8,53824
2026-08-27T09:20:00+00:00,2026-08-27,09:20:00,1108.3,1108.8,1108,1108.6,39306
2026-08-27T09:21:00+00:00,2026-08-27,09:21:00,1108.5,1109,1108.4,1108.7,28310
2026-08-27T09:22:00+00:00,2026-08-27,09:22:00,1108.8,1108.8,1108.1,1108.3,22346
2026-08-27T09:23:00+00:00,2026-08-27,09:23:00,1108.7,1108.8,1108.1,1108.4,20298
2026-08-27T09:24:00+00:00,2026-08-27,09:24:00,1108.4,1108.6,1107.6,1107.6,32827
2026-08-27T09:25:00+00:00,2026-08-27,09:25:00,1107.9,1108.5,1107.7,1108.3,27202
2026-08-27T09:26:00+00:00,2026-08-27,09:26:00,1108.4,1108.4,1108,1108.2,15525
2026-08-27T09:27:00+00:00,2026-08-27,09:27:00,1108.4,1108.5,1107.9,1108.2,48721
2026-08-27T09:28:00+00:00,2026-08-27,09:28:00,1108.2,1108.7,1108.2,1108.5,19398
2026-08-27T09:29:00+00:00,2026-08-27,09:29:00,1108.6,1109.2,1108.2,1109.2,47451
2026-08-27T09:30:00+00:00,2026-08-27,09:30:00,1109.1,1109.7,1109.1,1109.3,22465
2026-08-27T09:31:00+00:00,2026-08-27,09:31:00,1109.5,1109.7,1109.2,1109.4,27467
2026-08-27T09:32:00+00:00,2026-08-27,09:32:00,1109.3,1109.5,1109,1109.1,18397
2026-08-27T09:33:00+00:00,2026-08-27,09:33:00,1109.2,1109.2,1108.4,1108.5,31657
2026-08-27T09:34:00+00:00,2026-08-27,09:34:00,1108.5,1108.8,1108.2,1108.3,26055
2026-08-27T09:35:00+00:00,2026-08-27,09:35:00,1108.3,1108.8,1108,1108.4,59776
2026-08-27T09:36:00+00:00,2026-08-27,09:36:00,1108.6,1108.7,1108.1,1108.5,81558
2026-08-27T09:37:00+00:00,2026-08-27,09:37:00,1108.4,1109.2,1108.3,1108.9,54168
2026-08-27T09:38:00+00:00,2026-08-27,09:38:00,1109.1,1109.1,1108.1,1108.3,39126
2026-08-27T09:39:00+00:00,2026-08-27,09:39:00,1108.3,1108.6,1108,1108.1,40131
2026-08-27T09:40:00+00:00,2026-08-27,09:40:00,1108.1,1109.3,1107.6,1109.3,59067
2026-08-27T09:41:00+00:00,2026-08-27,09:41:00,1109.1,1109.7,1108.9,1109.7,38048
2026-08-27T09:42:00+00:00,2026-08-27,09:42:00,1109.5,1111.2,1109.2,1110.5,100438
2026-08-27T09:43:00+00:00,2026-08-27,09:43:00,1110.6,1110.8,1109.8,1110.5,54429
2026-08-27T09:44:00+00:00,2026-08-27,09:44:00,1110.5,1112,1110.3,1112,45779
2026-08-27T09:45:00+00:00,2026-08-27,09:45:00,1110.5,1112,1110.3,1112,45779
2026-08-27T09:46:00+00:00,2026-08-27,09:46:00,1110.5,1112,1110.3,1112,45779
2026-08-27T09:47:00+00:00,2026-08-27,09:47:00,1110.5,1112,1110.3,1112,45779
2026-08-27T09:48:00+00:00,2026-08-27,09:48:00,1110.5,1112,1110.3,1112,45779
2026-08-27T09:49:00+00:00,2026-08-27,09:49:00,1110.5,1112,1110.3,1112,45779
2026-08-27T09:50:00+00:00,2026-08-27,09:50:00,1110.5,1112,1110.3,1112,45779
2026-08-27T09:51:00+00:00,2026-08-27,09:51:00,1110.5,1112,1110.3,1112,45779
2026-08-27T09:52:00+00:00,2026-08-27,09:52:00,1110.5,1112,1110.3,1112,45779
2026-08-27T09:53:00+00:00,2026-08-27,09:53:00,1110.5,1112,1110.3,1112,45779
2026-08-27T09:54:00+00:00,2026-08-27,09:54:00,1110.5,1112,1110.3,1112,45779
2026-08-27T09:55:00+00:00,2026-08-27,09:55:00,1110.5,1112,1110.3,1112,45779
2026-08-27T09:56:00+00:00,2026-08-27,09:56:00,1110.5,1112,1110.3,1112,45779
2026-08-27T09:57:00+00:00,2026-08-27,09:57:00,1110.5,1112,1110.3,1112,45779
2026-08-27T09:58:00+00:00,2026-08-27,09:58:00,1110.8,1110.8,1110.8,1110.8,0
2026-08-27T09:59:00+00:00,2026-08-27,09:59:00,1110.8,1110.8,1110.8,1110.8,0
2026-08-27T10:00:00+00:00,2026-08-27,10:00:00,1110.8,1110.8,1110.8,1110.8,0
2026-08-28T03:45:00+00:00,2026-08-28,03:45:00,1127.9,1131.5,1123.3,1128,127864
2026-08-28T03:46:00+00:00,2026-08-28,03:46:00,1127.9,1129.5,1127.1,1129.5,77943
2026-08-28T03:47:00+00:00,2026-08-28,03:47:00,1129.9,1134.6,1129.8,1133.5,82363
2026-08-28T03:48:00+00:00,2026-08-28,03:48:00,1133.5,1135.4,1132.3,1134.4,137122
2026-08-28T03:49:00+00:00,2026-08-28,03:49:00,1133.8,1133.8,1131,1132.3,46432
2026-08-28T03:50:00+00:00,2026-08-28,03:50:00,1132.5,1135.7,1132.4,1135.3,71720
2026-08-28T03:51:00+00:00,2026-08-28,03:51:00,1135.4,1137,1134.3,1136.5,116851
2026-08-28T03:52:00+00:00,2026-08-28,03:52:00,1136.6,1140.9,1136.2,1140.3,138159
2026-08-28T03:53:00+00:00,2026-08-28,03:53:00,1140.3,1140.5,1139.1,1139.3,70485
2026-08-28T03:54:00+00:00,2026-08-28,03:54:00,1139.5,1139.5,1136.7,1137.6,42200
2026-08-28T03:55:00+00:00,2026-08-28,03:55:00,1137.6,1139.5,1137.4,1139,49063
2026-08-28T03:56:00+00:00,2026-08-28,03:56:00,1138.8,1138.9,1136,1138,72760
2026-08-28T03:57:00+00:00,2026-08-28,03:57:00,1137.5,1138.2,1136.1,1136.5,31018
2026-08-28T03:58:00+00:00,2026-08-28,03:58:00,1136.3,1138.2,1135.6,1137.6,29005
2026-08-28T03:59:00+00:00,2026-08-28,03:59:00,1137.6,1139.1,1136.3,1138.9,33390
2026-08-28T04:00:00+00:00,2026-08-28,04:00:00,1138.9,1140.8,1138.5,1139.1,76655
2026-08-28T04:01:00+00:00,2026-08-28,04:01:00,1139.6,1141.4,1139,1139.7,68640
2026-08-28T04:02:00+00:00,2026-08-28,04:02:00,1139.8,1141.5,1139.7,1141.1,59238
2026-08-28T04:03:00+00:00,2026-08-28,04:03:00,1141.5,1141.5,1140.4,1140.7,59169
2026-08-28T04:04:00+00:00,2026-08-28,04:04:00,1140.7,1141.9,1140.5,1141.9,46216
2026-08-28T04:05:00+00:00,2026-08-28,04:05:00,1141.7,1141.9,1140,1140,44857
2026-08-28T04:06:00+00:00,2026-08-28,04:06:00,1140,1140.8,1139.1,1139.1,37645
2026-08-28T04:07:00+00:00,2026-08-28,04:07:00,1139.5,1139.5,1136.6,1138.6,163510
2026-08-28T04:08:00+00:00,2026-08-28,04:08:00,1138.9,1140,1138.2,1139.7,26511
2026-08-28T04:09:00+00:00,2026-08-28,04:09:00,1139.7,1140,1139,1139,54124
2026-08-28T04:10:00+00:00,2026-08-28,04:10:00,1139,1139.2,1138,1138.1,28889
2026-08-28T04:11:00+00:00,2026-08-28,04:11:00,1138.2,1138.2,1137.1,1137.8,27513
2026-08-28T04:12:00+00:00,2026-08-28,04:12:00,1137.8,1139,1137.8,1139,22248
2026-08-28T04:13:00+00:00,2026-08-28,04:13:00,1139.2,1140.3,1139.1,1139.5,48465
2026-08-28T04:14:00+00:00,2026-08-28,04:14:00,1139.5,1139.9,1139.1,1139.7,25852
2026-08-28T04:15:00+00:00,2026-08-28,04:15:00,1139.6,1141.6,1139.3,1140.3,54126
2026-08-28T04:16:00+00:00,2026-08-28,04:16:00,1141,1141.1,1137.9,1138.2,35574
2026-08-28T04:17:00+00:00,2026-08-28,04:17:00,1138.3,1139.4,1138.3,1139,20320
2026-08-28T04:18:00+00:00,2026-08-28,04:18:00,1139,1140.7,1138.5,1140.7,40882
2026-08-28T04:19:00+00:00,2026-08-28,04:19:00,1140.7,1140.7,1139,1139.4,19066
2026-08-28T04:20:00+00:00,2026-08-28,04:20:00,1139.4,1139.8,1138.7,1139,27559
2026-08-28T04:21:00+00:00,2026-08-28,04:21:00,1139,1139.3,1138.2,1138.8,16994
2026-08-28T04:22:00+00:00,2026-08-28,04:22:00,1138.7,1139,1138.4,1138.9,21164
2026-08-28T04:23:00+00:00,2026-08-28,04:23:00,1138.9,1139.2,1138.6,1138.6,19546
2026-08-28T04:24:00+00:00,2026-08-28,04:24:00,1138.9,1139.1,1138.1,1138.1,41241
2026-08-28T04:25:00+00:00,2026-08-28,04:25:00,1138.3,1138.6,1138.1,1138.5,16053
2026-08-28T04:26:00+00:00,2026-08-28,04:26:00,1138.5,1139,1137.8,1138.9,52697
2026-08-28T04:27:00+00:00,2026-08-28,04:27:00,1139,1139.4,1138.8,1138.9,72715
2026-08-28T04:28:00+00:00,2026-08-28,04:28:00,1139.2,1139.2,1138.7,1138.9,27801
2026-08-28T04:29:00+00:00,2026-08-28,04:29:00,1138.9,1140,1138.7,1139.3,98635
2026-08-28T04:30:00+00:00,2026-08-28,04:30:00,1139.5,1140.7,1139.2,1140.5,52183
2026-08-28T04:31:00+00:00,2026-08-28,04:31:00,1140.5,1140.5,1139.5,1140,31214
2026-08-28T04:32:00+00:00,2026-08-28,04:32:00,1140,1140,1138.6,1139.5,17683
2026-08-28T04:33:00+00:00,2026-08-28,04:33:00,1139.3,1140,1138.8,1139.2,24671
2026-08-28T04:34:00+00:00,2026-08-28,04:34:00,1139.3,1139.3,1138.6,1139,8828
2026-08-28T04:35:00+00:00,2026-08-28,04:35:00,1139,1139.9,1139,1139.7,20150
2026-08-28T04:36:00+00:00,2026-08-28,04:36:00,1139.7,1140,1139.2,1139.2,32119
2026-08-28T04:37:00+00:00,2026-08-28,04:37:00,1139.3,1139.9,1138.7,1138.9,31707
2026-08-28T04:38:00+00:00,2026-08-28,04:38:00,1139,1139.7,1138.8,1139.5,45311
2026-08-28T04:39:00+00:00,2026-08-28,04:39:00,1139.3,1140,1139.3,1139.9,19841
2026-08-28T04:40:00+00:00,2026-08-28,04:40:00,1140,1140,1139.5,1139.9,22489
2026-08-28T04:41:00+00:00,2026-08-28,04:41:00,1139.9,1140.2,1139.4,1140,19549
2026-08-28T04:42:00+00:00,2026-08-28,04:42:00,1140,1144,1139.9,1144,138362
2026-08-28T04:43:00+00:00,2026-08-28,04:43:00,1144.2,1144.9,1141.1,1142.1,103119
2026-08-28T04:44:00+00:00,2026-08-28,04:44:00,1142.5,1142.5,1141.1,1141.8,37624
2026-08-28T04:45:00+00:00,2026-08-28,04:45:00,1141.8,1143,1141.8,1142,39299
2026-08-28T04:46:00+00:00,2026-08-28,04:46:00,1142,1144.2,1142,1143.7,83069
2026-08-28T04:47:00+00:00,2026-08-28,04:47:00,1143.7,1144.5,1143.5,1143.7,56726
2026-08-28T04:48:00+00:00,2026-08-28,04:48:00,1143.7,1144,1142.5,1142.6,21806
2026-08-28T04:49:00+00:00,2026-08-28,04:49:00,1142.5,1142.6,1141,1141.4,20724
2026-08-28T04:50:00+00:00,2026-08-28,04:50:00,1141.2,1142.5,1141.2,1142.4,40475
2026-08-28T04:51:00+00:00,2026-08-28,04:51:00,1142,1142.9,1141.9,1142.2,23592
2026-08-28T04:52:00+00:00,2026-08-28,04:52:00,1142.4,1142.9,1142,1142.9,46787
2026-08-28T04:53:00+00:00,2026-08-28,04:53:00,1142.7,1143.1,1142.2,1142.7,33386
2026-08-28T04:54:00+00:00,2026-08-28,04:54:00,1142.9,1143,1142,1142.8,29843
2026-08-28T04:55:00+00:00,2026-08-28,04:55:00,1142.8,1143,1141.7,1142.3,18641
2026-08-28T04:56:00+00:00,2026-08-28,04:56:00,1142,1142.2,1141.5,1141.9,23031
2026-08-28T04:57:00+00:00,2026-08-28,04:57:00,1142,1142,1141.4,1141.8,15526
2026-08-28T04:58:00+00:00,2026-08-28,04:58:00,1141.8,1142.2,1141.5,1142,14044
2026-08-28T04:59:00+00:00,2026-08-28,04:59:00,1142,1142.7,1141.7,1142,27200
2026-08-28T05:00:00+00:00,2026-08-28,05:00:00,1142.3,1143,1142,1142.2,14186
2026-08-28T05:01:00+00:00,2026-08-28,05:01:00,1142.1,1143.5,1142.1,1142.7,41143
2026-08-28T05:02:00+00:00,2026-08-28,05:02:00,1142.9,1143.4,1142.7,1143,41612
2026-08-28T05:03:00+00:00,2026-08-28,05:03:00,1143,1143.1,1142.6,1142.9,21782
2026-08-28T05:04:00+00:00,2026-08-28,05:04:00,1142.9,1143,1142.5,1142.9,22477
2026-08-28T05:05:00+00:00,2026-08-28,05:05:00,1142.9,1143,1142.1,1142.3,13448
2026-08-28T05:06:00+00:00,2026-08-28,05:06:00,1142.4,1143.1,1142.4,1142.9,17615
2026-08-28T05:07:00+00:00,2026-08-28,05:07:00,1143,1143.1,1142.4,1142.4,30143
2026-08-28T05:08:00+00:00,2026-08-28,05:08:00,1142.5,1142.8,1141.7,1142,24050
2026-08-28T05:09:00+00:00,2026-08-28,05:09:00,1142.2,1142.2,1140.2,1140.6,30966
2026-08-28T05:10:00+00:00,2026-08-28,05:10:00,1140.6,1140.8,1139.6,1139.6,29610
2026-08-28T05:11:00+00:00,2026-08-28,05:11:00,1140,1141.8,1139.7,1141.8,24032
2026-08-28T05:12:00+00:00,2026-08-28,05:12:00,1141.8,1141.8,1140.1,1141.3,33798
2026-08-28T05:13:00+00:00,2026-08-28,05:13:00,1141.3,1141.5,1140.7,1141.4,13017
2026-08-28T05:14:00+00:00,2026-08-28,05:14:00,1141.4,1141.8,1141.1,1141.4,10851
2026-08-28T05:15:00+00:00,2026-08-28,05:15:00,1141.1,1141.2,1140.7,1141,13522
2026-08-28T05:16:00+00:00,2026-08-28,05:16:00,1140.7,1141,1140.4,1140.5,9147
2026-08-28T05:17:00+00:00,2026-08-28,05:17:00,1140.5,1140.9,1140.4,1140.5,9065
2026-08-28T05:18:00+00:00,2026-08-28,05:18:00,1140.7,1141.1,1140.5,1141,10463
2026-08-28T05:19:00+00:00,2026-08-28,05:19:00,1141.1,1141.2,1140.5,1140.9,11885
2026-08-28T05:20:00+00:00,2026-08-28,05:20:00,1140.9,1141,1140.4,1140.7,10519
2026-08-28T05:21:00+00:00,2026-08-28,05:21:00,1140.8,1141.4,1140.7,1141,22238
2026-08-28T05:22:00+00:00,2026-08-28,05:22:00,1141.1,1141.3,1140.3,1141.2,19431
2026-08-28T05:23:00+00:00,2026-08-28,05:23:00,1141.2,1141.2,1140.1,1140.4,13805
2026-08-28T05:24:00+00:00,2026-08-28,05:24:00,1140.5,1141.2,1140.4,1140.6,15833
2026-08-28T05:25:00+00:00,2026-08-28,05:25:00,1141,1141,1140.5,1140.9,6101
2026-08-28T05:26:00+00:00,2026-08-28,05:26:00,1140.7,1141,1140.6,1140.9,6152
2026-08-28T05:27:00+00:00,2026-08-28,05:27:00,1141,1141,1140.7,1140.8,15496
2026-08-28T05:28:00+00:00,2026-08-28,05:28:00,1140.9,1141,1140,1140.3,19274
2026-08-28T05:29:00+00:00,2026-08-28,05:29:00,1140.6,1141.5,1140.3,1141.5,9833
2026-08-28T05:30:00+00:00,2026-08-28,05:30:00,1141.4,1141.9,1140.5,1140.6,21420
2026-08-28T05:31:00+00:00,2026-08-28,05:31:00,1140.7,1141.8,1140.7,1141.5,26752
2026-08-28T05:32:00+00:00,2026-08-28,05:32:00,1141.5,1142,1141.5,1141.6,15297
2026-08-28T05:33:00+00:00,2026-08-28,05:33:00,1141.6,1142,1141.4,1141.6,19385
2026-08-28T05:34:00+00:00,2026-08-28,05:34:00,1141.9,1143.2,1141.7,1142.9,43811
2026-08-28T05:35:00+00:00,2026-08-28,05:35:00,1143,1143.1,1141.9,1142.1,26383
2026-08-28T05:36:00+00:00,2026-08-28,05:36:00,1142.1,1142.6,1140.3,1141,38856
2026-08-28T05:37:00+00:00,2026-08-28,05:37:00,1141,1141.7,1140.9,1141,16427
2026-08-28T05:38:00+00:00,2026-08-28,05:38:00,1140.9,1141,1140.6,1140.8,13015
2026-08-28T05:39:00+00:00,2026-08-28,05:39:00,1140.8,1141,1140.4,1140.5,12177
2026-08-28T05:40:00+00:00,2026-08-28,05:40:00,1140.4,1140.9,1140.4,1140.8,8244
2026-08-28T05:41:00+00:00,2026-08-28,05:41:00,1140.8,1140.9,1140.2,1140.3,9904
2026-08-28T05:42:00+00:00,2026-08-28,05:42:00,1140.5,1141.9,1140.5,1141.4,14126
2026-08-28T05:43:00+00:00,2026-08-28,05:43:00,1141.4,1142,1141.3,1141.7,11458
2026-08-28T05:44:00+00:00,2026-08-28,05:44:00,1142,1142,1140.7,1141,76101
2026-08-28T05:45:00+00:00,2026-08-28,05:45:00,1141.2,1141.9,1141.1,1141.6,13989
2026-08-28T05:46:00+00:00,2026-08-28,05:46:00,1142,1142.4,1141.5,1142.4,12655
2026-08-28T05:47:00+00:00,2026-08-28,05:47:00,1142.4,1142.5,1142.1,1142.4,10370
2026-08-28T05:48:00+00:00,2026-08-28,05:48:00,1142.4,1142.4,1141.6,1142.2,19902
2026-08-28T05:49:00+00:00,2026-08-28,05:49:00,1142.2,1142.8,1141.9,1142.6,12899
2026-08-28T05:50:00+00:00,2026-08-28,05:50:00,1142.6,1143,1142.3,1142.8,26815
2026-08-28T05:51:00+00:00,2026-08-28,05:51:00,1142.8,1142.9,1141.9,1142,14373
2026-08-28T05:52:00+00:00,2026-08-28,05:52:00,1142.4,1142.5,1142,1142.2,7893
2026-08-28T05:53:00+00:00,2026-08-28,05:53:00,1142.5,1142.5,1141.5,1141.5,9878
2026-08-28T05:54:00+00:00,2026-08-28,05:54:00,1141.8,1141.8,1140.6,1140.9,11229
2026-08-28T05:55:00+00:00,2026-08-28,05:55:00,1140.9,1140.9,1140.6,1140.8,6969
2026-08-28T05:56:00+00:00,2026-08-28,05:56:00,1140.8,1141.6,1140.7,1141.1,23959
2026-08-28T05:57:00+00:00,2026-08-28,05:57:00,1141.3,1141.5,1140.4,1140.4,9871
2026-08-28T05:58:00+00:00,2026-08-28,05:58:00,1140.6,1140.7,1140.3,1140.5,8203
2026-08-28T05:59:00+00:00,2026-08-28,05:59:00,1140.5,1140.5,1139.6,1139.8,25579
2026-08-28T06:00:00+00:00,2026-08-28,06:00:00,1139.9,1140.8,1139.6,1140.5,19869
2026-08-28T06:01:00+00:00,2026-08-28,06:01:00,1140.5,1140.5,1140,1140,4430
2026-08-28T06:02:00+00:00,2026-08-28,06:02:00,1140.1,1140.2,1139.7,1140.1,8725
2026-08-28T06:03:00+00:00,2026-08-28,06:03:00,1139.7,1140.1,1139.2,1139.4,10607
2026-08-28T06:04:00+00:00,2026-08-28,06:04:00,1139.4,1140.2,1138.6,1139.8,24917
2026-08-28T06:05:00+00:00,2026-08-28,06:05:00,1140,1140,1139.1,1139.2,6539
2026-08-28T06:06:00+00:00,2026-08-28,06:06:00,1139.2,1139.5,1138.6,1138.7,10197
2026-08-28T06:07:00+00:00,2026-08-28,06:07:00,1138.8,1139.5,1138.6,1138.7,10364
2026-08-28T06:08:00+00:00,2026-08-28,06:08:00,1139,1139,1137.4,1137.9,19024
2026-08-28T06:09:00+00:00,2026-08-28,06:09:00,1137.6,1138,1136.6,1137,20776
2026-08-28T06:10:00+00:00,2026-08-28,06:10:00,1137,1137.5,1136.4,1136.9,12488
2026-08-28T06:11:00+00:00,2026-08-28,06:11:00,1137.3,1137.3,1136.7,1136.9,6274
2026-08-28T06:12:00+00:00,2026-08-28,06:12:00,1137,1137.4,1136.7,1136.9,11324
2026-08-28T06:13:00+00:00,2026-08-28,06:13:00,1137,1138.2,1136.9,1137.6,18479
2026-08-28T06:14:00+00:00,2026-08-28,06:14:00,1137.8,1138.2,1137.6,1137.9,4607
2026-08-28T06:15:00+00:00,2026-08-28,06:15:00,1138.1,1138.5,1137.6,1138,4396
2026-08-28T06:16:00+00:00,2026-08-28,06:16:00,1138.5,1138.5,1137.5,1137.5,5654
2026-08-28T06:17:00+00:00,2026-08-28,06:17:00,1137.8,1138,1137.5,1137.5,2895
2026-08-28T06:18:00+00:00,2026-08-28,06:18:00,1137.7,1138,1137.5,1137.5,4997
2026-08-28T06:19:00+00:00,2026-08-28,06:19:00,1137.6,1138.5,1137.4,1138,11443
2026-08-28T06:20:00+00:00,2026-08-28,06:20:00,1138.1,1138.9,1138.1,1138.3,5690
2026-08-28T06:21:00+00:00,2026-08-28,06:21:00,1138.9,1138.9,1138,1138,3736
2026-08-28T06:22:00+00:00,2026-08-28,06:22:00,1138,1139,1138,1138.5,5841
2026-08-28T06:23:00+00:00,2026-08-28,06:23:00,1138.7,1139,1138.2,1138.2,2087
2026-08-28T06:24:00+00:00,2026-08-28,06:24:00,1138.2,1138.6,1137.1,1137.1,8301
2026-08-28T06:25:00+00:00,2026-08-28,06:25:00,1137.5,1138.3,1137.1,1137.9,6146
2026-08-28T06:26:00+00:00,2026-08-28,06:26:00,1138.2,1138.5,1137.1,1137.3,7856
2026-08-28T06:27:00+00:00,2026-08-28,06:27:00,1137.3,1137.3,1136.6,1136.7,12259
2026-08-28T06:28:00+00:00,2026-08-28,06:28:00,1136.9,1137.8,1136.6,1137.5,7937
2026-08-28T06:29:00+00:00,2026-08-28,06:29:00,1137.5,1138,1137.2,1137.3,13574
2026-08-28T06:30:00+00:00,2026-08-28,06:30:00,1137.4,1138,1137.1,1137.9,14552
2026-08-28T06:31:00+00:00,2026-08-28,06:31:00,1137.9,1138,1137.6,1137.7,4136
2026-08-28T06:32:00+00:00,2026-08-28,06:32:00,1137.7,1138,1137.5,1137.7,5616
2026-08-28T06:33:00+00:00,2026-08-28,06:33:00,1137.8,1138.5,1137.7,1138.5,9406
2026-08-28T06:34:00+00:00,2026-08-28,06:34:00,1138.5,1138.6,1137.8,1138,8612
2026-08-28T06:35:00+00:00,2026-08-28,06:35:00,1138.2,1138.4,1137.2,1138,14695
2026-08-28T06:36:00+00:00,2026-08-28,06:36:00,1138.1,1138.6,1138,1138.6,6095
2026-08-28T06:37:00+00:00,2026-08-28,06:37:00,1138.6,1138.8,1138.3,1138.5,10600
2026-08-28T06:38:00+00:00,2026-08-28,06:38:00,1138.6,1139.2,1138.5,1138.8,10460
2026-08-28T06:39:00+00:00,2026-08-28,06:39:00,1139,1139.7,1138.8,1138.9,30859
2026-08-28T06:40:00+00:00,2026-08-28,06:40:00,1139.3,1139.5,1138.5,1138.7,15481
2026-08-28T06:41:00+00:00,2026-08-28,06:41:00,1138.8,1138.9,1138,1138.1,6042
2026-08-28T06:42:00+00:00,2026-08-28,06:42:00,1138.1,1138.2,1137.5,1137.5,9769
2026-08-28T06:43:00+00:00,2026-08-28,06:43:00,1137.8,1138,1137.5,1138,2774
2026-08-28T06:44:00+00:00,2026-08-28,06:44:00,1137.8,1138.8,1137.8,1138.1,10311
2026-08-28T06:45:00+00:00,2026-08-28,06:45:00,1138.1,1138.1,1137.1,1137.3,13308
2026-08-28T06:46:00+00:00,2026-08-28,06:46:00,1137.2,1138.4,1137,1137.9,15824
2026-08-28T06:47:00+00:00,2026-08-28,06:47:00,1137.7,1137.9,1137.4,1137.5,7977
2026-08-28T06:48:00+00:00,2026-08-28,06:48:00,1137.6,1138,1137.1,1137.1,11831
2026-08-28T06:49:00+00:00,2026-08-28,06:49:00,1137.3,1137.7,1137.1,1137.6,6477
2026-08-28T06:50:00+00:00,2026-08-28,06:50:00,1137.6,1139,1137.6,1138.6,13733
2026-08-28T06:51:00+00:00,2026-08-28,06:51:00,1138.9,1138.9,1138.1,1138.6,10611
2026-08-28T06:52:00+00:00,2026-08-28,06:52:00,1138.6,1139,1138.1,1138.4,22091
2026-08-28T06:53:00+00:00,2026-08-28,06:53:00,1138.5,1138.6,1138,1138.2,7759
2026-08-28T06:54:00+00:00,2026-08-28,06:54:00,1138,1138.9,1137.7,1138.5,7770
2026-08-28T06:55:00+00:00,2026-08-28,06:55:00,1138.5,1139,1138.2,1138.8,13618
2026-08-28T06:56:00+00:00,2026-08-28,06:56:00,1138.8,1139,1138.4,1138.6,8303
2026-08-28T06:57:00+00:00,2026-08-28,06:57:00,1138.7,1138.9,1138.5,1138.9,9216
2026-08-28T06:58:00+00:00,2026-08-28,06:58:00,1138.9,1139,1138.5,1138.8,21062
2026-08-28T06:59:00+00:00,2026-08-28,06:59:00,1139.1,1139.4,1138.7,1138.8,9421
2026-08-28T07:00:00+00:00,2026-08-28,07:00:00,1139,1139.4,1138.8,1139.1,5509
2026-08-28T07:01:00+00:00,2026-08-28,07:01:00,1139.2,1140,1138.5,1138.6,27854
2026-08-28T07:02:00+00:00,2026-08-28,07:02:00,1138.7,1139.4,1138.3,1139,8331
2026-08-28T07:03:00+00:00,2026-08-28,07:03:00,1139,1139.4,1138,1138,22861
2026-08-28T07:04:00+00:00,2026-08-28,07:04:00,1138,1138.4,1137.6,1137.6,14141
2026-08-28T07:05:00+00:00,2026-08-28,07:05:00,1137.6,1139,1137.6,1138.2,8131
2026-08-28T07:06:00+00:00,2026-08-28,07:06:00,1138.3,1138.8,1138.1,1138.3,4875
2026-08-28T07:07:00+00:00,2026-08-28,07:07:00,1138.5,1139.6,1138.2,1139,51176
2026-08-28T07:08:00+00:00,2026-08-28,07:08:00,1139,1139,1138.2,1138.6,12654
2026-08-28T07:09:00+00:00,2026-08-28,07:09:00,1138.6,1139.5,1138.6,1139.2,13416
2026-08-28T07:10:00+00:00,2026-08-28,07:10:00,1139.2,1139.5,1138.5,1139.4,16048
2026-08-28T07:11:00+00:00,2026-08-28,07:11:00,1139.4,1139.5,1139.1,1139.1,8453
2026-08-28T07:12:00+00:00,2026-08-28,07:12:00,1139.1,1140,1139,1140,20692
2026-08-28T07:13:00+00:00,2026-08-28,07:13:00,1140,1140,1139.5,1139.8,20978
2026-08-28T07:14:00+00:00,2026-08-28,07:14:00,1139.9,1140,1139.8,1139.9,10786
2026-08-28T07:15:00+00:00,2026-08-28,07:15:00,1139.9,1140,1139.5,1139.7,28190
2026-08-28T07:16:00+00:00,2026-08-28,07:16:00,1139.7,1140,1139.5,1139.7,4934
2026-08-28T07:17:00+00:00,2026-08-28,07:17:00,1139.8,1140,1139.5,1139.9,16466
2026-08-28T07:18:00+00:00,2026-08-28,07:18:00,1139.9,1140,1139.9,1140,28359
2026-08-28T07:19:00+00:00,2026-08-28,07:19:00,1140,1141.9,1139.9,1141.7,39580
2026-08-28T07:20:00+00:00,2026-08-28,07:20:00,1141.3,1142.5,1141.1,1142.5,16098
2026-08-28T07:21:00+00:00,2026-08-28,07:21:00,1142.2,1143.7,1142,1143.6,55366
2026-08-28T07:22:00+00:00,2026-08-28,07:22:00,1143.8,1144,1143.3,1144,53674
2026-08-28T07:23:00+00:00,2026-08-28,07:23:00,1144,1144,1143.4,1143.7,28312
2026-08-28T07:24:00+00:00,2026-08-28,07:24:00,1143.8,1143.9,1142.6,1142.9,45413
2026-08-28T07:25:00+00:00,2026-08-28,07:25:00,1142.9,1142.9,1142.2,1142.6,11209
2026-08-28T07:26:00+00:00,2026-08-28,07:26:00,1142.6,1142.8,1141.3,1142,15246
2026-08-28T07:27:00+00:00,2026-08-28,07:27:00,1142.2,1142.2,1141.5,1141.5,12823
2026-08-28T07:28:00+00:00,2026-08-28,07:28:00,1141.7,1141.7,1141.2,1141.3,5830
2026-08-28T07:29:00+00:00,2026-08-28,07:29:00,1141.4,1142.5,1141.4,1142.1,7690
2026-08-28T07:30:00+00:00,2026-08-28,07:30:00,1141.9,1142.6,1141.9,1142.5,21681
2026-08-28T07:31:00+00:00,2026-08-28,07:31:00,1142.5,1142.9,1141.6,1142.6,19397
2026-08-28T07:32:00+00:00,2026-08-28,07:32:00,1142.5,1142.5,1142,1142.3,19624
2026-08-28T07:33:00+00:00,2026-08-28,07:33:00,1142.3,1142.7,1141.3,1141.5,14664
2026-08-28T07:34:00+00:00,2026-08-28,07:34:00,1141.6,1141.9,1139.8,1140.8,148538
2026-08-28T07:35:00+00:00,2026-08-28,07:35:00,1141,1141.2,1140.6,1140.7,13431
2026-08-28T07:36:00+00:00,2026-08-28,07:36:00,1140.8,1141.1,1140.5,1140.9,14099
2026-08-28T07:37:00+00:00,2026-08-28,07:37:00,1141,1141,1140.6,1140.7,8171
2026-08-28T07:38:00+00:00,2026-08-28,07:38:00,1140.7,1141,1140.7,1141,10512
2026-08-28T07:39:00+00:00,2026-08-28,07:39:00,1140.9,1142,1140.8,1141.3,132041
2026-08-28T07:40:00+00:00,2026-08-28,07:40:00,1141.3,1144,1141.3,1143.3,121977
2026-08-28T07:41:00+00:00,2026-08-28,07:41:00,1143.4,1143.7,1143.1,1143.4,18959
2026-08-28T07:42:00+00:00,2026-08-28,07:42:00,1143.4,1143.5,1142.4,1142.8,13046
2026-08-28T07:43:00+00:00,2026-08-28,07:43:00,1142.8,1143,1142.7,1142.8,11663
2026-08-28T07:44:00+00:00,2026-08-28,07:44:00,1142.7,1142.9,1142.4,1142.6,6876
2026-08-28T07:45:00+00:00,2026-08-28,07:45:00,1142.6,1142.9,1142,1142.8,18470
2026-08-28T07:46:00+00:00,2026-08-28,07:46:00,1142.9,1143.2,1141.2,1141.4,17566
2026-08-28T07:47:00+00:00,2026-08-28,07:47:00,1141.4,1141.7,1141.1,1141.5,8652
2026-08-28T07:48:00+00:00,2026-08-28,07:48:00,1141.5,1142.2,1141.3,1142,8893
2026-08-28T07:49:00+00:00,2026-08-28,07:49:00,1142,1142,1141.1,1141.3,23894
2026-08-28T07:50:00+00:00,2026-08-28,07:50:00,1141.5,1141.9,1141,1141.2,9116
2026-08-28T07:51:00+00:00,2026-08-28,07:51:00,1141.5,1141.6,1140.6,1140.6,11058
2026-08-28T07:52:00+00:00,2026-08-28,07:52:00,1140.8,1140.8,1139.1,1139.1,22264
2026-08-28T07:53:00+00:00,2026-08-28,07:53:00,1139.2,1139.2,1137.5,1138.1,32550
2026-08-28T07:54:00+00:00,2026-08-28,07:54:00,1138.1,1138.8,1138,1138.5,8422
2026-08-28T07:55:00+00:00,2026-08-28,07:55:00,1139,1139.2,1138.1,1138.1,12262
2026-08-28T07:56:00+00:00,2026-08-28,07:56:00,1138.1,1138.7,1137.8,1137.9,16464
2026-08-28T07:57:00+00:00,2026-08-28,07:57:00,1137.9,1138,1136.8,1137.2,78644
2026-08-28T07:58:00+00:00,2026-08-28,07:58:00,1137.2,1137.8,1137.2,1137.3,12753
2026-08-28T07:59:00+00:00,2026-08-28,07:59:00,1137.3,1137.6,1137.2,1137.2,5220
2026-08-28T08:00:00+00:00,2026-08-28,08:00:00,1137.3,1137.6,1137.2,1137.4,6709
2026-08-28T08:01:00+00:00,2026-08-28,08:01:00,1137.4,1137.8,1136.6,1137.1,13148
2026-08-28T08:02:00+00:00,2026-08-28,08:02:00,1137.2,1137.9,1137,1137.5,7653
2026-08-28T08:03:00+00:00,2026-08-28,08:03:00,1137.6,1138.4,1137.5,1138.2,13193
2026-08-28T08:04:00+00:00,2026-08-28,08:04:00,1138.2,1138.6,1138,1138,9475
2026-08-28T08:05:00+00:00,2026-08-28,08:05:00,1138.2,1138.3,1138,1138,5322
2026-08-28T08:06:00+00:00,2026-08-28,08:06:00,1138.1,1138.7,1137.8,1138.6,11129
2026-08-28T08:07:00+00:00,2026-08-28,08:07:00,1138.6,1139.3,1138.4,1138.5,11102
2026-08-28T08:08:00+00:00,2026-08-28,08:08:00,1138.8,1138.9,1138.5,1138.7,3576
2026-08-28T08:09:00+00:00,2026-08-28,08:09:00,1138.8,1139.4,1138.7,1139.1,9467
2026-08-28T08:10:00+00:00,2026-08-28,08:10:00,1139.1,1139.3,1138.9,1139.3,4198
2026-08-28T08:11:00+00:00,2026-08-28,08:11:00,1139.3,1139.3,1138.1,1138.1,6809
2026-08-28T08:12:00+00:00,2026-08-28,08:12:00,1138.3,1138.3,1137.6,1138.1,7769
2026-08-28T08:13:00+00:00,2026-08-28,08:13:00,1138.2,1138.4,1137.9,1138,3342
2026-08-28T08:14:00+00:00,2026-08-28,08:14:00,1138.2,1138.3,1137.7,1137.7,7937
2026-08-28T08:15:00+00:00,2026-08-28,08:15:00,1137.8,1138,1137.7,1137.7,10078
2026-08-28T08:16:00+00:00,2026-08-28,08:16:00,1137.8,1137.8,1137.7,1137.8,7147
2026-08-28T08:17:00+00:00,2026-08-28,08:17:00,1137.8,1137.8,1137.7,1137.8,5412
2026-08-28T08:18:00+00:00,2026-08-28,08:18:00,1137.8,1137.8,1137.6,1137.6,6421
2026-08-28T08:19:00+00:00,2026-08-28,08:19:00,1137.7,1139.1,1137.5,1138.8,18160
2026-08-28T08:20:00+00:00,2026-08-28,08:20:00,1138.8,1138.8,1137.6,1137.7,19344
2026-08-28T08:21:00+00:00,2026-08-28,08:21:00,1137.7,1138.6,1137.7,1138,38176
2026-08-28T08:22:00+00:00,2026-08-28,08:22:00,1138,1138.7,1137.8,1138.7,33416
2026-08-28T08:23:00+00:00,2026-08-28,08:23:00,1138.6,1139,1138,1139,11062
2026-08-28T08:24:00+00:00,2026-08-28,08:24:00,1139,1139.3,1138.9,1139.3,10331
2026-08-28T08:25:00+00:00,2026-08-28,08:25:00,1139.2,1139.6,1139.2,1139.3,6440
2026-08-28T08:26:00+00:00,2026-08-28,08:26:00,1139.4,1139.5,1139.2,1139.4,4523
2026-08-28T08:27:00+00:00,2026-08-28,08:27:00,1139.4,1140,1139.4,1140,23844
2026-08-28T08:28:00+00:00,2026-08-28,08:28:00,1140,1140.9,1140,1140.9,20771
2026-08-28T08:29:00+00:00,2026-08-28,08:29:00,1140.9,1141,1139.9,1139.9,12820
2026-08-28T08:30:00+00:00,2026-08-28,08:30:00,1140.2,1140.3,1139.7,1139.9,3163
2026-08-28T08:31:00+00:00,2026-08-28,08:31:00,1139.9,1140,1139.6,1139.6,4040
2026-08-28T08:32:00+00:00,2026-08-28,08:32:00,1139.8,1140,1139.7,1139.8,4203
2026-08-28T08:33:00+00:00,2026-08-28,08:33:00,1139.9,1140.2,1139.7,1140.2,6686
2026-08-28T08:34:00+00:00,2026-08-28,08:34:00,1140.2,1140.6,1139,1139,32765
2026-08-28T08:35:00+00:00,2026-08-28,08:35:00,1139.1,1139.3,1138.8,1139.1,2845
2026-08-28T08:36:00+00:00,2026-08-28,08:36:00,1139.1,1139.5,1138.5,1138.7,8583
2026-08-28T08:37:00+00:00,2026-08-28,08:37:00,1138.7,1139,1138,1139,15753
2026-08-28T08:38:00+00:00,2026-08-28,08:38:00,1139,1139,1138.3,1138.3,6449
2026-08-28T08:39:00+00:00,2026-08-28,08:39:00,1138.4,1138.4,1137.3,1137.4,11267
2026-08-28T08:40:00+00:00,2026-08-28,08:40:00,1137.5,1138,1137.3,1138,3989
2026-08-28T08:41:00+00:00,2026-08-28,08:41:00,1138,1138.6,1137.8,1138.3,7346
2026-08-28T08:42:00+00:00,2026-08-28,08:42:00,1138.4,1138.8,1137.9,1138.1,5772
2026-08-28T08:43:00+00:00,2026-08-28,08:43:00,1138.2,1138.5,1138,1138.2,1574
2026-08-28T08:44:00+00:00,2026-08-28,08:44:00,1138.2,1138.5,1138.1,1138.4,3433
2026-08-28T08:45:00+00:00,2026-08-28,08:45:00,1138.3,1138.5,1138.1,1138.1,4826
2026-08-28T08:46:00+00:00,2026-08-28,08:46:00,1138.3,1138.3,1137.4,1138,44953
2026-08-28T08:47:00+00:00,2026-08-28,08:47:00,1138,1138.3,1137.7,1138.3,3730
2026-08-28T08:48:00+00:00,2026-08-28,08:48:00,1138.3,1138.8,1138.1,1138.2,5873
2026-08-28T08:49:00+00:00,2026-08-28,08:49:00,1138.4,1138.7,1137.7,1137.9,20203
2026-08-28T08:50:00+00:00,2026-08-28,08:50:00,1137.7,1137.9,1137.1,1137.3,7047
2026-08-28T08:51:00+00:00,2026-08-28,08:51:00,1137.2,1137.6,1136.6,1136.6,18560
2026-08-28T08:52:00+00:00,2026-08-28,08:52:00,1136.7,1137.2,1136.6,1136.9,6762
2026-08-28T08:53:00+00:00,2026-08-28,08:53:00,1136.9,1137,1136.5,1136.9,6493
2026-08-28T08:54:00+00:00,2026-08-28,08:54:00,1136.9,1137.4,1136.1,1137.4,82630
2026-08-28T08:55:00+00:00,2026-08-28,08:55:00,1137.4,1137.8,1137,1137.4,10162
2026-08-28T08:56:00+00:00,2026-08-28,08:56:00,1137.4,1137.4,1136.6,1136.9,10554
2026-08-28T08:57:00+00:00,2026-08-28,08:57:00,1136.8,1137,1136.8,1136.8,8170
2026-08-28T08:58:00+00:00,2026-08-28,08:58:00,1136.8,1137.2,1136.6,1137.2,8142
2026-08-28T08:59:00+00:00,2026-08-28,08:59:00,1136.8,1137.7,1136.8,1137.5,6045
2026-08-28T09:00:00+00:00,2026-08-28,09:00:00,1137.5,1137.5,1136.9,1137.4,10554
2026-08-28T09:01:00+00:00,2026-08-28,09:01:00,1136.9,1137,1136.5,1137,7836
2026-08-28T09:02:00+00:00,2026-08-28,09:02:00,1136.8,1137.2,1136.6,1136.8,5247
2026-08-28T09:03:00+00:00,2026-08-28,09:03:00,1136.8,1137.1,1136.1,1136.8,11775
2026-08-28T09:04:00+00:00,2026-08-28,09:04:00,1136.7,1136.9,1136.4,1136.6,5838
2026-08-28T09:05:00+00:00,2026-08-28,09:05:00,1136.6,1136.7,1136.3,1136.7,6925
2026-08-28T09:06:00+00:00,2026-08-28,09:06:00,1136.7,1137.1,1136.6,1136.8,10294
2026-08-28T09:07:00+00:00,2026-08-28,09:07:00,1136.7,1136.8,1136.2,1136.6,16475
2026-08-28T09:08:00+00:00,2026-08-28,09:08:00,1136.2,1136.7,1136,1136.5,12417
2026-08-28T09:09:00+00:00,2026-08-28,09:09:00,1136.5,1136.7,1136.1,1136.4,9256
2026-08-28T09:10:00+00:00,2026-08-28,09:10:00,1136.4,1136.4,1136,1136,12188
2026-08-28T09:11:00+00:00,2026-08-28,09:11:00,1136,1136.1,1135.2,1135.4,14511
2026-08-28T09:12:00+00:00,2026-08-28,09:12:00,1135.4,1136.1,1135.2,1135.9,17333
2026-08-28T09:13:00+00:00,2026-08-28,09:13:00,1135.9,1136.1,1135.7,1136,11563
2026-08-28T09:14:00+00:00,2026-08-28,09:14:00,1135.9,1136,1135.2,1135.4,18061
2026-08-28T09:15:00+00:00,2026-08-28,09:15:00,1135.4,1135.7,1135.3,1135.5,9663
2026-08-28T09:16:00+00:00,2026-08-28,09:16:00,1135.3,1135.8,1135.1,1135.5,20126
2026-08-28T09:17:00+00:00,2026-08-28,09:17:00,1135.6,1135.6,1135.4,1135.5,9393
2026-08-28T09:18:00+00:00,2026-08-28,09:18:00,1135.6,1136,1135.4,1135.7,10397
2026-08-28T09:19:00+00:00,2026-08-28,09:19:00,1135.7,1136,1135.5,1135.6,18487
2026-08-28T09:20:00+00:00,2026-08-28,09:20:00,1135.5,1136.5,1134.8,1136.4,121199
2026-08-28T09:21:00+00:00,2026-08-28,09:21:00,1136.4,1136.8,1135.6,1136.4,37366
2026-08-28T09:22:00+00:00,2026-08-28,09:22:00,1136.4,1137.1,1136.2,1137.1,34454
2026-08-28T09:23:00+00:00,2026-08-28,09:23:00,1137,1137.1,1136.1,1136.4,26764
2026-08-28T09:24:00+00:00,2026-08-28,09:24:00,1136.4,1136.5,1135.6,1136.2,48991
2026-08-28T09:25:00+00:00,2026-08-28,09:25:00,1136.1,1137.1,1136,1136.9,27205
2026-08-28T09:26:00+00:00,2026-08-28,09:26:00,1136.8,1136.9,1136.3,1136.8,28503
2026-08-28T09:27:00+00:00,2026-08-28,09:27:00,1136.7,1137,1136.5,1136.9,12789
2026-08-28T09:28:00+00:00,2026-08-28,09:28:00,1136.9,1137,1136.7,1137,11074
2026-08-28T09:29:00+00:00,2026-08-28,09:29:00,1136.9,1137.4,1136.5,1137,52144
2026-08-28T09:30:00+00:00,2026-08-28,09:30:00,1136.6,1136.9,1136.5,1136.9,36222
2026-08-28T09:31:00+00:00,2026-08-28,09:31:00,1136.7,1136.9,1136.5,1136.7,25730
2026-08-28T09:32:00+00:00,2026-08-28,09:32:00,1136.9,1136.9,1136.4,1136.7,15939
2026-08-28T09:33:00+00:00,2026-08-28,09:33:00,1136.6,1137,1136.5,1136.8,20561
2026-08-28T09:34:00+00:00,2026-08-28,09:34:00,1136.9,1137.6,1136.8,1137.6,34192
2026-08-28T09:35:00+00:00,2026-08-28,09:35:00,1137.4,1137.7,1136.6,1137.5,74233
2026-08-28T09:36:00+00:00,2026-08-28,09:36:00,1137.6,1138,1137.2,1137.9,48018
2026-08-28T09:37:00+00:00,2026-08-28,09:37:00,1137.9,1138,1137.1,1137.1,25291
2026-08-28T09:38:00+00:00,2026-08-28,09:38:00,1137.1,1138.7,1137.1,1138.7,68090
2026-08-28T09:39:00+00:00,2026-08-28,09:39:00,1138.7,1139,1138.2,1138.9,59319
2026-08-28T09:40:00+00:00,2026-08-28,09:40:00,1138.8,1139.9,1138.5,1139.8,87487
2026-08-28T09:41:00+00:00,2026-08-28,09:41:00,1139.8,1142.7,1139.8,1142.4,104798
2026-08-28T09:42:00+00:00,2026-08-28,09:42:00,1142.7,1144.8,1141.9,1143.9,133161
2026-08-28T09:43:00+00:00,2026-08-28,09:43:00,1143.9,1144,1143.4,1143.8,60505
2026-08-28T09:44:00+00:00,2026-08-28,09:44:00,1143.5,1143.9,1141.7,1143,117252
2026-08-28T09:45:00+00:00,2026-08-28,09:45:00,1143.5,1143.9,1141.7,1143,117252
2026-08-28T09:46:00+00:00,2026-08-28,09:46:00,1143.5,1143.9,1141.7,1143,117252
2026-08-28T09:47:00+00:00,2026-08-28,09:47:00,1143.5,1143.9,1141.7,1143,117252
2026-08-28T09:48:00+00:00,2026-08-28,09:48:00,1143.5,1143.9,1141.7,1143,117252
2026-08-28T09:49:00+00:00,2026-08-28,09:49:00,1143.5,1143.9,1141.7,1143,117252
2026-08-28T09:50:00+00:00,2026-08-28,09:50:00,1143.5,1143.9,1141.7,1143,117252
2026-08-28T09:51:00+00:00,2026-08-28,09:51:00,1143.5,1143.9,1141.7,1143,117252
2026-08-28T09:52:00+00:00,2026-08-28,09:52:00,1143.5,1143.9,1141.7,1143,117252
2026-08-28T09:53:00+00:00,2026-08-28,09:53:00,1143.5,1143.9,1141.7,1143,117252
2026-08-28T09:54:00+00:00,2026-08-28,09:54:00,1143.5,1143.9,1141.7,1143,117252
2026-08-28T09:55:00+00:00,2026-08-28,09:55:00,1143.5,1143.9,1141.7,1143,117252
2026-08-28T09:56:00+00:00,2026-08-28,09:56:00,1143.5,1143.9,1141.7,1143,117252
2026-08-28T09:57:00+00:00,2026-08-28,09:57:00,1143.5,1143.9,1141.7,1143,117252
2026-08-28T09:58:00+00:00,2026-08-28,09:58:00,1143.5,1143.9,1141.7,1143,117252
2026-08-28T09:59:00+00:00,2026-08-28,09:59:00,1144,1144,1144,1144,0
2026-08-28T10:00:00+00:00,2026-08-28,10:00:00,1144,1144,1144,1144,0
2026-08-31T03:45:00+00:00,2026-08-31,03:45:00,1140.7,1143.9,1126.1,1127,122075
2026-08-31T03:46:00+00:00,2026-08-31,03:46:00,1127.5,1127.9,1123.2,1123.6,121745
2026-08-31T03:47:00+00:00,2026-08-31,03:47:00,1123.8,1124.5,1121,1121.4,77145
2026-08-31T03:48:00+00:00,2026-08-31,03:48:00,1121.3,1121.3,1117.6,1118.1,79031
2026-08-31T03:49:00+00:00,2026-08-31,03:49:00,1118.7,1119,1117.4,1118.7,118395
2026-08-31T03:50:00+00:00,2026-08-31,03:50:00,1118.7,1123.2,1118.1,1123.2,108981
2026-08-31T03:51:00+00:00,2026-08-31,03:51:00,1123.2,1123.3,1121.5,1121.6,61916
2026-08-31T03:52:00+00:00,2026-08-31,03:52:00,1121.4,1122.9,1120.6,1122.6,46164
2026-08-31T03:53:00+00:00,2026-08-31,03:53:00,1122.6,1122.8,1120.4,1120.7,26384
2026-08-31T03:54:00+00:00,2026-08-31,03:54:00,1120.7,1121.4,1120.5,1121.3,18398
2026-08-31T03:55:00+00:00,2026-08-31,03:55:00,1121,1121.7,1120.1,1120.4,32642
2026-08-31T03:56:00+00:00,2026-08-31,03:56:00,1120.4,1120.5,1120,1120.4,27173
2026-08-31T03:57:00+00:00,2026-08-31,03:57:00,1120.4,1121.5,1120.1,1121,43729
2026-08-31T03:58:00+00:00,2026-08-31,03:58:00,1121,1121.1,1119,1119,18376
2026-08-31T03:59:00+00:00,2026-08-31,03:59:00,1119,1119.4,1118.3,1118.3,20213
2026-08-31T04:00:00+00:00,2026-08-31,04:00:00,1118.3,1118.5,1116,1116.2,62282
2026-08-31T04:01:00+00:00,2026-08-31,04:01:00,1116.3,1116.3,1115.2,1115.8,25270
2026-08-31T04:02:00+00:00,2026-08-31,04:02:00,1115.8,1116,1115.4,1115.7,24107
2026-08-31T04:03:00+00:00,2026-08-31,04:03:00,1115.8,1115.9,1115.3,1115.8,29548
2026-08-31T04:04:00+00:00,2026-08-31,04:04:00,1115.8,1115.8,1113.7,1113.7,51827
2026-08-31T04:05:00+00:00,2026-08-31,04:05:00,1113.8,1113.8,1111.5,1112.1,50910
2026-08-31T04:06:00+00:00,2026-08-31,04:06:00,1112.1,1112.8,1112,1112.6,76805
2026-08-31T04:07:00+00:00,2026-08-31,04:07:00,1112.7,1114,1112.6,1114,23114
2026-08-31T04:08:00+00:00,2026-08-31,04:08:00,1114,1114.4,1113.1,1113.3,28777
2026-08-31T04:09:00+00:00,2026-08-31,04:09:00,1113.1,1113.7,1112.8,1113,16045
2026-08-31T04:10:00+00:00,2026-08-31,04:10:00,1113,1114.2,1113,1114,33113
2026-08-31T04:11:00+00:00,2026-08-31,04:11:00,1114.2,1114.3,1113,1113.1,21663
2026-08-31T04:12:00+00:00,2026-08-31,04:12:00,1113.1,1114.2,1112.9,1114.2,27953
2026-08-31T04:13:00+00:00,2026-08-31,04:13:00,1114,1114.5,1113.2,1113.9,32879
2026-08-31T04:14:00+00:00,2026-08-31,04:14:00,1113.8,1114.4,1113.7,1114.1,16592
2026-08-31T04:15:00+00:00,2026-08-31,04:15:00,1114.1,1114.6,1113.6,1114,26361
2026-08-31T04:16:00+00:00,2026-08-31,04:16:00,1114,1115.1,1114,1114.2,25439
2026-08-31T04:17:00+00:00,2026-08-31,04:17:00,1114.2,1114.4,1113.5,1113.5,18114
2026-08-31T04:18:00+00:00,2026-08-31,04:18:00,1113.4,1113.6,1113,1113.2,11778
2026-08-31T04:19:00+00:00,2026-08-31,04:19:00,1113.2,1114.1,1113,1113.8,29111
2026-08-31T04:20:00+00:00,2026-08-31,04:20:00,1113.8,1116.8,1113.5,1115.7,22546
2026-08-31T04:21:00+00:00,2026-08-31,04:21:00,1116.5,1117.7,1116,1117.1,22375
2026-08-31T04:22:00+00:00,2026-08-31,04:22:00,1117.2,1117.6,1116.5,1116.8,9544
2026-08-31T04:23:00+00:00,2026-08-31,04:23:00,1116.9,1117.7,1116.7,1117.4,20581
2026-08-31T04:24:00+00:00,2026-08-31,04:24:00,1117.4,1117.4,1115.8,1116.5,19763
2026-08-31T04:25:00+00:00,2026-08-31,04:25:00,1116.5,1117,1116.1,1116.7,7384
2026-08-31T04:26:00+00:00,2026-08-31,04:26:00,1116.5,1116.7,1116,1116.4,7080
2026-08-31T04:27:00+00:00,2026-08-31,04:27:00,1116.2,1117.4,1116.2,1117.4,17335
2026-08-31T04:28:00+00:00,2026-08-31,04:28:00,1117.4,1118.4,1117,1118,24855
2026-08-31T04:29:00+00:00,2026-08-31,04:29:00,1118.1,1118.7,1117.8,1117.8,17181
2026-08-31T04:30:00+00:00,2026-08-31,04:30:00,1118.1,1118.7,1117.4,1118.7,14417
2026-08-31T04:31:00+00:00,2026-08-31,04:31:00,1118.8,1118.9,1118,1118.1,19169
2026-08-31T04:32:00+00:00,2026-08-31,04:32:00,1118.1,1118.7,1118,1118.3,9029
2026-08-31T04:33:00+00:00,2026-08-31,04:33:00,1118.3,1118.7,1117.1,1118.7,43067
2026-08-31T04:34:00+00:00,2026-08-31,04:34:00,1118.7,1118.9,1118.6,1118.9,8868
2026-08-31T04:35:00+00:00,2026-08-31,04:35:00,1118.9,1119,1118.2,1118.5,10423
2026-08-31T04:36:00+00:00,2026-08-31,04:36:00,1118.4,1118.8,1118,1118.3,13619
2026-08-31T04:37:00+00:00,2026-08-31,04:37:00,1118.3,1118.3,1116.8,1117.3,11482
2026-08-31T04:38:00+00:00,2026-08-31,04:38:00,1117.3,1117.3,1116.6,1117.1,5348
2026-08-31T04:39:00+00:00,2026-08-31,04:39:00,1117,1117.9,1117,1117.7,17970
2026-08-31T04:40:00+00:00,2026-08-31,04:40:00,1117.9,1118,1117.3,1117.7,6951
2026-08-31T04:41:00+00:00,2026-08-31,04:41:00,1117.8,1117.8,1117.1,1117.5,6181
2026-08-31T04:42:00+00:00,2026-08-31,04:42:00,1117.6,1117.8,1117.1,1117.8,9878
2026-08-31T04:43:00+00:00,2026-08-31,04:43:00,1117.8,1118.4,1117.5,1118.4,12295
2026-08-31T04:44:00+00:00,2026-08-31,04:44:00,1118.4,1119,1118.3,1118.5,11307
2026-08-31T04:45:00+00:00,2026-08-31,04:45:00,1118.7,1118.7,1118.4,1118.6,4063
2026-08-31T04:46:00+00:00,2026-08-31,04:46:00,1118.6,1118.6,1118.3,1118.5,3974
2026-08-31T04:47:00+00:00,2026-08-31,04:47:00,1118.5,1118.5,1117.6,1117.9,9668
2026-08-31T04:48:00+00:00,2026-08-31,04:48:00,1118,1118,1117.6,1117.8,2235
2026-08-31T04:49:00+00:00,2026-08-31,04:49:00,1117.8,1118.1,1117.6,1118,4905
2026-08-31T04:50:00+00:00,2026-08-31,04:50:00,1117.9,1118.1,1117.8,1118,9069
2026-08-31T04:51:00+00:00,2026-08-31,04:51:00,1118.1,1118.4,1118,1118.2,30843
2026-08-31T04:52:00+00:00,2026-08-31,04:52:00,1118,1118,1117.5,1117.9,9722
2026-08-31T04:53:00+00:00,2026-08-31,04:53:00,1117.9,1117.9,1116.6,1116.6,11734
2026-08-31T04:54:00+00:00,2026-08-31,04:54:00,1116.6,1117.7,1116.6,1117.7,18755
2026-08-31T04:55:00+00:00,2026-08-31,04:55:00,1118.3,1119.8,1118.3,1119.7,47259
2026-08-31T04:56:00+00:00,2026-08-31,04:56:00,1119.7,1119.7,1118,1118.1,48244
2026-08-31T04:57:00+00:00,2026-08-31,04:57:00,1118.4,1118.5,1117.8,1118.5,11125
2026-08-31T04:58:00+00:00,2026-08-31,04:58:00,1118.6,1119.3,1118.6,1118.9,12782
2026-08-31T04:59:00+00:00,2026-08-31,04:59:00,1119.2,1119.2,1118.8,1118.9,21124
2026-08-31T05:00:00+00:00,2026-08-31,05:00:00,1118.9,1119,1118.7,1118.8,6208
2026-08-31T05:01:00+00:00,2026-08-31,05:01:00,1118.9,1119,1118.1,1118.3,21325
2026-08-31T05:02:00+00:00,2026-08-31,05:02:00,1118.3,1118.4,1116.3,1116.3,16965
2026-08-31T05:03:00+00:00,2026-08-31,05:03:00,1116.3,1116.7,1116,1116.6,13993
2026-08-31T05:04:00+00:00,2026-08-31,05:04:00,1116.7,1117.8,1116.6,1117.8,44230
2026-08-31T05:05:00+00:00,2026-08-31,05:05:00,1117.8,1118.5,1117.4,1118,14740
2026-08-31T05:06:00+00:00,2026-08-31,05:06:00,1118,1118,1117.4,1117.6,1641
2026-08-31T05:07:00+00:00,2026-08-31,05:07:00,1117.8,1118,1117.2,1118,4097
2026-08-31T05:08:00+00:00,2026-08-31,05:08:00,1118,1118,1117.3,1117.6,4774
2026-08-31T05:09:00+00:00,2026-08-31,05:09:00,1117.6,1117.9,1117.5,1117.9,2435
2026-08-31T05:10:00+00:00,2026-08-31,05:10:00,1117.9,1118.1,1117.5,1118.1,4863
2026-08-31T05:11:00+00:00,2026-08-31,05:11:00,1118.1,1118.7,1117.8,1118.6,9285
2026-08-31T05:12:00+00:00,2026-08-31,05:12:00,1118.7,1118.7,1118.3,1118.7,2953
2026-08-31T05:13:00+00:00,2026-08-31,05:13:00,1118.7,1119,1118.5,1119,2817
2026-08-31T05:14:00+00:00,2026-08-31,05:14:00,1119,1119.3,1118.7,1118.9,13123
2026-08-31T05:15:00+00:00,2026-08-31,05:15:00,1118.9,1119,1118.2,1118.7,2619
2026-08-31T05:16:00+00:00,2026-08-31,05:16:00,1118.7,1118.9,1118.2,1118.2,15628
2026-08-31T05:17:00+00:00,2026-08-31,05:17:00,1118.6,1118.6,1118.1,1118.6,10016
2026-08-31T05:18:00+00:00,2026-08-31,05:18:00,1118.6,1118.6,1118.3,1118.5,1924
2026-08-31T05:19:00+00:00,2026-08-31,05:19:00,1118.5,1118.7,1118.4,1118.6,4577
2026-08-31T05:20:00+00:00,2026-08-31,05:20:00,1118.6,1118.9,1118.5,1118.9,9769
2026-08-31T05:21:00+00:00,2026-08-31,05:21:00,1118.9,1119,1118.8,1119,2924
2026-08-31T05:22:00+00:00,2026-08-31,05:22:00,1119,1119,1118.8,1118.9,4452
2026-08-31T05:23:00+00:00,2026-08-31,05:23:00,1119,1119.6,1118.8,1119.5,20909
2026-08-31T05:24:00+00:00,2026-08-31,05:24:00,1119.6,1119.7,1118.9,1119.3,7605
2026-08-31T05:25:00+00:00,2026-08-31,05:25:00,1119.3,1119.4,1118.9,1119.2,7412
2026-08-31T05:26:00+00:00,2026-08-31,05:26:00,1119.3,1119.3,1118.5,1118.5,9517
2026-08-31T05:27:00+00:00,2026-08-31,05:27:00,1118.5,1118.9,1118.2,1118.9,9561
2026-08-31T05:28:00+00:00,2026-08-31,05:28:00,1118.9,1119,1118.6,1119,4337
2026-08-31T05:29:00+00:00,2026-08-31,05:29:00,1119,1119,1118.5,1118.9,9562
2026-08-31T05:30:00+00:00,2026-08-31,05:30:00,1118.9,1118.9,1117.5,1117.8,9191
2026-08-31T05:31:00+00:00,2026-08-31,05:31:00,1117.8,1117.9,1117.3,1117.3,3877
2026-08-31T05:32:00+00:00,2026-08-31,05:32:00,1117.4,1117.5,1116.7,1116.9,8835
2026-08-31T05:33:00+00:00,2026-08-31,05:33:00,1116.5,1116.5,1115.8,1115.8,10628
2026-08-31T05:34:00+00:00,2026-08-31,05:34:00,1116.4,1117.4,1116.3,1117.4,29141
2026-08-31T05:35:00+00:00,2026-08-31,05:35:00,1117.4,1118.2,1117.2,1117.9,10596
2026-08-31T05:36:00+00:00,2026-08-31,05:36:00,1118.1,1118.1,1117.6,1117.7,1568
2026-08-31T05:37:00+00:00,2026-08-31,05:37:00,1118,1118.1,1117.7,1118,2641
2026-08-31T05:38:00+00:00,2026-08-31,05:38:00,1118,1118.2,1117.6,1118,11948
2026-08-31T05:39:00+00:00,2026-08-31,05:39:00,1118,1118.4,1118,1118.3,2771
2026-08-31T05:40:00+00:00,2026-08-31,05:40:00,1118.3,1118.3,1117.6,1117.6,4082
2026-08-31T05:41:00+00:00,2026-08-31,05:41:00,1117.6,1117.7,1117.4,1117.5,3104
2026-08-31T05:42:00+00:00,2026-08-31,05:42:00,1117.5,1117.7,1117.2,1117.2,2135
2026-08-31T05:43:00+00:00,2026-08-31,05:43:00,1117.5,1118,1117.2,1118,18381
2026-08-31T05:44:00+00:00,2026-08-31,05:44:00,1118,1118.6,1117.9,1118.4,12265
2026-08-31T05:45:00+00:00,2026-08-31,05:45:00,1118.6,1119.3,1118.2,1118.7,16456
2026-08-31T05:46:00+00:00,2026-08-31,05:46:00,1118.7,1119.2,1118.5,1119.1,13072
2026-08-31T05:47:00+00:00,2026-08-31,05:47:00,1119.2,1119.5,1118.6,1119.5,15574
2026-08-31T05:48:00+00:00,2026-08-31,05:48:00,1119.7,1119.8,1119.1,1119.4,9370
2026-08-31T05:49:00+00:00,2026-08-31,05:49:00,1119.4,1119.4,1119,1119.4,10811
2026-08-31T05:50:00+00:00,2026-08-31,05:50:00,1119.4,1119.7,1119.1,1119.7,6320
2026-08-31T05:51:00+00:00,2026-08-31,05:51:00,1119.7,1120.3,1119.7,1120,28722
2026-08-31T05:52:00+00:00,2026-08-31,05:52:00,1120.3,1120.5,1119.9,1120.4,23078
2026-08-31T05:53:00+00:00,2026-08-31,05:53:00,1120.4,1120.6,1119.7,1119.7,14049
2026-08-31T05:54:00+00:00,2026-08-31,05:54:00,1119.7,1119.7,1118.3,1118.6,5380
2026-08-31T05:55:00+00:00,2026-08-31,05:55:00,1118.6,1119.2,1118.6,1119.2,9697
2026-08-31T05:56:00+00:00,2026-08-31,05:56:00,1119,1119.4,1119,1119.4,3651
2026-08-31T05:57:00+00:00,2026-08-31,05:57:00,1119.4,1119.4,1118.6,1119.2,5523
2026-08-31T05:58:00+00:00,2026-08-31,05:58:00,1119.2,1119.3,1119,1119.3,3678
2026-08-31T05:59:00+00:00,2026-08-31,05:59:00,1119.3,1119.3,1119.1,1119.3,12417
2026-08-31T06:00:00+00:00,2026-08-31,06:00:00,1119.3,1119.6,1119.1,1119.6,16825
2026-08-31T06:01:00+00:00,2026-08-31,06:01:00,1119.6,1119.6,1119.4,1119.6,7282
2026-08-31T06:02:00+00:00,2026-08-31,06:02:00,1119.6,1119.6,1119.4,1119.6,5629
2026-08-31T06:03:00+00:00,2026-08-31,06:03:00,1119.6,1120.2,1119.4,1120,16340
2026-08-31T06:04:00+00:00,2026-08-31,06:04:00,1120.1,1120.1,1119.7,1120.1,4070
2026-08-31T06:05:00+00:00,2026-08-31,06:05:00,1120.1,1120.1,1119.2,1119.7,13405
2026-08-31T06:06:00+00:00,2026-08-31,06:06:00,1119.7,1119.8,1119.2,1119.7,4482
2026-08-31T06:07:00+00:00,2026-08-31,06:07:00,1119.7,1120,1119.5,1120,5268
2026-08-31T06:08:00+00:00,2026-08-31,06:08:00,1120,1120.2,1119.5,1119.9,17672
2026-08-31T06:09:00+00:00,2026-08-31,06:09:00,1119.9,1119.9,1119.5,1119.9,3946
2026-08-31T06:10:00+00:00,2026-08-31,06:10:00,1119.9,1119.9,1119.5,1119.6,5433
2026-08-31T06:11:00+00:00,2026-08-31,06:11:00,1119.6,1119.7,1119.3,1119.7,3686
2026-08-31T06:12:00+00:00,2026-08-31,06:12:00,1119.7,1120.6,1119.6,1120.3,19662
2026-08-31T06:13:00+00:00,2026-08-31,06:13:00,1120.6,1120.6,1120,1120.4,5158
2026-08-31T06:14:00+00:00,2026-08-31,06:14:00,1120.4,1120.4,1120,1120.4,4499
2026-08-31T06:15:00+00:00,2026-08-31,06:15:00,1120.4,1120.8,1120.1,1120.6,9681
2026-08-31T06:16:00+00:00,2026-08-31,06:16:00,1120.8,1120.8,1120.2,1120.6,3946
2026-08-31T06:17:00+00:00,2026-08-31,06:17:00,1120.5,1120.6,1120.2,1120.6,4402
2026-08-31T06:18:00+00:00,2026-08-31,06:18:00,1120.7,1120.9,1120.3,1120.6,10558
2026-08-31T06:19:00+00:00,2026-08-31,06:19:00,1120.6,1121,1120.4,1121,12409
2026-08-31T06:20:00+00:00,2026-08-31,06:20:00,1121,1121,1120.4,1121,7741
2026-08-31T06:21:00+00:00,2026-08-31,06:21:00,1121,1121,1120.4,1120.7,6762
2026-08-31T06:22:00+00:00,2026-08-31,06:22:00,1121,1121.4,1120.7,1121.4,10135
2026-08-31T06:23:00+00:00,2026-08-31,06:23:00,1121.4,1121.5,1121.3,1121.5,4678
2026-08-31T06:24:00+00:00,2026-08-31,06:24:00,1121.5,1123,1121.4,1122.8,16906
2026-08-31T06:25:00+00:00,2026-08-31,06:25:00,1122.8,1122.8,1121.9,1122.6,19526
2026-08-31T06:26:00+00:00,2026-08-31,06:26:00,1122.5,1123.5,1121.8,1123.4,23276
2026-08-31T06:27:00+00:00,2026-08-31,06:27:00,1123.4,1124,1122.9,1123.2,35840
2026-08-31T06:28:00+00:00,2026-08-31,06:28:00,1123.2,1123.4,1122.3,1122.6,14440
2026-08-31T06:29:00+00:00,2026-08-31,06:29:00,1122.6,1122.7,1121.9,1122.3,5606
2026-08-31T06:30:00+00:00,2026-08-31,06:30:00,1122.4,1122.6,1121.7,1122.4,5743
2026-08-31T06:31:00+00:00,2026-08-31,06:31:00,1122.4,1122.4,1121,1121.4,9733
2026-08-31T06:32:00+00:00,2026-08-31,06:32:00,1121.3,1121.6,1120.8,1121.6,11730
2026-08-31T06:33:00+00:00,2026-08-31,06:33:00,1121.6,1121.6,1121.1,1121.5,4783
2026-08-31T06:34:00+00:00,2026-08-31,06:34:00,1121.5,1121.9,1121.4,1121.8,7217
2026-08-31T06:35:00+00:00,2026-08-31,06:35:00,1121.8,1122,1121.2,1121.4,21160
2026-08-31T06:36:00+00:00,2026-08-31,06:36:00,1121.4,1121.5,1120.9,1121.5,5193
2026-08-31T06:37:00+00:00,2026-08-31,06:37:00,1121.5,1121.5,1120.9,1121.3,3385
2026-08-31T06:38:00+00:00,2026-08-31,06:38:00,1121.3,1121.3,1120,1120.6,23218
2026-08-31T06:39:00+00:00,2026-08-31,06:39:00,1120.5,1121,1120.5,1121,8500
2026-08-31T06:40:00+00:00,2026-08-31,06:40:00,1121,1121.1,1120.5,1121.1,6899
2026-08-31T06:41:00+00:00,2026-08-31,06:41:00,1121.1,1121.1,1120.7,1121,5533
2026-08-31T06:42:00+00:00,2026-08-31,06:42:00,1121.1,1121.5,1120.8,1121.5,9904
2026-08-31T06:43:00+00:00,2026-08-31,06:43:00,1121.5,1121.5,1121.2,1121.5,4015
2026-08-31T06:44:00+00:00,2026-08-31,06:44:00,1121.5,1121.7,1121.4,1121.7,5878
2026-08-31T06:45:00+00:00,2026-08-31,06:45:00,1121.7,1121.7,1120.8,1121.2,9732
2026-08-31T06:46:00+00:00,2026-08-31,06:46:00,1121.2,1121.5,1121,1121.5,6566
2026-08-31T06:47:00+00:00,2026-08-31,06:47:00,1121.5,1121.6,1121.3,1121.6,3851
2026-08-31T06:48:00+00:00,2026-08-31,06:48:00,1121.6,1121.9,1121.3,1121.6,12482
2026-08-31T06:49:00+00:00,2026-08-31,06:49:00,1121.9,1122.1,1121.6,1122,6017
2026-08-31T06:50:00+00:00,2026-08-31,06:50:00,1122,1122,1121.5,1121.9,5575
2026-08-31T06:51:00+00:00,2026-08-31,06:51:00,1121.9,1122.4,1121.8,1122.3,13711
2026-08-31T06:52:00+00:00,2026-08-31,06:52:00,1122.1,1122.6,1121.5,1121.8,12672
2026-08-31T06:53:00+00:00,2026-08-31,06:53:00,1121.8,1121.8,1121.1,1121.7,10050
2026-08-31T06:54:00+00:00,2026-08-31,06:54:00,1121.7,1121.9,1121.4,1121.9,7440
2026-08-31T06:55:00+00:00,2026-08-31,06:55:00,1121.9,1122.2,1121.8,1122.2,5800
2026-08-31T06:56:00+00:00,2026-08-31,06:56:00,1122.2,1122.3,1121.8,1122.2,5907
2026-08-31T06:57:00+00:00,2026-08-31,06:57:00,1122.2,1122.6,1122,1122.6,9199
2026-08-31T06:58:00+00:00,2026-08-31,06:58:00,1122.6,1122.6,1122.1,1122.5,11952
2026-08-31T06:59:00+00:00,2026-08-31,06:59:00,1122.5,1122.7,1122,1122.3,5916
2026-08-31T07:00:00+00:00,2026-08-31,07:00:00,1122.2,1122.5,1121.8,1122.3,7478
2026-08-31T07:01:00+00:00,2026-08-31,07:01:00,1122.3,1122.3,1121.8,1122,4116
2026-08-31T07:02:00+00:00,2026-08-31,07:02:00,1122,1122,1121.8,1122,4485
2026-08-31T07:03:00+00:00,2026-08-31,07:03:00,1122,1122,1121.7,1121.9,5273
2026-08-31T07:04:00+00:00,2026-08-31,07:04:00,1121.9,1122,1121.3,1121.5,3896
2026-08-31T07:05:00+00:00,2026-08-31,07:05:00,1121.5,1121.8,1121.4,1121.8,4222
2026-08-31T07:06:00+00:00,2026-08-31,07:06:00,1121.8,1121.9,1121.7,1121.9,2772
2026-08-31T07:07:00+00:00,2026-08-31,07:07:00,1121.9,1122.1,1121.9,1122,7669
2026-08-31T07:08:00+00:00,2026-08-31,07:08:00,1122.1,1122.6,1121.9,1122.6,47416
2026-08-31T07:09:00+00:00,2026-08-31,07:09:00,1122.6,1122.8,1121.8,1122.4,50443
2026-08-31T07:10:00+00:00,2026-08-31,07:10:00,1122.4,1122.6,1122.3,1122.6,11355
2026-08-31T07:11:00+00:00,2026-08-31,07:11:00,1122.6,1123,1122.4,1122.9,17835
2026-08-31T07:12:00+00:00,2026-08-31,07:12:00,1122.8,1123,1122.5,1122.7,7111
2026-08-31T07:13:00+00:00,2026-08-31,07:13:00,1122.7,1122.8,1122.5,1122.6,5496
2026-08-31T07:14:00+00:00,2026-08-31,07:14:00,1122.7,1122.9,1122.4,1122.9,3409
2026-08-31T07:15:00+00:00,2026-08-31,07:15:00,1122.9,1122.9,1122.3,1122.7,8704
2026-08-31T07:16:00+00:00,2026-08-31,07:16:00,1122.7,1122.7,1121.8,1122.2,6987
2026-08-31T07:17:00+00:00,2026-08-31,07:17:00,1122.3,1122.5,1121.9,1122.5,9433
2026-08-31T07:18:00+00:00,2026-08-31,07:18:00,1122.5,1122.6,1122.2,1122.6,4854
2026-08-31T07:19:00+00:00,2026-08-31,07:19:00,1122.6,1122.9,1122.6,1122.9,9535
2026-08-31T07:20:00+00:00,2026-08-31,07:20:00,1122.9,1122.9,1122.6,1122.9,3833
2026-08-31T07:21:00+00:00,2026-08-31,07:21:00,1122.9,1123,1122.5,1122.9,6752
2026-08-31T07:22:00+00:00,2026-08-31,07:22:00,1122.9,1122.9,1122.1,1122.6,5167
2026-08-31T07:23:00+00:00,2026-08-31,07:23:00,1122.5,1122.6,1122.2,1122.6,4363
2026-08-31T07:24:00+00:00,2026-08-31,07:24:00,1122.6,1122.8,1122.2,1122.7,19982
2026-08-31T07:25:00+00:00,2026-08-31,07:25:00,1122.7,1122.8,1120.4,1121,46688
2026-08-31T07:26:00+00:00,2026-08-31,07:26:00,1121,1122.9,1121,1122.9,24291
2026-08-31T07:27:00+00:00,2026-08-31,07:27:00,1122.9,1122.9,1122.1,1122.6,8264
2026-08-31T07:28:00+00:00,2026-08-31,07:28:00,1122.8,1123.4,1122.6,1123,15507
2026-08-31T07:29:00+00:00,2026-08-31,07:29:00,1123.1,1123.5,1122.9,1123.2,7578
2026-08-31T07:30:00+00:00,2026-08-31,07:30:00,1123.4,1123.4,1122.9,1123.3,4854
2026-08-31T07:31:00+00:00,2026-08-31,07:31:00,1123.3,1123.6,1123,1123.6,11063
2026-08-31T07:32:00+00:00,2026-08-31,07:32:00,1123.6,1123.6,1123.1,1123.3,15072
2026-08-31T07:33:00+00:00,2026-08-31,07:33:00,1123.1,1123.5,1123.1,1123.3,4489
2026-08-31T07:34:00+00:00,2026-08-31,07:34:00,1123.3,1123.5,1123.1,1123.5,11698
2026-08-31T07:35:00+00:00,2026-08-31,07:35:00,1123.5,1123.6,1123,1123.4,5236
2026-08-31T07:36:00+00:00,2026-08-31,07:36:00,1123.4,1123.5,1123.1,1123.4,2757
2026-08-31T07:37:00+00:00,2026-08-31,07:37:00,1123.4,1123.5,1123.1,1123.4,3972
2026-08-31T07:38:00+00:00,2026-08-31,07:38:00,1123.4,1123.4,1123.1,1123.4,3522
2026-08-31T07:39:00+00:00,2026-08-31,07:39:00,1123.4,1123.4,1123.1,1123.3,3173
2026-08-31T07:40:00+00:00,2026-08-31,07:40:00,1123.3,1123.3,1122.7,1122.8,60077
2026-08-31T07:41:00+00:00,2026-08-31,07:41:00,1122.8,1122.9,1122.6,1122.7,5302
2026-08-31T07:42:00+00:00,2026-08-31,07:42:00,1122.7,1122.9,1122.5,1122.8,4352
2026-08-31T07:43:00+00:00,2026-08-31,07:43:00,1122.8,1122.8,1122.3,1122.3,14606
2026-08-31T07:44:00+00:00,2026-08-31,07:44:00,1122.3,1122.7,1121.6,1121.9,15814
2026-08-31T07:45:00+00:00,2026-08-31,07:45:00,1121.9,1122.1,1121.6,1122.1,5001
2026-08-31T07:46:00+00:00,2026-08-31,07:46:00,1122.1,1122.6,1122,1122.6,9371
2026-08-31T07:47:00+00:00,2026-08-31,07:47:00,1122.6,1122.8,1122.5,1122.8,5165
2026-08-31T07:48:00+00:00,2026-08-31,07:48:00,1122.8,1122.9,1122.5,1122.5,5482
2026-08-31T07:49:00+00:00,2026-08-31,07:49:00,1122.5,1122.5,1122.2,1122.5,9577
2026-08-31T07:50:00+00:00,2026-08-31,07:50:00,1122.5,1122.7,1122,1122.7,21153
2026-08-31T07:51:00+00:00,2026-08-31,07:51:00,1122.7,1122.9,1122.5,1122.8,15009
2026-08-31T07:52:00+00:00,2026-08-31,07:52:00,1122.8,1123.1,1122.5,1123.1,10636
2026-08-31T07:53:00+00:00,2026-08-31,07:53:00,1123.1,1123.3,1122.7,1122.8,6600
2026-08-31T07:54:00+00:00,2026-08-31,07:54:00,1122.8,1123,1122.7,1122.9,3116
2026-08-31T07:55:00+00:00,2026-08-31,07:55:00,1122.9,1123,1122.6,1123,8278
2026-08-31T07:56:00+00:00,2026-08-31,07:56:00,1123,1123,1122.8,1123,3905
2026-08-31T07:57:00+00:00,2026-08-31,07:57:00,1122.9,1122.9,1122.1,1122.4,6256
2026-08-31T07:58:00+00:00,2026-08-31,07:58:00,1122.5,1122.5,1122.1,1122.5,3254
2026-08-31T07:59:00+00:00,2026-08-31,07:59:00,1122.3,1122.6,1122.3,1122.6,3313
2026-08-31T08:00:00+00:00,2026-08-31,08:00:00,1122.3,1122.6,1122.2,1122.6,6979
2026-08-31T08:01:00+00:00,2026-08-31,08:01:00,1122.6,1122.7,1122.3,1122.7,7663
2026-08-31T08:02:00+00:00,2026-08-31,08:02:00,1122.7,1122.9,1122.3,1122.7,14724
2026-08-31T08:03:00+00:00,2026-08-31,08:03:00,1122.8,1123,1122.7,1123,8054
2026-08-31T08:04:00+00:00,2026-08-31,08:04:00,1123,1123.1,1122.9,1123.1,4927
2026-08-31T08:05:00+00:00,2026-08-31,08:05:00,1123.1,1123.3,1123,1123.2,2912
2026-08-31T08:06:00+00:00,2026-08-31,08:06:00,1123.2,1123.3,1122.9,1122.9,9494
2026-08-31T08:07:00+00:00,2026-08-31,08:07:00,1122.9,1123.1,1122.4,1123.1,10638
2026-08-31T08:08:00+00:00,2026-08-31,08:08:00,1123.1,1123.1,1122.7,1123,4495
2026-08-31T08:09:00+00:00,2026-08-31,08:09:00,1122.8,1123,1122.8,1122.8,5113
2026-08-31T08:10:00+00:00,2026-08-31,08:10:00,1122.8,1123.3,1122.8,1123.3,10391
2026-08-31T08:11:00+00:00,2026-08-31,08:11:00,1123.3,1123.5,1123.3,1123.5,12906
2026-08-31T08:12:00+00:00,2026-08-31,08:12:00,1123.4,1123.7,1123.3,1123.7,6727
2026-08-31T08:13:00+00:00,2026-08-31,08:13:00,1123.4,1123.7,1123.2,1123.3,4223
2026-08-31T08:14:00+00:00,2026-08-31,08:14:00,1123.3,1123.5,1123,1123.3,3387
2026-08-31T08:15:00+00:00,2026-08-31,08:15:00,1123,1123.4,1122.8,1123.1,11067
2026-08-31T08:16:00+00:00,2026-08-31,08:16:00,1123.1,1123.1,1122.6,1122.9,4385
2026-08-31T08:17:00+00:00,2026-08-31,08:17:00,1122.9,1123,1122.5,1123,4446
2026-08-31T08:18:00+00:00,2026-08-31,08:18:00,1123,1123.1,1122.6,1123.1,3763
2026-08-31T08:19:00+00:00,2026-08-31,08:19:00,1123.1,1123.3,1123,1123.3,2498
2026-08-31T08:20:00+00:00,2026-08-31,08:20:00,1123.3,1123.5,1123,1123.4,13323
2026-08-31T08:21:00+00:00,2026-08-31,08:21:00,1123.6,1123.6,1122.6,1122.6,12658
2026-08-31T08:22:00+00:00,2026-08-31,08:22:00,1123,1123,1122.6,1123,9900
2026-08-31T08:23:00+00:00,2026-08-31,08:23:00,1123,1123.1,1122.7,1123,3079
2026-08-31T08:24:00+00:00,2026-08-31,08:24:00,1123,1123.1,1122.7,1122.9,4967
2026-08-31T08:25:00+00:00,2026-08-31,08:25:00,1122.9,1123,1122.2,1122.6,6216
2026-08-31T08:26:00+00:00,2026-08-31,08:26:00,1122.6,1122.6,1122.2,1122.4,5994
2026-08-31T08:27:00+00:00,2026-08-31,08:27:00,1122.4,1122.4,1122.2,1122.3,2977
2026-08-31T08:28:00+00:00,2026-08-31,08:28:00,1122.3,1122.3,1122.2,1122.3,8222
2026-08-31T08:29:00+00:00,2026-08-31,08:29:00,1122.3,1122.3,1121.6,1121.9,14230
2026-08-31T08:30:00+00:00,2026-08-31,08:30:00,1121.9,1122.2,1121.6,1122.2,33800
2026-08-31T08:31:00+00:00,2026-08-31,08:31:00,1122.2,1122.3,1122.1,1122.3,4404
2026-08-31T08:32:00+00:00,2026-08-31,08:32:00,1122.3,1122.3,1121.7,1122,13381
2026-08-31T08:33:00+00:00,2026-08-31,08:33:00,1122,1122.3,1121.8,1122,16984
2026-08-31T08:34:00+00:00,2026-08-31,08:34:00,1122.2,1122.2,1121.9,1121.9,9715
2026-08-31T08:35:00+00:00,2026-08-31,08:35:00,1121.8,1121.9,1121.5,1121.8,12626
2026-08-31T08:36:00+00:00,2026-08-31,08:36:00,1121.8,1122.2,1121.6,1122.2,14803
2026-08-31T08:37:00+00:00,2026-08-31,08:37:00,1122.2,1122.8,1122.1,1122.8,26955
2026-08-31T08:38:00+00:00,2026-08-31,08:38:00,1122.8,1123,1122.6,1123,6338
2026-08-31T08:39:00+00:00,2026-08-31,08:39:00,1122.9,1122.9,1121.3,1122.1,22099
2026-08-31T08:40:00+00:00,2026-08-31,08:40:00,1122.1,1122.1,1121.6,1121.8,4174
2026-08-31T08:41:00+00:00,2026-08-31,08:41:00,1121.8,1121.8,1121.5,1121.8,3620
2026-08-31T08:42:00+00:00,2026-08-31,08:42:00,1121.8,1122.4,1121.4,1122.4,39036
2026-08-31T08:43:00+00:00,2026-08-31,08:43:00,1122.4,1123.1,1122.4,1123.1,23697
2026-08-31T08:44:00+00:00,2026-08-31,08:44:00,1123.1,1123.8,1122.8,1123.4,28538
2026-08-31T08:45:00+00:00,2026-08-31,08:45:00,1123.4,1123.8,1123,1123.5,12158
2026-08-31T08:46:00+00:00,2026-08-31,08:46:00,1123.7,1123.9,1123.4,1123.5,19160
2026-08-31T08:47:00+00:00,2026-08-31,08:47:00,1123.5,1123.5,1123,1123.4,8296
2026-08-31T08:48:00+00:00,2026-08-31,08:48:00,1123.4,1124,1123,1123.9,11699
2026-08-31T08:49:00+00:00,2026-08-31,08:49:00,1123.9,1124,1123.7,1124,9731
2026-08-31T08:50:00+00:00,2026-08-31,08:50:00,1124,1124,1123.5,1123.8,13082
2026-08-31T08:51:00+00:00,2026-08-31,08:51:00,1124,1124.3,1123.8,1124.3,9796
2026-08-31T08:52:00+00:00,2026-08-31,08:52:00,1124.3,1124.5,1123.4,1124,16710
2026-08-31T08:53:00+00:00,2026-08-31,08:53:00,1124,1124.3,1123.7,1124.3,9624
2026-08-31T08:54:00+00:00,2026-08-31,08:54:00,1124.3,1124.3,1123.1,1123.5,14842
2026-08-31T08:55:00+00:00,2026-08-31,08:55:00,1123.1,1123.8,1123.1,1123.2,11757
2026-08-31T08:56:00+00:00,2026-08-31,08:56:00,1123.5,1124,1123.2,1123.6,9440
2026-08-31T08:57:00+00:00,2026-08-31,08:57:00,1124,1124,1123.6,1124,7815
2026-08-31T08:58:00+00:00,2026-08-31,08:58:00,1124,1124.4,1123.8,1124,15105
2026-08-31T08:59:00+00:00,2026-08-31,08:59:00,1124.2,1124.3,1123.4,1124.1,16065
2026-08-31T09:00:00+00:00,2026-08-31,09:00:00,1124,1124.2,1123.6,1124,11162
2026-08-31T09:01:00+00:00,2026-08-31,09:01:00,1124,1124.5,1124,1124.4,14278
2026-08-31T09:02:00+00:00,2026-08-31,09:02:00,1124.5,1124.5,1124,1124.3,10751
2026-08-31T09:03:00+00:00,2026-08-31,09:03:00,1124.3,1124.4,1124,1124,12339
2026-08-31T09:04:00+00:00,2026-08-31,09:04:00,1124,1124.1,1123.3,1124.1,9290
2026-08-31T09:05:00+00:00,2026-08-31,09:05:00,1124.1,1124.6,1123.9,1124.6,14639
2026-08-31T09:06:00+00:00,2026-08-31,09:06:00,1124.6,1124.7,1124.2,1124.2,11743
2026-08-31T09:07:00+00:00,2026-08-31,09:07:00,1124.5,1124.6,1124,1124.4,26695
2026-08-31T09:08:00+00:00,2026-08-31,09:08:00,1124.4,1124.4,1123.5,1124,13300
2026-08-31T09:09:00+00:00,2026-08-31,09:09:00,1124,1124,1123.6,1124,9039
2026-08-31T09:10:00+00:00,2026-08-31,09:10:00,1124,1124.2,1123.7,1124.1,12352
2026-08-31T09:11:00+00:00,2026-08-31,09:11:00,1124.1,1124.4,1124,1124.3,15230
2026-08-31T09:12:00+00:00,2026-08-31,09:12:00,1124.3,1124.9,1124,1124.8,12081
2026-08-31T09:13:00+00:00,2026-08-31,09:13:00,1124.8,1124.8,1124.2,1124.4,15971
2026-08-31T09:14:00+00:00,2026-08-31,09:14:00,1124.4,1125,1124.3,1125,12921
2026-08-31T09:15:00+00:00,2026-08-31,09:15:00,1124.9,1125.2,1124.4,1125.2,27300
2026-08-31T09:16:00+00:00,2026-08-31,09:16:00,1125.1,1127,1125,1127,76990
2026-08-31T09:17:00+00:00,2026-08-31,09:17:00,1127,1127,1126,1126.3,18514
2026-08-31T09:18:00+00:00,2026-08-31,09:18:00,1126.4,1126.6,1126,1126.2,16605
2026-08-31T09:19:00+00:00,2026-08-31,09:19:00,1126.2,1126.7,1125.9,1126.5,14951
2026-08-31T09:20:00+00:00,2026-08-31,09:20:00,1126.2,1126.6,1126,1126.5,25692
2026-08-31T09:21:00+00:00,2026-08-31,09:21:00,1126.2,1127.1,1126,1126.9,21395
2026-08-31T09:22:00+00:00,2026-08-31,09:22:00,1126.9,1127.7,1126.9,1127.3,25840
2026-08-31T09:23:00+00:00,2026-08-31,09:23:00,1127.3,1128.3,1127.2,1128,24404
2026-08-31T09:24:00+00:00,2026-08-31,09:24:00,1128.1,1128.3,1127.4,1127.8,40673
2026-08-31T09:25:00+00:00,2026-08-31,09:25:00,1127.6,1127.7,1126.8,1127,18610
2026-08-31T09:26:00+00:00,2026-08-31,09:26:00,1127.2,1127.7,1127,1127.5,19514
2026-08-31T09:27:00+00:00,2026-08-31,09:27:00,1127.3,1127.5,1126.6,1127.1,34523
2026-08-31T09:28:00+00:00,2026-08-31,09:28:00,1126.7,1127.1,1124.7,1124.9,52392
2026-08-31T09:29:00+00:00,2026-08-31,09:29:00,1124.9,1125.9,1124.8,1125.6,28744
2026-08-31T09:30:00+00:00,2026-08-31,09:30:00,1125.5,1127,1125.5,1126.8,29323
2026-08-31T09:31:00+00:00,2026-08-31,09:31:00,1126.8,1128.2,1126.7,1127.5,47499
2026-08-31T09:32:00+00:00,2026-08-31,09:32:00,1127.7,1127.9,1126.8,1127.2,62863
2026-08-31T09:33:00+00:00,2026-08-31,09:33:00,1127,1127.3,1126.5,1127.1,91766
2026-08-31T09:34:00+00:00,2026-08-31,09:34:00,1127.2,1127.5,1126.1,1126.8,37778
2026-08-31T09:35:00+00:00,2026-08-31,09:35:00,1126.8,1126.8,1125.2,1125.5,91631
2026-08-31T09:36:00+00:00,2026-08-31,09:36:00,1125.5,1125.7,1125.3,1125.6,37645
2026-08-31T09:37:00+00:00,2026-08-31,09:37:00,1125.6,1125.9,1124.3,1124.6,93266
2026-08-31T09:38:00+00:00,2026-08-31,09:38:00,1124.9,1127.3,1124.9,1126.8,62930
2026-08-31T09:39:00+00:00,2026-08-31,09:39:00,1126.8,1128.4,1126.6,1128.4,118022
2026-08-31T09:40:00+00:00,2026-08-31,09:40:00,1128,1129.7,1127.7,1129.4,109289
2026-08-31T09:41:00+00:00,2026-08-31,09:41:00,1129.1,1130,1127.5,1127.7,136988
2026-08-31T09:42:00+00:00,2026-08-31,09:42:00,1127.7,1128.3,1127.4,1128,122706
2026-08-31T09:43:00+00:00,2026-08-31,09:43:00,1128,1128.1,1127.1,1127.3,33196
2026-08-31T09:44:00+00:00,2026-08-31,09:44:00,1127.5,1129.7,1123.5,1125.1,95242
2026-08-31T09:45:00+00:00,2026-08-31,09:45:00,1127.5,1129.7,1123.5,1125.1,95242
2026-08-31T09:46:00+00:00,2026-08-31,09:46:00,1127.5,1129.7,1123.5,1125.1,95242
2026-08-31T09:47:00+00:00,2026-08-31,09:47:00,1127.5,1129.7,1123.5,1125.1,95242
2026-08-31T09:48:00+00:00,2026-08-31,09:48:00,1127.5,1129.7,1123.5,1125.1,95242
2026-08-31T09:49:00+00:00,2026-08-31,09:49:00,1127.5,1129.7,1123.5,1125.1,95242
2026-08-31T09:50:00+00:00,2026-08-31,09:50:00,1127.5,1129.7,1123.5,1125.1,95242
2026-08-31T09:51:00+00:00,2026-08-31,09:51:00,1127.5,1129.7,1123.5,1125.1,95242
2026-08-31T09:52:00+00:00,2026-08-31,09:52:00,1127.5,1129.7,1123.5,1125.1,95242
2026-08-31T09:53:00+00:00,2026-08-31,09:53:00,1127.5,1129.7,1123.5,1125.1,95242
2026-08-31T09:54:00+00:00,2026-08-31,09:54:00,1127.5,1129.7,1123.5,1125.1,95242
2026-08-31T09:55:00+00:00,2026-08-31,09:55:00,1127.5,1129.7,1123.5,1125.1,95242
2026-08-31T09:56:00+00:00,2026-08-31,09:56:00,1127.5,1129.7,1123.5,1125.1,95242
2026-08-31T09:57:00+00:00,2026-08-31,09:57:00,1127.5,1129.7,1123.5,1125.1,95242
2026-08-31T09:58:00+00:00,2026-08-31,09:58:00,1127.5,1129.7,1123.5,1125.1,95242
2026-08-31T09:59:00+00:00,2026-08-31,09:59:00,1133.8,1133.8,1133.8,1133.8,0
2026-08-31T10:00:00+00:00,2026-08-31,10:00:00,1133.8,1133.8,1133.8,1133.8,0
2026-09-01T03:45:00+00:00,2026-09-01,03:45:00,1130.4,1132,1125.6,1127,51757
2026-09-01T03:46:00+00:00,2026-09-01,03:46:00,1127.3,1130.6,1126.5,1128.5,28294
2026-09-01T03:47:00+00:00,2026-09-01,03:47:00,1127.8,1132.5,1127.8,1132.5,27963
2026-09-01T03:48:00+00:00,2026-09-01,03:48:00,1132.5,1133.3,1129.9,1130.9,139518
2026-09-01T03:49:00+00:00,2026-09-01,03:49:00,1130.5,1131.4,1129.4,1130.9,90135
2026-09-01T03:50:00+00:00,2026-09-01,03:50:00,1131.1,1134,1131.1,1133.1,26710
2026-09-01T03:51:00+00:00,2026-09-01,03:51:00,1133.1,1137.6,1133.1,1137.4,28422
2026-09-01T03:52:00+00:00,2026-09-01,03:52:00,1137.4,1138,1134,1136.5,87327
2026-09-01T03:53:00+00:00,2026-09-01,03:53:00,1136.8,1138.5,1135.8,1137.9,19253
2026-09-01T03:54:00+00:00,2026-09-01,03:54:00,1137.9,1142.4,1137.3,1140.9,116176
2026-09-01T03:55:00+00:00,2026-09-01,03:55:00,1140.9,1143.6,1139.5,1142.2,105609
2026-09-01T03:56:00+00:00,2026-09-01,03:56:00,1142,1143,1141.7,1142.2,16314
2026-09-01T03:57:00+00:00,2026-09-01,03:57:00,1142.4,1144.4,1141.4,1142.5,62282
2026-09-01T03:58:00+00:00,2026-09-01,03:58:00,1142,1143.8,1141.8,1142.3,40734
2026-09-01T03:59:00+00:00,2026-09-01,03:59:00,1142.7,1143,1141.7,1142.6,15824
2026-09-01T04:00:00+00:00,2026-09-01,04:00:00,1142.8,1145,1141.7,1144.5,52504
2026-09-01T04:01:00+00:00,2026-09-01,04:01:00,1144.8,1146,1144.3,1145.5,43759
2026-09-01T04:02:00+00:00,2026-09-01,04:02:00,1145.4,1146.5,1145.1,1145.3,21919
2026-09-01T04:03:00+00:00,2026-09-01,04:03:00,1145.3,1147.6,1144.8,1146,57003
2026-09-01T04:04:00+00:00,2026-09-01,04:04:00,1146,1146,1144,1144.2,15801
2026-09-01T04:05:00+00:00,2026-09-01,04:05:00,1143.8,1144,1142.5,1142.9,54375
2026-09-01T04:06:00+00:00,2026-09-01,04:06:00,1142.8,1143.5,1142.5,1142.6,8922
2026-09-01T04:07:00+00:00,2026-09-01,04:07:00,1142.8,1142.8,1140.9,1141.1,26924
2026-09-01T04:08:00+00:00,2026-09-01,04:08:00,1141.1,1141.8,1140.6,1141.6,12217
2026-09-01T04:09:00+00:00,2026-09-01,04:09:00,1141.6,1141.9,1140.9,1141.3,8121
2026-09-01T04:10:00+00:00,2026-09-01,04:10:00,1141.6,1141.6,1139.3,1139.9,38928
2026-09-01T04:11:00+00:00,2026-09-01,04:11:00,1139.9,1139.9,1139.2,1139.7,39920
2026-09-01T04:12:00+00:00,2026-09-01,04:12:00,1139.6,1140.6,1139.6,1140.2,16458
2026-09-01T04:13:00+00:00,2026-09-01,04:13:00,1140.1,1140.4,1139,1139.4,8254
2026-09-01T04:14:00+00:00,2026-09-01,04:14:00,1139,1139.4,1138.2,1139.2,21620
2026-09-01T04:15:00+00:00,2026-09-01,04:15:00,1139.6,1140.7,1139.1,1140.2,13014
2026-09-01T04:16:00+00:00,2026-09-01,04:16:00,1140.2,1140.5,1140,1140.1,5430
2026-09-01T04:17:00+00:00,2026-09-01,04:17:00,1140.5,1141.7,1139.9,1141,16606
2026-09-01T04:18:00+00:00,2026-09-01,04:18:00,1141,1141.5,1140.6,1141,5878
2026-09-01T04:19:00+00:00,2026-09-01,04:19:00,1141,1141,1140,1140.1,12894
2026-09-01T04:20:00+00:00,2026-09-01,04:20:00,1140.7,1141,1140.1,1140.7,5501
2026-09-01T04:21:00+00:00,2026-09-01,04:21:00,1140.7,1140.9,1140.5,1140.5,5871
2026-09-01T04:22:00+00:00,2026-09-01,04:22:00,1140.9,1141,1140.5,1140.7,3369
2026-09-01T04:23:00+00:00,2026-09-01,04:23:00,1140.9,1140.9,1140.1,1140.2,4086
2026-09-01T04:24:00+00:00,2026-09-01,04:24:00,1140.5,1140.9,1140,1140.7,13355
2026-09-01T04:25:00+00:00,2026-09-01,04:25:00,1140.7,1141,1140.5,1140.5,7072
2026-09-01T04:26:00+00:00,2026-09-01,04:26:00,1140.5,1140.5,1139.6,1140,13078
2026-09-01T04:27:00+00:00,2026-09-01,04:27:00,1140,1140.6,1139.5,1140.3,9756
2026-09-01T04:28:00+00:00,2026-09-01,04:28:00,1140.3,1141,1140.3,1140.5,5929
2026-09-01T04:29:00+00:00,2026-09-01,04:29:00,1140.1,1140.1,1139.2,1139.4,8794
2026-09-01T04:30:00+00:00,2026-09-01,04:30:00,1139.4,1139.6,1139,1139.4,4895
2026-09-01T04:31:00+00:00,2026-09-01,04:31:00,1139.4,1139.5,1138.6,1138.9,8898
2026-09-01T04:32:00+00:00,2026-09-01,04:32:00,1138.6,1139.2,1137.7,1137.9,11164
2026-09-01T04:33:00+00:00,2026-09-01,04:33:00,1138.3,1139.2,1138.3,1138.9,4776
2026-09-01T04:34:00+00:00,2026-09-01,04:34:00,1139,1139.4,1138.5,1138.9,4498
2026-09-01T04:35:00+00:00,2026-09-01,04:35:00,1138.9,1139.3,1138.6,1138.6,4427
2026-09-01T04:36:00+00:00,2026-09-01,04:36:00,1139.1,1139.2,1138.6,1138.6,4231
2026-09-01T04:37:00+00:00,2026-09-01,04:37:00,1138.9,1139,1138.5,1138.5,8659
2026-09-01T04:38:00+00:00,2026-09-01,04:38:00,1138.7,1138.8,1137.9,1138,13051
2026-09-01T04:39:00+00:00,2026-09-01,04:39:00,1138,1139.8,1137.9,1139.8,15626
2026-09-01T04:40:00+00:00,2026-09-01,04:40:00,1139.8,1141.1,1139.8,1141,15048
2026-09-01T04:41:00+00:00,2026-09-01,04:41:00,1141,1141.4,1140.3,1140.8,13468
2026-09-01T04:42:00+00:00,2026-09-01,04:42:00,1140.9,1141.1,1140.6,1141.1,5880
2026-09-01T04:43:00+00:00,2026-09-01,04:43:00,1141.1,1141.4,1140.3,1140.4,10397
2026-09-01T04:44:00+00:00,2026-09-01,04:44:00,1140.4,1140.5,1140,1140.1,3734
2026-09-01T04:45:00+00:00,2026-09-01,04:45:00,1140.1,1141,1140,1140.7,14303
2026-09-01T04:46:00+00:00,2026-09-01,04:46:00,1140.6,1141.4,1140.5,1141.4,6524
2026-09-01T04:47:00+00:00,2026-09-01,04:47:00,1141.4,1143.6,1141.4,1143.6,17579
2026-09-01T04:48:00+00:00,2026-09-01,04:48:00,1143.7,1143.7,1143,1143.2,8472
2026-09-01T04:49:00+00:00,2026-09-01,04:49:00,1143.2,1143.3,1141.6,1141.8,7680
2026-09-01T04:50:00+00:00,2026-09-01,04:50:00,1142,1142,1140.9,1141.9,9451
2026-09-01T04:51:00+00:00,2026-09-01,04:51:00,1141.9,1142.2,1141.5,1142,4968
2026-09-01T04:52:00+00:00,2026-09-01,04:52:00,1142,1142,1141.3,1141.9,2297
2026-09-01T04:53:00+00:00,2026-09-01,04:53:00,1142,1142,1141.1,1141.2,2713
2026-09-01T04:54:00+00:00,2026-09-01,04:54:00,1141.2,1141.9,1140.8,1141.9,4793
2026-09-01T04:55:00+00:00,2026-09-01,04:55:00,1141.9,1142.1,1141.7,1142,7435
2026-09-01T04:56:00+00:00,2026-09-01,04:56:00,1142,1142.5,1141.8,1141.8,5438
2026-09-01T04:57:00+00:00,2026-09-01,04:57:00,1142.2,1142.4,1141.3,1142.4,7639
2026-09-01T04:58:00+00:00,2026-09-01,04:58:00,1142.4,1142.8,1142.3,1142.5,4746
2026-09-01T04:59:00+00:00,2026-09-01,04:59:00,1142.5,1142.6,1141.9,1142,6222
2026-09-01T05:00:00+00:00,2026-09-01,05:00:00,1142,1142.1,1141.5,1142,4242
2026-09-01T05:01:00+00:00,2026-09-01,05:01:00,1142,1142.3,1141.7,1142,4284
2026-09-01T05:02:00+00:00,2026-09-01,05:02:00,1142.2,1142.5,1141.8,1142.5,5196
2026-09-01T05:03:00+00:00,2026-09-01,05:03:00,1142.5,1142.8,1142.3,1142.7,2268
2026-09-01T05:04:00+00:00,2026-09-01,05:04:00,1142.8,1143.1,1142.7,1143.1,8382
2026-09-01T05:05:00+00:00,2026-09-01,05:05:00,1143.1,1143.2,1142.7,1142.9,6684
2026-09-01T05:06:00+00:00,2026-09-01,05:06:00,1143.1,1143.5,1143.1,1143.5,4232
2026-09-01T05:07:00+00:00,2026-09-01,05:07:00,1143.5,1144.5,1143.2,1144.1,21903
2026-09-01T05:08:00+00:00,2026-09-01,05:08:00,1144,1144.2,1142.8,1142.8,8982
2026-09-01T05:09:00+00:00,2026-09-01,05:09:00,1142.8,1143.1,1142.4,1143,3074
2026-09-01T05:10:00+00:00,2026-09-01,05:10:00,1143,1143.3,1142.7,1143.1,4665
2026-09-01T05:11:00+00:00,2026-09-01,05:11:00,1143.1,1144,1142.7,1144,6415
2026-09-01T05:12:00+00:00,2026-09-01,05:12:00,1144,1144.2,1143.6,1144.1,4311
2026-09-01T05:13:00+00:00,2026-09-01,05:13:00,1144.1,1144.3,1143.8,1144.3,4294
2026-09-01T05:14:00+00:00,2026-09-01,05:14:00,1144.2,1144.7,1144,1144.3,22992
2026-09-01T05:15:00+00:00,2026-09-01,05:15:00,1144.3,1144.7,1143.7,1143.9,9683
2026-09-01T05:16:00+00:00,2026-09-01,05:16:00,1143.9,1144.3,1143.3,1144,9848
2026-09-01T05:17:00+00:00,2026-09-01,05:17:00,1143.8,1144,1143,1143.5,6050
2026-09-01T05:18:00+00:00,2026-09-01,05:18:00,1143.5,1143.9,1143.2,1143.5,4973
2026-09-01T05:19:00+00:00,2026-09-01,05:19:00,1143.8,1144,1143.5,1144,2724
2026-09-01T05:20:00+00:00,2026-09-01,05:20:00,1143.9,1144.7,1143.6,1144.7,21851
2026-09-01T05:21:00+00:00,2026-09-01,05:21:00,1144.7,1146.5,1144.6,1146.3,51852
2026-09-01T05:22:00+00:00,2026-09-01,05:22:00,1146.4,1146.5,1144.8,1145,28079
2026-09-01T05:23:00+00:00,2026-09-01,05:23:00,1144.7,1145,1144.5,1145,5716
2026-09-01T05:24:00+00:00,2026-09-01,05:24:00,1145,1145,1144.4,1144.7,6852
2026-09-01T05:25:00+00:00,2026-09-01,05:25:00,1145,1145.4,1144.5,1144.9,11664
2026-09-01T05:26:00+00:00,2026-09-01,05:26:00,1145,1145.1,1143.3,1143.4,23146
2026-09-01T05:27:00+00:00,2026-09-01,05:27:00,1143.4,1143.6,1142.8,1143.6,5128
2026-09-01T05:28:00+00:00,2026-09-01,05:28:00,1143.7,1143.9,1143.2,1143.5,3407
2026-09-01T05:29:00+00:00,2026-09-01,05:29:00,1143.5,1143.5,1142.4,1142.8,14264
2026-09-01T05:30:00+00:00,2026-09-01,05:30:00,1142.8,1143.8,1142.6,1143.8,4795
2026-09-01T05:31:00+00:00,2026-09-01,05:31:00,1144,1144.5,1143.2,1143.7,11450
2026-09-01T05:32:00+00:00,2026-09-01,05:32:00,1143.9,1144,1142.2,1142.5,75228
2026-09-01T05:33:00+00:00,2026-09-01,05:33:00,1142.5,1142.6,1141.1,1141.6,34214
2026-09-01T05:34:00+00:00,2026-09-01,05:34:00,1141.7,1142.3,1141,1142,14865
2026-09-01T05:35:00+00:00,2026-09-01,05:35:00,1142,1142.9,1141.7,1142.9,6947
2026-09-01T05:36:00+00:00,2026-09-01,05:36:00,1143,1143.3,1142.6,1143,3263
2026-09-01T05:37:00+00:00,2026-09-01,05:37:00,1143,1143,1142.3,1142.5,4730
2026-09-01T05:38:00+00:00,2026-09-01,05:38:00,1142.5,1143.8,1142.4,1143.8,4836
2026-09-01T05:39:00+00:00,2026-09-01,05:39:00,1143.5,1143.7,1143,1143.1,2057
2026-09-01T05:40:00+00:00,2026-09-01,05:40:00,1143.1,1143.1,1142.6,1143,3182
2026-09-01T05:41:00+00:00,2026-09-01,05:41:00,1143,1143.4,1142.7,1142.8,5524
2026-09-01T05:42:00+00:00,2026-09-01,05:42:00,1142.8,1143.5,1142.6,1143.5,14100
2026-09-01T05:43:00+00:00,2026-09-01,05:43:00,1143.8,1144,1143.5,1144,4986
2026-09-01T05:44:00+00:00,2026-09-01,05:44:00,1144,1144.5,1143.6,1143.9,12400
2026-09-01T05:45:00+00:00,2026-09-01,05:45:00,1143.9,1143.9,1143.2,1143.3,4258
2026-09-01T05:46:00+00:00,2026-09-01,05:46:00,1143.3,1143.5,1142.9,1143.2,3756
2026-09-01T05:47:00+00:00,2026-09-01,05:47:00,1143.2,1143.8,1142.6,1142.8,8849
2026-09-01T05:48:00+00:00,2026-09-01,05:48:00,1142.7,1143.5,1142.6,1143.3,2872
2026-09-01T05:49:00+00:00,2026-09-01,05:49:00,1143.2,1143.5,1142.8,1143.2,3929
2026-09-01T05:50:00+00:00,2026-09-01,05:50:00,1143.3,1143.6,1143,1143.6,2298
2026-09-01T05:51:00+00:00,2026-09-01,05:51:00,1143.5,1144,1143.3,1144,7859
2026-09-01T05:52:00+00:00,2026-09-01,05:52:00,1143.9,1144,1143.6,1143.9,3197
2026-09-01T05:53:00+00:00,2026-09-01,05:53:00,1143.9,1144.2,1143.7,1144.2,7940
2026-09-01T05:54:00+00:00,2026-09-01,05:54:00,1144.2,1144.2,1143.3,1143.7,5958
2026-09-01T05:55:00+00:00,2026-09-01,05:55:00,1143.9,1144.1,1143.7,1144.1,3380
2026-09-01T05:56:00+00:00,2026-09-01,05:56:00,1144.1,1144.1,1143.8,1144,7874
2026-09-01T05:57:00+00:00,2026-09-01,05:57:00,1144,1144.1,1143.3,1143.6,6134
2026-09-01T05:58:00+00:00,2026-09-01,05:58:00,1143.3,1143.8,1143.2,1143.7,2818
2026-09-01T05:59:00+00:00,2026-09-01,05:59:00,1143.7,1144,1143.4,1143.7,5537
2026-09-01T06:00:00+00:00,2026-09-01,06:00:00,1143.7,1144,1143.4,1143.5,18188
2026-09-01T06:01:00+00:00,2026-09-01,06:01:00,1143.5,1143.6,1142.2,1142.2,12696
2026-09-01T06:02:00+00:00,2026-09-01,06:02:00,1142.3,1142.4,1141.5,1141.7,12573
2026-09-01T06:03:00+00:00,2026-09-01,06:03:00,1141.7,1142,1141.5,1141.9,7638
2026-09-01T06:04:00+00:00,2026-09-01,06:04:00,1141.9,1142.1,1141.5,1142,12270
2026-09-01T06:05:00+00:00,2026-09-01,06:05:00,1142,1142.3,1141.3,1141.8,7139
2026-09-01T06:06:00+00:00,2026-09-01,06:06:00,1141.8,1142.2,1141.6,1141.7,6153
2026-09-01T06:07:00+00:00,2026-09-01,06:07:00,1141.8,1142.2,1141.6,1142.2,6450
2026-09-01T06:08:00+00:00,2026-09-01,06:08:00,1142.2,1142.3,1141.7,1142,5711
2026-09-01T06:09:00+00:00,2026-09-01,06:09:00,1141.9,1143,1141.9,1142.9,8499
2026-09-01T06:10:00+00:00,2026-09-01,06:10:00,1142.9,1142.9,1141.7,1142.4,8620
2026-09-01T06:11:00+00:00,2026-09-01,06:11:00,1142.4,1143.7,1142.1,1143.5,10298
2026-09-01T06:12:00+00:00,2026-09-01,06:12:00,1143.5,1143.6,1143,1143.4,11526
2026-09-01T06:13:00+00:00,2026-09-01,06:13:00,1143.4,1143.4,1142.5,1143,6500
2026-09-01T06:14:00+00:00,2026-09-01,06:14:00,1143,1143.1,1142.5,1142.7,7606
2026-09-01T06:15:00+00:00,2026-09-01,06:15:00,1142.7,1144.5,1142.5,1144.4,27703
2026-09-01T06:16:00+00:00,2026-09-01,06:16:00,1144.5,1145,1144.3,1144.9,7968
2026-09-01T06:17:00+00:00,2026-09-01,06:17:00,1144.9,1145.3,1144.6,1145,24092
2026-09-01T06:18:00+00:00,2026-09-01,06:18:00,1144.9,1145.7,1144.7,1145.3,13556
2026-09-01T06:19:00+00:00,2026-09-01,06:19:00,1145.3,1145.6,1145.2,1145.5,8065
2026-09-01T06:20:00+00:00,2026-09-01,06:20:00,1145.5,1147,1145.5,1147,31892
2026-09-01T06:21:00+00:00,2026-09-01,06:21:00,1147.1,1148.9,1147.1,1148.9,53444
2026-09-01T06:22:00+00:00,2026-09-01,06:22:00,1148.5,1148.9,1147.3,1148,23949
2026-09-01T06:23:00+00:00,2026-09-01,06:23:00,1148,1149,1147.7,1148,80023
2026-09-01T06:24:00+00:00,2026-09-01,06:24:00,1148.4,1148.9,1147.7,1148.9,22559
2026-09-01T06:25:00+00:00,2026-09-01,06:25:00,1149,1151.6,1148.6,1151,119833
2026-09-01T06:26:00+00:00,2026-09-01,06:26:00,1150.7,1151,1149.1,1149.8,59389
2026-09-01T06:27:00+00:00,2026-09-01,06:27:00,1149.8,1150.6,1149.1,1150,34818
2026-09-01T06:28:00+00:00,2026-09-01,06:28:00,1150,1150.2,1148.3,1148.3,32802
2026-09-01T06:29:00+00:00,2026-09-01,06:29:00,1148.3,1148.3,1147.1,1147.3,29536
2026-09-01T06:30:00+00:00,2026-09-01,06:30:00,1147.9,1148.4,1146.4,1146.8,135044
2026-09-01T06:31:00+00:00,2026-09-01,06:31:00,1146.8,1147.9,1146.7,1147.1,16357
2026-09-01T06:32:00+00:00,2026-09-01,06:32:00,1147.3,1147.9,1147,1147.4,32888
2026-09-01T06:33:00+00:00,2026-09-01,06:33:00,1147.2,1147.7,1146.9,1147.6,21296
2026-09-01T06:34:00+00:00,2026-09-01,06:34:00,1147.6,1147.7,1146.6,1146.6,12673
2026-09-01T06:35:00+00:00,2026-09-01,06:35:00,1146.8,1147.8,1146.8,1147.8,9048
2026-09-01T06:36:00+00:00,2026-09-01,06:36:00,1147.8,1149,1147.5,1148.7,14878
2026-09-01T06:37:00+00:00,2026-09-01,06:37:00,1148.7,1148.8,1147.5,1147.9,7673
2026-09-01T06:38:00+00:00,2026-09-01,06:38:00,1148.2,1148.2,1147.5,1147.9,11214
2026-09-01T06:39:00+00:00,2026-09-01,06:39:00,1147.9,1148,1147.4,1148,17071
2026-09-01T06:40:00+00:00,2026-09-01,06:40:00,1147.6,1148.3,1147.6,1148.3,10176
2026-09-01T06:41:00+00:00,2026-09-01,06:41:00,1148.3,1148.7,1148,1148.6,7837
2026-09-01T06:42:00+00:00,2026-09-01,06:42:00,1148.6,1149.4,1148.3,1149.1,15579
2026-09-01T06:43:00+00:00,2026-09-01,06:43:00,1149.1,1149.2,1147.8,1148.2,18084
2026-09-01T06:44:00+00:00,2026-09-01,06:44:00,1148.1,1148.9,1147.8,1148.7,6264
2026-09-01T06:45:00+00:00,2026-09-01,06:45:00,1148.4,1149.2,1148.4,1148.8,14310
2026-09-01T06:46:00+00:00,2026-09-01,06:46:00,1148.9,1149.1,1148.3,1148.7,9746
2026-09-01T06:47:00+00:00,2026-09-01,06:47:00,1148.8,1148.8,1148.1,1148.5,7837
2026-09-01T06:48:00+00:00,2026-09-01,06:48:00,1148.5,1149.1,1148.1,1148.5,12853
2026-09-01T06:49:00+00:00,2026-09-01,06:49:00,1148.6,1148.8,1148,1148.4,7646
2026-09-01T06:50:00+00:00,2026-09-01,06:50:00,1148.4,1148.6,1147.9,1148.6,7502
2026-09-01T06:51:00+00:00,2026-09-01,06:51:00,1148.6,1149.5,1148.5,1149.2,13863
2026-09-01T06:52:00+00:00,2026-09-01,06:52:00,1149.4,1150.4,1149.2,1149.8,25429
2026-09-01T06:53:00+00:00,2026-09-01,06:53:00,1149.8,1150.2,1149.2,1149.9,10132
2026-09-01T06:54:00+00:00,2026-09-01,06:54:00,1149.9,1150,1148.8,1149.1,17742
2026-09-01T06:55:00+00:00,2026-09-01,06:55:00,1149.1,1149.4,1148.6,1149.1,10256
2026-09-01T06:56:00+00:00,2026-09-01,06:56:00,1149.1,1149.2,1148,1148.7,30986
2026-09-01T06:57:00+00:00,2026-09-01,06:57:00,1148.7,1149.3,1148.5,1149.1,13768
2026-09-01T06:58:00+00:00,2026-09-01,06:58:00,1149.1,1150.6,1149.1,1150.6,35117
2026-09-01T06:59:00+00:00,2026-09-01,06:59:00,1150.4,1151,1149.9,1151,24817
2026-09-01T07:00:00+00:00,2026-09-01,07:00:00,1150.9,1151,1150.2,1150.9,24626
2026-09-01T07:01:00+00:00,2026-09-01,07:01:00,1150.9,1151,1150,1150,13334
2026-09-01T07:02:00+00:00,2026-09-01,07:02:00,1150.3,1150.4,1148.9,1148.9,14448
2026-09-01T07:03:00+00:00,2026-09-01,07:03:00,1148.9,1149.8,1148.6,1149.8,16402
2026-09-01T07:04:00+00:00,2026-09-01,07:04:00,1149.8,1152,1149.8,1151.7,45320
2026-09-01T07:05:00+00:00,2026-09-01,07:05:00,1151.3,1152.5,1151.3,1152.5,27731
2026-09-01T07:06:00+00:00,2026-09-01,07:06:00,1152.5,1152.6,1150.1,1150.3,99516
2026-09-01T07:07:00+00:00,2026-09-01,07:07:00,1150.1,1151.7,1149.5,1149.7,57789
2026-09-01T07:08:00+00:00,2026-09-01,07:08:00,1149.7,1151.4,1149.5,1150.2,33797
2026-09-01T07:09:00+00:00,2026-09-01,07:09:00,1150.1,1151.1,1150,1151.1,48657
2026-09-01T07:10:00+00:00,2026-09-01,07:10:00,1150.9,1151.1,1149.7,1149.9,15858
2026-09-01T07:11:00+00:00,2026-09-01,07:11:00,1149.9,1150.8,1149.9,1150.2,8579
2026-09-01T07:12:00+00:00,2026-09-01,07:12:00,1150.2,1150.5,1149.7,1150.2,13810
2026-09-01T07:13:00+00:00,2026-09-01,07:13:00,1150.2,1151.1,1149.8,1150,33192
2026-09-01T07:14:00+00:00,2026-09-01,07:14:00,1150,1150.5,1149.8,1150.2,12961
2026-09-01T07:15:00+00:00,2026-09-01,07:15:00,1150.5,1151,1150.5,1150.6,10155
2026-09-01T07:16:00+00:00,2026-09-01,07:16:00,1150.6,1151.3,1150.5,1151,22958
2026-09-01T07:17:00+00:00,2026-09-01,07:17:00,1150.9,1151,1150.6,1150.6,8499
2026-09-01T07:18:00+00:00,2026-09-01,07:18:00,1151,1151,1150.6,1150.9,8572
2026-09-01T07:19:00+00:00,2026-09-01,07:19:00,1150.9,1151.2,1150.7,1150.7,17598
2026-09-01T07:20:00+00:00,2026-09-01,07:20:00,1151,1151.1,1150.4,1150.5,10618
2026-09-01T07:21:00+00:00,2026-09-01,07:21:00,1150.8,1150.8,1149.9,1150,19073
2026-09-01T07:22:00+00:00,2026-09-01,07:22:00,1150.4,1151.2,1149.9,1150.9,63305
2026-09-01T07:23:00+00:00,2026-09-01,07:23:00,1150.9,1151,1150,1150.1,18023
2026-09-01T07:24:00+00:00,2026-09-01,07:24:00,1150,1150.2,1149.6,1149.9,10056
2026-09-01T07:25:00+00:00,2026-09-01,07:25:00,1149.9,1150.1,1149.5,1149.6,14690
2026-09-01T07:26:00+00:00,2026-09-01,07:26:00,1149.6,1149.9,1149.3,1149.3,6945
2026-09-01T07:27:00+00:00,2026-09-01,07:27:00,1149.7,1150.6,1149.3,1150.1,12937
2026-09-01T07:28:00+00:00,2026-09-01,07:28:00,1150.1,1150.3,1149.8,1149.8,20710
2026-09-01T07:29:00+00:00,2026-09-01,07:29:00,1150.1,1150.2,1149.7,1150,6953
2026-09-01T07:30:00+00:00,2026-09-01,07:30:00,1150,1150,1149.4,1149.8,7813
2026-09-01T07:31:00+00:00,2026-09-01,07:31:00,1149.8,1150,1149.4,1149.5,16971
2026-09-01T07:32:00+00:00,2026-09-01,07:32:00,1149.4,1149.7,1149,1149.6,23037
2026-09-01T07:33:00+00:00,2026-09-01,07:33:00,1149.6,1149.8,1149.3,1149.4,7369
2026-09-01T07:34:00+00:00,2026-09-01,07:34:00,1149.8,1150.4,1149.4,1150,23060
2026-09-01T07:35:00+00:00,2026-09-01,07:35:00,1150,1150.1,1149.3,1150,11074
2026-09-01T07:36:00+00:00,2026-09-01,07:36:00,1150,1150,1149.3,1149.4,10988
2026-09-01T07:37:00+00:00,2026-09-01,07:37:00,1149.4,1149.7,1148.8,1148.9,17746
2026-09-01T07:38:00+00:00,2026-09-01,07:38:00,1149,1149.5,1149,1149.3,5581
2026-09-01T07:39:00+00:00,2026-09-01,07:39:00,1149.3,1149.8,1149.2,1149.7,9084
2026-09-01T07:40:00+00:00,2026-09-01,07:40:00,1149.7,1149.8,1149.1,1149.6,8738
2026-09-01T07:41:00+00:00,2026-09-01,07:41:00,1149.6,1149.8,1149.2,1149.5,7973
2026-09-01T07:42:00+00:00,2026-09-01,07:42:00,1149.5,1149.6,1148.1,1148.5,112448
2026-09-01T07:43:00+00:00,2026-09-01,07:43:00,1148.5,1148.8,1148,1148.8,9037
2026-09-01T07:44:00+00:00,2026-09-01,07:44:00,1148.8,1148.9,1148,1148.4,8275
2026-09-01T07:45:00+00:00,2026-09-01,07:45:00,1148.3,1148.6,1148,1148.3,9413
2026-09-01T07:46:00+00:00,2026-09-01,07:46:00,1148.3,1148.3,1147.2,1147.5,71953
2026-09-01T07:47:00+00:00,2026-09-01,07:47:00,1147.5,1147.7,1147.5,1147.7,14762
2026-09-01T07:48:00+00:00,2026-09-01,07:48:00,1147.7,1148.8,1147.6,1148.2,52700
2026-09-01T07:49:00+00:00,2026-09-01,07:49:00,1148.7,1149.1,1148.3,1149.1,14399
2026-09-01T07:50:00+00:00,2026-09-01,07:50:00,1149.2,1149.5,1149.1,1149.5,6774
2026-09-01T07:51:00+00:00,2026-09-01,07:51:00,1149.5,1150.2,1149.2,1150.1,46682
2026-09-01T07:52:00+00:00,2026-09-01,07:52:00,1150.3,1150.7,1150,1150.1,21468
2026-09-01T07:53:00+00:00,2026-09-01,07:53:00,1150.2,1150.3,1149.9,1150,8923
2026-09-01T07:54:00+00:00,2026-09-01,07:54:00,1150,1151,1150,1151,14745
2026-09-01T07:55:00+00:00,2026-09-01,07:55:00,1151,1151.3,1150.9,1151.3,23203
2026-09-01T07:56:00+00:00,2026-09-01,07:56:00,1151.3,1151.5,1150.2,1150.6,22814
2026-09-01T07:57:00+00:00,2026-09-01,07:57:00,1150.8,1151,1149.9,1150,131419
2026-09-01T07:58:00+00:00,2026-09-01,07:58:00,1150,1150.6,1149.6,1150,79209
2026-09-01T07:59:00+00:00,2026-09-01,07:59:00,1150,1150.4,1149.5,1150,46706
2026-09-01T08:00:00+00:00,2026-09-01,08:00:00,1150,1150,1149.5,1149.7,8395
2026-09-01T08:01:00+00:00,2026-09-01,08:01:00,1150,1154.2,1149.8,1154,60850
2026-09-01T08:02:00+00:00,2026-09-01,08:02:00,1154,1154,1153.3,1153.8,16025
2026-09-01T08:03:00+00:00,2026-09-01,08:03:00,1153.8,1153.8,1153.2,1153.6,17963
2026-09-01T08:04:00+00:00,2026-09-01,08:04:00,1153.5,1153.7,1152.6,1153.5,18276
2026-09-01T08:05:00+00:00,2026-09-01,08:05:00,1153.1,1153.8,1152.9,1153.3,88119
2026-09-01T08:06:00+00:00,2026-09-01,08:06:00,1153.5,1153.5,1152.5,1152.6,15571
2026-09-01T08:07:00+00:00,2026-09-01,08:07:00,1152.9,1152.9,1151.3,1151.9,16734
2026-09-01T08:08:00+00:00,2026-09-01,08:08:00,1151.9,1152.4,1151.5,1151.5,9681
2026-09-01T08:09:00+00:00,2026-09-01,08:09:00,1151.6,1151.9,1151.1,1151.7,11087
2026-09-01T08:10:00+00:00,2026-09-01,08:10:00,1151.7,1151.8,1151.1,1151.6,7583
2026-09-01T08:11:00+00:00,2026-09-01,08:11:00,1151.6,1151.6,1150.4,1150.9,14070
2026-09-01T08:12:00+00:00,2026-09-01,08:12:00,1150.9,1151.8,1150.9,1151.8,15637
2026-09-01T08:13:00+00:00,2026-09-01,08:13:00,1151.9,1152.3,1151.7,1152.1,13157
2026-09-01T08:14:00+00:00,2026-09-01,08:14:00,1152.3,1152.3,1150.6,1151.1,50570
2026-09-01T08:15:00+00:00,2026-09-01,08:15:00,1151.1,1151.3,1150.3,1150.4,24198
2026-09-01T08:16:00+00:00,2026-09-01,08:16:00,1151,1151,1150.6,1150.8,7948
2026-09-01T08:17:00+00:00,2026-09-01,08:17:00,1151.2,1151.3,1149.8,1150,23498
2026-09-01T08:18:00+00:00,2026-09-01,08:18:00,1150.4,1151,1150.1,1150.8,9310
2026-09-01T08:19:00+00:00,2026-09-01,08:19:00,1150.8,1151.1,1150.6,1150.8,12107
2026-09-01T08:20:00+00:00,2026-09-01,08:20:00,1150.8,1150.8,1149.9,1149.9,9126
2026-09-01T08:21:00+00:00,2026-09-01,08:21:00,1150,1150,1149,1149.5,46115
2026-09-01T08:22:00+00:00,2026-09-01,08:22:00,1149.1,1150.4,1149.1,1149.8,88418
2026-09-01T08:23:00+00:00,2026-09-01,08:23:00,1149.8,1150,1149.4,1149.9,31914
2026-09-01T08:24:00+00:00,2026-09-01,08:24:00,1149.8,1150.6,1149.8,1150.1,42388
2026-09-01T08:25:00+00:00,2026-09-01,08:25:00,1150,1150.2,1149,1149.7,10479
2026-09-01T08:26:00+00:00,2026-09-01,08:26:00,1149.6,1150.2,1149,1150,58185
2026-09-01T08:27:00+00:00,2026-09-01,08:27:00,1150,1150.6,1149.5,1150.3,154371
2026-09-01T08:28:00+00:00,2026-09-01,08:28:00,1150.6,1150.9,1150.5,1150.8,15777
2026-09-01T08:29:00+00:00,2026-09-01,08:29:00,1150.8,1150.8,1149.6,1149.8,8840
2026-09-01T08:30:00+00:00,2026-09-01,08:30:00,1149.8,1149.8,1148.9,1149,17164
2026-09-01T08:31:00+00:00,2026-09-01,08:31:00,1149,1149.2,1148,1148.5,21525
2026-09-01T08:32:00+00:00,2026-09-01,08:32:00,1148.1,1149,1147.9,1147.9,15076
2026-09-01T08:33:00+00:00,2026-09-01,08:33:00,1148,1148,1147.5,1147.7,14214
2026-09-01T08:34:00+00:00,2026-09-01,08:34:00,1147.6,1147.8,1147.1,1147.3,17703
2026-09-01T08:35:00+00:00,2026-09-01,08:35:00,1147.1,1148.2,1147.1,1148,20254
2026-09-01T08:36:00+00:00,2026-09-01,08:36:00,1147.9,1148.2,1146.7,1147.3,33213
2026-09-01T08:37:00+00:00,2026-09-01,08:37:00,1146.9,1147.5,1146.3,1146.4,23507
2026-09-01T08:38:00+00:00,2026-09-01,08:38:00,1146.7,1146.8,1145.8,1146,23503
2026-09-01T08:39:00+00:00,2026-09-01,08:39:00,1146,1146.2,1144.6,1145,39935
2026-09-01T08:40:00+00:00,2026-09-01,08:40:00,1145,1146,1144.9,1145.7,99188
2026-09-01T08:41:00+00:00,2026-09-01,08:41:00,1145.7,1146.5,1145.7,1146,18612
2026-09-01T08:42:00+00:00,2026-09-01,08:42:00,1146,1146,1144.2,1144.3,51332
2026-09-01T08:43:00+00:00,2026-09-01,08:43:00,1144.3,1144.7,1144.1,1144.3,10108
2026-09-01T08:44:00+00:00,2026-09-01,08:44:00,1144.3,1145.5,1144.2,1145.5,15598
2026-09-01T08:45:00+00:00,2026-09-01,08:45:00,1145.5,1147.4,1145.4,1146.3,142563
2026-09-01T08:46:00+00:00,2026-09-01,08:46:00,1146.7,1146.9,1146.7,1146.7,26346
2026-09-01T08:47:00+00:00,2026-09-01,08:47:00,1146.8,1146.8,1146,1146.1,37417
2026-09-01T08:48:00+00:00,2026-09-01,08:48:00,1146.2,1146.2,1145.8,1145.9,68822
2026-09-01T08:49:00+00:00,2026-09-01,08:49:00,1145.9,1147.1,1145.8,1147.1,81386
2026-09-01T08:50:00+00:00,2026-09-01,08:50:00,1147.1,1147.8,1145.8,1145.8,97081
2026-09-01T08:51:00+00:00,2026-09-01,08:51:00,1145.4,1145.7,1144.1,1144.2,45763
2026-09-01T08:52:00+00:00,2026-09-01,08:52:00,1144.3,1145.2,1144.3,1144.7,69841
2026-09-01T08:53:00+00:00,2026-09-01,08:53:00,1144.7,1145.1,1144.7,1145,37045
2026-09-01T08:54:00+00:00,2026-09-01,08:54:00,1145,1145,1144.7,1144.8,34444
2026-09-01T08:55:00+00:00,2026-09-01,08:55:00,1144.8,1144.8,1144.6,1144.8,53891
2026-09-01T08:56:00+00:00,2026-09-01,08:56:00,1144.8,1145.1,1144.7,1145,40491
2026-09-01T08:57:00+00:00,2026-09-01,08:57:00,1145,1145.4,1144.9,1145.3,37058
2026-09-01T08:58:00+00:00,2026-09-01,08:58:00,1145.4,1146,1145.3,1145.9,49103
2026-09-01T08:59:00+00:00,2026-09-01,08:59:00,1146,1147,1145.9,1147,69757
2026-09-01T09:00:00+00:00,2026-09-01,09:00:00,1147,1147.5,1145.7,1145.7,90380
2026-09-01T09:01:00+00:00,2026-09-01,09:01:00,1145.7,1147,1145.6,1146.9,89189
2026-09-01T09:02:00+00:00,2026-09-01,09:02:00,1146.9,1147,1146.5,1146.6,58029
2026-09-01T09:03:00+00:00,2026-09-01,09:03:00,1146.6,1146.6,1145.9,1146.2,69327
2026-09-01T09:04:00+00:00,2026-09-01,09:04:00,1146.2,1146.3,1144.9,1145,176979
2026-09-01T09:05:00+00:00,2026-09-01,09:05:00,1145,1145.2,1144.9,1145,118429
2026-09-01T09:06:00+00:00,2026-09-01,09:06:00,1145,1145,1144.8,1144.9,59601
2026-09-01T09:07:00+00:00,2026-09-01,09:07:00,1144.9,1144.9,1144.2,1144.5,55971
2026-09-01T09:08:00+00:00,2026-09-01,09:08:00,1144.3,1144.3,1143.8,1143.8,190991
2026-09-01T09:09:00+00:00,2026-09-01,09:09:00,1143.9,1143.9,1143,1143.2,51641
2026-09-01T09:10:00+00:00,2026-09-01,09:10:00,1143.2,1143.2,1143,1143.1,56454
2026-09-01T09:11:00+00:00,2026-09-01,09:11:00,1143.1,1143.2,1143,1143,92734
2026-09-01T09:12:00+00:00,2026-09-01,09:12:00,1143.1,1143.1,1142.7,1142.7,44159
2026-09-01T09:13:00+00:00,2026-09-01,09:13:00,1142.7,1142.8,1142.2,1142.4,62612
2026-09-01T09:14:00+00:00,2026-09-01,09:14:00,1141.8,1141.9,1140.8,1141.1,353151
2026-09-01T09:15:00+00:00,2026-09-01,09:15:00,1141.1,1142.9,1140.6,1141.6,145610
2026-09-01T09:16:00+00:00,2026-09-01,09:16:00,1141.5,1143,1141.2,1142.5,103716
2026-09-01T09:17:00+00:00,2026-09-01,09:17:00,1142.5,1143.3,1141.9,1143.1,145731
2026-09-01T09:18:00+00:00,2026-09-01,09:18:00,1143.1,1143.1,1142.2,1142.2,75274
2026-09-01T09:19:00+00:00,2026-09-01,09:19:00,1142.1,1143.9,1142,1143.4,147548
2026-09-01T09:20:00+00:00,2026-09-01,09:20:00,1143.5,1143.6,1143,1143,96002
2026-09-01T09:21:00+00:00,2026-09-01,09:21:00,1143,1143.7,1142.8,1143.3,85223
2026-09-01T09:22:00+00:00,2026-09-01,09:22:00,1143.3,1143.7,1142.5,1143.3,154426
2026-09-01T09:23:00+00:00,2026-09-01,09:23:00,1143.4,1144.2,1143.4,1144.2,50617
2026-09-01T09:24:00+00:00,2026-09-01,09:24:00,1144.2,1144.3,1142.8,1143,122599
2026-09-01T09:25:00+00:00,2026-09-01,09:25:00,1143,1143.8,1143,1143.8,86814
2026-09-01T09:26:00+00:00,2026-09-01,09:26:00,1143.7,1144.1,1143.7,1143.8,69552
2026-09-01T09:27:00+00:00,2026-09-01,09:27:00,1143.9,1143.9,1143.2,1143.5,102407
2026-09-01T09:28:00+00:00,2026-09-01,09:28:00,1143.4,1144.6,1143.4,1143.8,104617
2026-09-01T09:29:00+00:00,2026-09-01,09:29:00,1143.8,1143.8,1143,1143.5,86951
2026-09-01T09:30:00+00:00,2026-09-01,09:30:00,1143.5,1143.6,1143.3,1143.3,137109
2026-09-01T09:31:00+00:00,2026-09-01,09:31:00,1143.4,1143.4,1143,1143.4,196854
2026-09-01T09:32:00+00:00,2026-09-01,09:32:00,1143.3,1143.7,1142.9,1143,194640
2026-09-01T09:33:00+00:00,2026-09-01,09:33:00,1143,1143.5,1142.9,1143.4,101873
2026-09-01T09:34:00+00:00,2026-09-01,09:34:00,1143.4,1144,1143.1,1144,184069
2026-09-01T09:35:00+00:00,2026-09-01,09:35:00,1143.9,1144.7,1143.4,1144.6,213578
2026-09-01T09:36:00+00:00,2026-09-01,09:36:00,1144.7,1147,1144.6,1146.7,138615
2026-09-01T09:37:00+00:00,2026-09-01,09:37:00,1146.7,1147.4,1144.9,1145.2,183361
2026-09-01T09:38:00+00:00,2026-09-01,09:38:00,1145.2,1145.2,1144.1,1144.9,120380
2026-09-01T09:39:00+00:00,2026-09-01,09:39:00,1144.9,1145.9,1144.8,1145.9,112788
2026-09-01T09:40:00+00:00,2026-09-01,09:40:00,1145.8,1147,1145.7,1147,109859
2026-09-01T09:41:00+00:00,2026-09-01,09:41:00,1147,1147,1145.2,1145.8,191133
2026-09-01T09:42:00+00:00,2026-09-01,09:42:00,1145.8,1148,1145.6,1147.1,456684
2026-09-01T09:43:00+00:00,2026-09-01,09:43:00,1147.1,1147.8,1145.7,1147.5,45453
2026-09-01T09:44:00+00:00,2026-09-01,09:44:00,1147.4,1149,1147.3,1147.6,21092
2026-09-01T09:45:00+00:00,2026-09-01,09:45:00,1147.4,1149,1147.3,1147.6,21092
2026-09-01T09:46:00+00:00,2026-09-01,09:46:00,1147.4,1149,1147.3,1147.6,21092
2026-09-01T09:47:00+00:00,2026-09-01,09:47:00,1147.4,1149,1147.3,1147.6,21092
2026-09-01T09:48:00+00:00,2026-09-01,09:48:00,1147.4,1149,1147.3,1147.6,21092
2026-09-01T09:49:00+00:00,2026-09-01,09:49:00,1147.4,1149,1147.3,1147.6,21092
2026-09-01T09:50:00+00:00,2026-09-01,09:50:00,1147.4,1149,1147.3,1147.6,21092
2026-09-01T09:51:00+00:00,2026-09-01,09:51:00,1147.4,1149,1147.3,1147.6,21092
2026-09-01T09:52:00+00:00,2026-09-01,09:52:00,1147.4,1149,1147.3,1147.6,21092
2026-09-01T09:53:00+00:00,2026-09-01,09:53:00,1147.4,1149,1147.3,1147.6,21092
2026-09-01T09:54:00+00:00,2026-09-01,09:54:00,1147.4,1149,1147.3,1147.6,21092
2026-09-01T09:55:00+00:00,2026-09-01,09:55:00,1147.4,1149,1147.3,1147.6,21092
2026-09-01T09:56:00+00:00,2026-09-01,09:56:00,1147.4,1149,1147.3,1147.6,21092
2026-09-01T09:57:00+00:00,2026-09-01,09:57:00,1147.4,1149,1147.3,1147.6,21092
2026-09-01T09:58:00+00:00,2026-09-01,09:58:00,1147.4,1149,1147.3,1147.6,21092
2026-09-01T09:59:00+00:00,2026-09-01,09:59:00,1156,1156,1156,1156,91984
2026-09-01T10:00:00+00:00,2026-09-01,10:00:00,1156,1156,1156,1156,91984
2026-09-02T03:45:00+00:00,2026-09-02,03:45:00,1137.6,1142.9,1131.4,1133,261993
2026-09-02T03:46:00+00:00,2026-09-02,03:46:00,1132.4,1132.4,1128.1,1128.1,87118
2026-09-02T03:47:00+00:00,2026-09-02,03:47:00,1127.7,1129.8,1125.2,1125.2,83063
2026-09-02T03:48:00+00:00,2026-09-02,03:48:00,1125.4,1125.4,1122.6,1123.4,96439
2026-09-02T03:49:00+00:00,2026-09-02,03:49:00,1123.5,1123.6,1119,1119.5,128252
2026-09-02T03:50:00+00:00,2026-09-02,03:50:00,1119.4,1122.4,1118.6,1122.4,57991
2026-09-02T03:51:00+00:00,2026-09-02,03:51:00,1122.1,1123.2,1120.4,1121,74500
2026-09-02T03:52:00+00:00,2026-09-02,03:52:00,1121,1122.8,1120.5,1122.8,45513
2026-09-02T03:53:00+00:00,2026-09-02,03:53:00,1122.8,1122.9,1120.3,1121.5,82711
2026-09-02T03:54:00+00:00,2026-09-02,03:54:00,1121.1,1121.3,1120,1120.3,52575
2026-09-02T03:55:00+00:00,2026-09-02,03:55:00,1120.1,1121,1120,1120.5,31259
2026-09-02T03:56:00+00:00,2026-09-02,03:56:00,1120.7,1123.5,1120.7,1123,42060
2026-09-02T03:57:00+00:00,2026-09-02,03:57:00,1122.9,1124.5,1122.9,1124.4,56006
2026-09-02T03:58:00+00:00,2026-09-02,03:58:00,1124.1,1125.7,1124.1,1125.7,97190
2026-09-02T03:59:00+00:00,2026-09-02,03:59:00,1126,1130.3,1125.6,1130,85828
2026-09-02T04:00:00+00:00,2026-09-02,04:00:00,1129.9,1133.9,1129.9,1133.7,67496
2026-09-02T04:01:00+00:00,2026-09-02,04:01:00,1133.3,1135.5,1132.5,1134.2,83234
2026-09-02T04:02:00+00:00,2026-09-02,04:02:00,1134.1,1136.4,1133.8,1135.2,74217
2026-09-02T04:03:00+00:00,2026-09-02,04:03:00,1135.6,1136.5,1135,1136,44715
2026-09-02T04:04:00+00:00,2026-09-02,04:04:00,1136.5,1139.1,1135.8,1138.4,61113
2026-09-02T04:05:00+00:00,2026-09-02,04:05:00,1138.6,1140.1,1135.5,1137.2,74786
2026-09-02T04:06:00+00:00,2026-09-02,04:06:00,1137.7,1139,1136.2,1139,39626
2026-09-02T04:07:00+00:00,2026-09-02,04:07:00,1139,1139.7,1138.4,1138.6,30341
2026-09-02T04:08:00+00:00,2026-09-02,04:08:00,1138.6,1140,1137.6,1138.2,48275
2026-09-02T04:09:00+00:00,2026-09-02,04:09:00,1138.4,1138.6,1136.6,1136.8,28350
2026-09-02T04:10:00+00:00,2026-09-02,04:10:00,1136.9,1139.9,1136.9,1139.9,57854
2026-09-02T04:11:00+00:00,2026-09-02,04:11:00,1139.6,1141.3,1139.6,1140.6,39568
2026-09-02T04:12:00+00:00,2026-09-02,04:12:00,1140.5,1140.5,1138.7,1139.2,23117
2026-09-02T04:13:00+00:00,2026-09-02,04:13:00,1139.2,1140.7,1138.9,1140.4,20685
2026-09-02T04:14:00+00:00,2026-09-02,04:14:00,1140.4,1140.4,1139,1139,41196
2026-09-02T04:15:00+00:00,2026-09-02,04:15:00,1139.1,1140.3,1138.5,1140.3,22298
2026-09-02T04:16:00+00:00,2026-09-02,04:16:00,1140.3,1140.8,1139.6,1139.7,20045
2026-09-02T04:17:00+00:00,2026-09-02,04:17:00,1139.2,1140,1138.2,1138.8,50041
2026-09-02T04:18:00+00:00,2026-09-02,04:18:00,1138.9,1140.2,1138,1139.9,22091
2026-09-02T04:19:00+00:00,2026-09-02,04:19:00,1139.8,1140.2,1139.1,1139.5,15414
2026-09-02T04:20:00+00:00,2026-09-02,04:20:00,1139.5,1140.2,1138.6,1139.1,22933
2026-09-02T04:21:00+00:00,2026-09-02,04:21:00,1138.6,1139.5,1138.2,1139.3,50772
2026-09-02T04:22:00+00:00,2026-09-02,04:22:00,1139.1,1140.2,1138.9,1140.2,16136
2026-09-02T04:23:00+00:00,2026-09-02,04:23:00,1140.2,1140.3,1140,1140.2,14753
2026-09-02T04:24:00+00:00,2026-09-02,04:24:00,1140.1,1140.2,1139.9,1140.2,10269
2026-09-02T04:25:00+00:00,2026-09-02,04:25:00,1140.1,1141.8,1139.5,1141.1,55393
2026-09-02T04:26:00+00:00,2026-09-02,04:26:00,1141.4,1141.9,1140.2,1141.2,35520
2026-09-02T04:27:00+00:00,2026-09-02,04:27:00,1141.1,1141.9,1140.1,1140.3,23621
2026-09-02T04:28:00+00:00,2026-09-02,04:28:00,1140.5,1142.6,1140.1,1142.6,18574
2026-09-02T04:29:00+00:00,2026-09-02,04:29:00,1142.3,1144.5,1142.3,1143.5,31979
2026-09-02T04:30:00+00:00,2026-09-02,04:30:00,1143.6,1144.7,1143.6,1144.5,26085
2026-09-02T04:31:00+00:00,2026-09-02,04:31:00,1144.5,1145,1143.1,1143.5,30505
2026-09-02T04:32:00+00:00,2026-09-02,04:32:00,1143.4,1143.5,1142.4,1143.4,33324
2026-09-02T04:33:00+00:00,2026-09-02,04:33:00,1143.2,1146.3,1142.8,1145.5,28115
2026-09-02T04:34:00+00:00,2026-09-02,04:34:00,1145.4,1145.6,1144.6,1144.8,21598
2026-09-02T04:35:00+00:00,2026-09-02,04:35:00,1144.6,1145,1143.1,1143.4,14741
2026-09-02T04:36:00+00:00,2026-09-02,04:36:00,1143.3,1143.6,1143.1,1143.1,11616
2026-09-02T04:37:00+00:00,2026-09-02,04:37:00,1143.3,1143.3,1142,1142,19088
2026-09-02T04:38:00+00:00,2026-09-02,04:38:00,1142.2,1142.4,1140.4,1140.8,22310
2026-09-02T04:39:00+00:00,2026-09-02,04:39:00,1140.5,1140.9,1139.4,1140.7,24249
2026-09-02T04:40:00+00:00,2026-09-02,04:40:00,1140.7,1142.4,1140.6,1141.9,17662
2026-09-02T04:41:00+00:00,2026-09-02,04:41:00,1141.8,1142.5,1141.6,1141.8,9771
2026-09-02T04:42:00+00:00,2026-09-02,04:42:00,1141.8,1142.9,1140.9,1142.7,19756
2026-09-02T04:43:00+00:00,2026-09-02,04:43:00,1142.6,1143,1142.3,1142.3,9045
2026-09-02T04:44:00+00:00,2026-09-02,04:44:00,1142.4,1142.5,1141.1,1142.1,12827
2026-09-02T04:45:00+00:00,2026-09-02,04:45:00,1142.1,1142.7,1141.7,1142.2,10209
2026-09-02T04:46:00+00:00,2026-09-02,04:46:00,1142.2,1142.8,1142.2,1142.7,14105
2026-09-02T04:47:00+00:00,2026-09-02,04:47:00,1142.8,1143.4,1142.2,1142.7,30963
2026-09-02T04:48:00+00:00,2026-09-02,04:48:00,1142.7,1142.9,1142.5,1142.9,7713
2026-09-02T04:49:00+00:00,2026-09-02,04:49:00,1142.9,1143.8,1141.7,1143.3,94956
2026-09-02T04:50:00+00:00,2026-09-02,04:50:00,1143.6,1146,1143.6,1145.1,175727
2026-09-02T04:51:00+00:00,2026-09-02,04:51:00,1145.2,1146,1144.8,1146,23723
2026-09-02T04:52:00+00:00,2026-09-02,04:52:00,1145.9,1146,1145,1145.3,30320
2026-09-02T04:53:00+00:00,2026-09-02,04:53:00,1145.1,1146,1145,1146,24085
2026-09-02T04:54:00+00:00,2026-09-02,04:54:00,1146,1146.7,1145.2,1146.5,16441
2026-09-02T04:55:00+00:00,2026-09-02,04:55:00,1146.4,1146.5,1145.7,1145.7,10144
2026-09-02T04:56:00+00:00,2026-09-02,04:56:00,1145.9,1145.9,1145.3,1145.5,4562
2026-09-02T04:57:00+00:00,2026-09-02,04:57:00,1145.6,1145.6,1145,1145,31129
2026-09-02T04:58:00+00:00,2026-09-02,04:58:00,1145,1145.1,1145,1145,25778
2026-09-02T04:59:00+00:00,2026-09-02,04:59:00,1145.1,1145.1,1145,1145.1,21613
2026-09-02T05:00:00+00:00,2026-09-02,05:00:00,1145.1,1145.1,1144.6,1145,84155
2026-09-02T05:01:00+00:00,2026-09-02,05:01:00,1145.1,1145.1,1142.4,1142.6,88140
2026-09-02T05:02:00+00:00,2026-09-02,05:02:00,1143,1144.3,1142.6,1143.7,44513
2026-09-02T05:03:00+00:00,2026-09-02,05:03:00,1144,1144.4,1143.7,1143.7,6153
2026-09-02T05:04:00+00:00,2026-09-02,05:04:00,1143.7,1143.7,1142.6,1143,4553
2026-09-02T05:05:00+00:00,2026-09-02,05:05:00,1142.8,1143,1139.3,1139.8,26949
2026-09-02T05:06:00+00:00,2026-09-02,05:06:00,1139.8,1140,1138.9,1138.9,16645
2026-09-02T05:07:00+00:00,2026-09-02,05:07:00,1139.1,1139.5,1138.5,1138.9,12204
2026-09-02T05:08:00+00:00,2026-09-02,05:08:00,1138.8,1138.9,1138.3,1138.6,14472
2026-09-02T05:09:00+00:00,2026-09-02,05:09:00,1138.7,1139.2,1138.5,1138.7,6389
2026-09-02T05:10:00+00:00,2026-09-02,05:10:00,1138.7,1138.7,1137.2,1137.2,17948
2026-09-02T05:11:00+00:00,2026-09-02,05:11:00,1137.7,1137.8,1137,1137.8,24514
2026-09-02T05:12:00+00:00,2026-09-02,05:12:00,1138.4,1138.5,1137.8,1138.5,9694
2026-09-02T05:13:00+00:00,2026-09-02,05:13:00,1138.3,1139.2,1138,1138.6,16178
2026-09-02T05:14:00+00:00,2026-09-02,05:14:00,1138.6,1139,1138.3,1139,8698
2026-09-02T05:15:00+00:00,2026-09-02,05:15:00,1139.4,1140,1139.2,1139.8,11464
2026-09-02T05:16:00+00:00,2026-09-02,05:16:00,1139.8,1140.1,1139.6,1140,8454
2026-09-02T05:17:00+00:00,2026-09-02,05:17:00,1140,1140.2,1139.5,1139.7,5965
2026-09-02T05:18:00+00:00,2026-09-02,05:18:00,1139.7,1140.5,1139.5,1140.5,10537
2026-09-02T05:19:00+00:00,2026-09-02,05:19:00,1140.5,1141.4,1140.2,1140.5,11865
2026-09-02T05:20:00+00:00,2026-09-02,05:20:00,1140.5,1141.9,1140.5,1141.9,9526
2026-09-02T05:21:00+00:00,2026-09-02,05:21:00,1141.7,1142.4,1141.7,1141.7,10617
2026-09-02T05:22:00+00:00,2026-09-02,05:22:00,1141.9,1142,1140.6,1140.6,7838
2026-09-02T05:23:00+00:00,2026-09-02,05:23:00,1140.7,1141,1140.5,1140.7,11621
2026-09-02T05:24:00+00:00,2026-09-02,05:24:00,1140.6,1141.9,1140.5,1141.5,7604
2026-09-02T05:25:00+00:00,2026-09-02,05:25:00,1141.7,1142.8,1141.3,1142.4,12577
2026-09-02T05:26:00+00:00,2026-09-02,05:26:00,1142.2,1142.5,1142,1142.3,7537
2026-09-02T05:27:00+00:00,2026-09-02,05:27:00,1142.2,1142.8,1142.2,1142.5,5890
2026-09-02T05:28:00+00:00,2026-09-02,05:28:00,1142.5,1142.5,1141,1141.2,5806
2026-09-02T05:29:00+00:00,2026-09-02,05:29:00,1141.2,1141.8,1141.1,1141.8,13320
2026-09-02T05:30:00+00:00,2026-09-02,05:30:00,1141.6,1141.9,1141.5,1141.6,4608
2026-09-02T05:31:00+00:00,2026-09-02,05:31:00,1141.6,1141.6,1141.1,1141.1,4448
2026-09-02T05:32:00+00:00,2026-09-02,05:32:00,1141.1,1141.5,1140.2,1141.2,15674
2026-09-02T05:33:00+00:00,2026-09-02,05:33:00,1141.2,1141.3,1140.8,1140.9,6782
2026-09-02T05:34:00+00:00,2026-09-02,05:34:00,1140.7,1140.9,1140.1,1140.4,6019
2026-09-02T05:35:00+00:00,2026-09-02,05:35:00,1140.4,1140.5,1140,1140,3782
2026-09-02T05:36:00+00:00,2026-09-02,05:36:00,1140.1,1140.1,1139.9,1140,3340
2026-09-02T05:37:00+00:00,2026-09-02,05:37:00,1140.1,1140.9,1139.2,1140.4,22095
2026-09-02T05:38:00+00:00,2026-09-02,05:38:00,1140.5,1141.3,1140.2,1140.2,4830
2026-09-02T05:39:00+00:00,2026-09-02,05:39:00,1140.2,1140.6,1139.8,1140.2,4023
2026-09-02T05:40:00+00:00,2026-09-02,05:40:00,1140,1140.5,1140,1140.4,4650
2026-09-02T05:41:00+00:00,2026-09-02,05:41:00,1140.3,1140.4,1140.1,1140.3,3071
2026-09-02T05:42:00+00:00,2026-09-02,05:42:00,1140.2,1140.3,1140.2,1140.3,4615
2026-09-02T05:43:00+00:00,2026-09-02,05:43:00,1140.2,1140.8,1140,1140.2,14886
2026-09-02T05:44:00+00:00,2026-09-02,05:44:00,1140.5,1140.6,1140.2,1140.2,3529
2026-09-02T05:45:00+00:00,2026-09-02,05:45:00,1140.3,1140.4,1138.3,1138.4,9462
2026-09-02T05:46:00+00:00,2026-09-02,05:46:00,1138.4,1139.5,1137.9,1138.3,26596
2026-09-02T05:47:00+00:00,2026-09-02,05:47:00,1138.2,1138.9,1137.7,1138.3,11768
2026-09-02T05:48:00+00:00,2026-09-02,05:48:00,1138.1,1139.2,1138.1,1138.7,7746
2026-09-02T05:49:00+00:00,2026-09-02,05:49:00,1138.6,1138.8,1138.2,1138.4,7768
2026-09-02T05:50:00+00:00,2026-09-02,05:50:00,1138.5,1138.7,1138.1,1138.2,8951
2026-09-02T05:51:00+00:00,2026-09-02,05:51:00,1138.2,1138.4,1138,1138,12108
2026-09-02T05:52:00+00:00,2026-09-02,05:52:00,1138.1,1138.2,1138,1138.2,6606
2026-09-02T05:53:00+00:00,2026-09-02,05:53:00,1138.2,1139.1,1138,1138.8,9416
2026-09-02T05:54:00+00:00,2026-09-02,05:54:00,1138.7,1138.8,1138.3,1138.3,4486
2026-09-02T05:55:00+00:00,2026-09-02,05:55:00,1138.4,1138.4,1138.2,1138.3,7489
2026-09-02T05:56:00+00:00,2026-09-02,05:56:00,1138.3,1139.1,1137.3,1138.1,20527
2026-09-02T05:57:00+00:00,2026-09-02,05:57:00,1138.1,1138.9,1137.9,1138.6,9172
2026-09-02T05:58:00+00:00,2026-09-02,05:58:00,1138.5,1139.7,1138.3,1139.3,12853
2026-09-02T05:59:00+00:00,2026-09-02,05:59:00,1139.1,1139.3,1138.7,1139.1,11353
2026-09-02T06:00:00+00:00,2026-09-02,06:00:00,1139.2,1140,1139,1139.5,9581
2026-09-02T06:01:00+00:00,2026-09-02,06:01:00,1139.9,1140.7,1139.5,1140.7,17311
2026-09-02T06:02:00+00:00,2026-09-02,06:02:00,1140.7,1141.2,1139.5,1139.6,15034
2026-09-02T06:03:00+00:00,2026-09-02,06:03:00,1139.6,1139.6,1139.2,1139.3,14178
2026-09-02T06:04:00+00:00,2026-09-02,06:04:00,1139.3,1140.3,1139.2,1140,10157
2026-09-02T06:05:00+00:00,2026-09-02,06:05:00,1140.3,1140.6,1139,1139.3,18190
2026-09-02T06:06:00+00:00,2026-09-02,06:06:00,1139.3,1140.2,1139,1139.8,10859
2026-09-02T06:07:00+00:00,2026-09-02,06:07:00,1139.5,1139.8,1138.9,1139.4,13796
2026-09-02T06:08:00+00:00,2026-09-02,06:08:00,1139.4,1140,1138.8,1139.1,12013
2026-09-02T06:09:00+00:00,2026-09-02,06:09:00,1139.3,1140.6,1139.2,1140.5,11404
2026-09-02T06:10:00+00:00,2026-09-02,06:10:00,1140.3,1140.7,1139.3,1139.4,11722
2026-09-02T06:11:00+00:00,2026-09-02,06:11:00,1139.4,1140,1139.3,1139.8,9594
2026-09-02T06:12:00+00:00,2026-09-02,06:12:00,1139.8,1139.8,1139,1139.1,7943
2026-09-02T06:13:00+00:00,2026-09-02,06:13:00,1139.1,1139.9,1139,1139.3,27991
2026-09-02T06:14:00+00:00,2026-09-02,06:14:00,1139,1139.3,1137.5,1137.8,14676
2026-09-02T06:15:00+00:00,2026-09-02,06:15:00,1137.7,1137.8,1137.2,1137.5,34275
2026-09-02T06:16:00+00:00,2026-09-02,06:16:00,1137.5,1137.5,1137.1,1137.3,19045
2026-09-02T06:17:00+00:00,2026-09-02,06:17:00,1137.5,1137.5,1136.5,1136.9,17422
2026-09-02T06:18:00+00:00,2026-09-02,06:18:00,1136.8,1136.9,1136.1,1136.3,16910
2026-09-02T06:19:00+00:00,2026-09-02,06:19:00,1136.3,1136.9,1136.3,1136.9,13464
2026-09-02T06:20:00+00:00,2026-09-02,06:20:00,1137.5,1137.6,1136.9,1136.9,6294
2026-09-02T06:21:00+00:00,2026-09-02,06:21:00,1137,1137.1,1136.9,1137,9335
2026-09-02T06:22:00+00:00,2026-09-02,06:22:00,1137,1137,1136.7,1136.7,3957
2026-09-02T06:23:00+00:00,2026-09-02,06:23:00,1136.7,1136.8,1136.5,1136.5,7895
2026-09-02T06:24:00+00:00,2026-09-02,06:24:00,1136.6,1136.7,1136.5,1136.6,12578
2026-09-02T06:25:00+00:00,2026-09-02,06:25:00,1136.6,1136.7,1136.6,1136.6,7634
2026-09-02T06:26:00+00:00,2026-09-02,06:26:00,1136.7,1136.7,1135.8,1135.8,21312
2026-09-02T06:27:00+00:00,2026-09-02,06:27:00,1135.8,1135.9,1135.5,1135.8,21477
2026-09-02T06:28:00+00:00,2026-09-02,06:28:00,1135.8,1135.9,1135.5,1135.6,11596
2026-09-02T06:29:00+00:00,2026-09-02,06:29:00,1135.6,1135.8,1135.4,1135.4,6942
2026-09-02T06:30:00+00:00,2026-09-02,06:30:00,1135.5,1135.8,1135.4,1135.7,13757
2026-09-02T06:31:00+00:00,2026-09-02,06:31:00,1135.8,1137.1,1135.7,1136.5,17088
2026-09-02T06:32:00+00:00,2026-09-02,06:32:00,1136.8,1136.8,1136,1136,6653
2026-09-02T06:33:00+00:00,2026-09-02,06:33:00,1136.2,1136.2,1135.8,1135.9,7683
2026-09-02T06:34:00+00:00,2026-09-02,06:34:00,1135.8,1137,1135.8,1137,14658
2026-09-02T06:35:00+00:00,2026-09-02,06:35:00,1136.9,1136.9,1136.3,1136.3,11983
2026-09-02T06:36:00+00:00,2026-09-02,06:36:00,1136.4,1137.5,1136.3,1137,14724
2026-09-02T06:37:00+00:00,2026-09-02,06:37:00,1137,1137,1136.6,1136.8,6967
2026-09-02T06:38:00+00:00,2026-09-02,06:38:00,1136.7,1136.8,1136,1136,9114
2026-09-02T06:39:00+00:00,2026-09-02,06:39:00,1136.1,1136.1,1135,1135,16463
2026-09-02T06:40:00+00:00,2026-09-02,06:40:00,1135,1135.2,1135,1135.1,22986
2026-09-02T06:41:00+00:00,2026-09-02,06:41:00,1135.2,1136.3,1135.1,1135.9,20035
2026-09-02T06:42:00+00:00,2026-09-02,06:42:00,1135.9,1135.9,1135.7,1135.7,8536
2026-09-02T06:43:00+00:00,2026-09-02,06:43:00,1135.9,1135.9,1135,1135,13125
2026-09-02T06:44:00+00:00,2026-09-02,06:44:00,1135.2,1135.3,1135,1135.1,15206
2026-09-02T06:45:00+00:00,2026-09-02,06:45:00,1135.1,1135.7,1135.1,1135.3,12767
2026-09-02T06:46:00+00:00,2026-09-02,06:46:00,1135.3,1135.3,1135.1,1135.2,5661
2026-09-02T06:47:00+00:00,2026-09-02,06:47:00,1135.1,1136.2,1135.1,1136,14682
2026-09-02T06:48:00+00:00,2026-09-02,06:48:00,1136.1,1136.1,1135.6,1135.6,7203
2026-09-02T06:49:00+00:00,2026-09-02,06:49:00,1135.7,1135.7,1135.5,1135.5,7377
2026-09-02T06:50:00+00:00,2026-09-02,06:50:00,1135.5,1135.6,1135,1135,6813
2026-09-02T06:51:00+00:00,2026-09-02,06:51:00,1135.1,1135.2,1134.7,1135.1,21197
2026-09-02T06:52:00+00:00,2026-09-02,06:52:00,1135.6,1137.4,1135.5,1137,8090
2026-09-02T06:53:00+00:00,2026-09-02,06:53:00,1136.8,1136.9,1136.2,1136.4,5263
2026-09-02T06:54:00+00:00,2026-09-02,06:54:00,1136.4,1136.7,1136.4,1136.6,5875
2026-09-02T06:55:00+00:00,2026-09-02,06:55:00,1136.7,1137,1136.6,1136.9,9657
2026-09-02T06:56:00+00:00,2026-09-02,06:56:00,1136.9,1137,1136.9,1136.9,6126
2026-09-02T06:57:00+00:00,2026-09-02,06:57:00,1137,1138.5,1137,1137.4,18985
2026-09-02T06:58:00+00:00,2026-09-02,06:58:00,1137.4,1138.1,1137.3,1137.6,9397
2026-09-02T06:59:00+00:00,2026-09-02,06:59:00,1137.7,1138.1,1137.5,1137.9,8905
2026-09-02T07:00:00+00:00,2026-09-02,07:00:00,1138.1,1138.4,1137.7,1138.3,11048
2026-09-02T07:01:00+00:00,2026-09-02,07:01:00,1138.6,1138.9,1138,1138.1,9972
2026-09-02T07:02:00+00:00,2026-09-02,07:02:00,1138.1,1138.2,1137.6,1137.6,15956
2026-09-02T07:03:00+00:00,2026-09-02,07:03:00,1137.7,1137.7,1137.3,1137.3,10607
2026-09-02T07:04:00+00:00,2026-09-02,07:04:00,1137.4,1137.4,1137.3,1137.4,9046
2026-09-02T07:05:00+00:00,2026-09-02,07:05:00,1137.4,1138.2,1137.3,1137.4,14549
2026-09-02T07:06:00+00:00,2026-09-02,07:06:00,1137.4,1138.4,1137.3,1138.2,18565
2026-09-02T07:07:00+00:00,2026-09-02,07:07:00,1138.3,1138.8,1136.9,1136.9,36068
2026-09-02T07:08:00+00:00,2026-09-02,07:08:00,1137,1137,1135.7,1136.1,25667
2026-09-02T07:09:00+00:00,2026-09-02,07:09:00,1136.1,1136.1,1135.1,1135.1,10703
2026-09-02T07:10:00+00:00,2026-09-02,07:10:00,1135,1135.1,1134.8,1134.8,12594
2026-09-02T07:11:00+00:00,2026-09-02,07:11:00,1134.9,1135,1134.7,1134.8,19843
2026-09-02T07:12:00+00:00,2026-09-02,07:12:00,1134.9,1134.9,1133.4,1133.4,21632
2026-09-02T07:13:00+00:00,2026-09-02,07:13:00,1133.3,1133.4,1133.1,1133.2,20651
2026-09-02T07:14:00+00:00,2026-09-02,07:14:00,1133.3,1133.4,1133,1133.1,9474
2026-09-02T07:15:00+00:00,2026-09-02,07:15:00,1133.1,1133.1,1132.4,1132.7,18834
2026-09-02T07:16:00+00:00,2026-09-02,07:16:00,1132.8,1133.7,1132.8,1133.6,10661
2026-09-02T07:17:00+00:00,2026-09-02,07:17:00,1133.7,1133.9,1132.1,1132.4,15798
2026-09-02T07:18:00+00:00,2026-09-02,07:18:00,1132.2,1132.5,1132.1,1132.3,15753
2026-09-02T07:19:00+00:00,2026-09-02,07:19:00,1132.5,1132.5,1132.3,1132.4,7446
2026-09-02T07:20:00+00:00,2026-09-02,07:20:00,1132.5,1132.8,1132.4,1132.6,14772
2026-09-02T07:21:00+00:00,2026-09-02,07:21:00,1132.8,1132.9,1132.6,1132.8,11212
2026-09-02T07:22:00+00:00,2026-09-02,07:22:00,1133,1133.1,1132.8,1133,10020
2026-09-02T07:23:00+00:00,2026-09-02,07:23:00,1133,1133.2,1133,1133,9450
2026-09-02T07:24:00+00:00,2026-09-02,07:24:00,1133,1133.1,1133,1133,7585
2026-09-02T07:25:00+00:00,2026-09-02,07:25:00,1133.1,1133.1,1133,1133,7952
2026-09-02T07:26:00+00:00,2026-09-02,07:26:00,1133.1,1133.2,1133,1133,13586
2026-09-02T07:27:00+00:00,2026-09-02,07:27:00,1133,1134,1133,1133.6,11276
2026-09-02T07:28:00+00:00,2026-09-02,07:28:00,1133.7,1133.8,1133.7,1133.7,6319
2026-09-02T07:29:00+00:00,2026-09-02,07:29:00,1133.8,1133.9,1133.7,1133.8,10063
2026-09-02T07:30:00+00:00,2026-09-02,07:30:00,1133.8,1134,1133.8,1134,11426
2026-09-02T07:31:00+00:00,2026-09-02,07:31:00,1133.9,1133.9,1133.6,1133.7,8170
2026-09-02T07:32:00+00:00,2026-09-02,07:32:00,1133.7,1133.7,1133.6,1133.6,9132
2026-09-02T07:33:00+00:00,2026-09-02,07:33:00,1133.7,1133.8,1133.6,1133.8,9469
2026-09-02T07:34:00+00:00,2026-09-02,07:34:00,1133.8,1133.8,1133.7,1133.7,7657
2026-09-02T07:35:00+00:00,2026-09-02,07:35:00,1133.7,1134.5,1133.7,1134.1,12330
2026-09-02T07:36:00+00:00,2026-09-02,07:36:00,1134.1,1134.4,1133.4,1133.5,8471
2026-09-02T07:37:00+00:00,2026-09-02,07:37:00,1133.5,1134.1,1133.4,1133.4,14539
2026-09-02T07:38:00+00:00,2026-09-02,07:38:00,1133.6,1134.8,1133.4,1133.9,16595
2026-09-02T07:39:00+00:00,2026-09-02,07:39:00,1134.1,1134.3,1133.5,1133.5,6196
2026-09-02T07:40:00+00:00,2026-09-02,07:40:00,1133.6,1133.8,1133.5,1133.7,10805
2026-09-02T07:41:00+00:00,2026-09-02,07:41:00,1133.7,1134.1,1133.6,1133.7,9632
2026-09-02T07:42:00+00:00,2026-09-02,07:42:00,1133.8,1134.1,1133.7,1133.8,5833
2026-09-02T07:43:00+00:00,2026-09-02,07:43:00,1133.9,1133.9,1133.6,1133.7,8269
2026-09-02T07:44:00+00:00,2026-09-02,07:44:00,1133.7,1133.7,1133.5,1133.6,8389
2026-09-02T07:45:00+00:00,2026-09-02,07:45:00,1133.6,1133.6,1133.5,1133.6,12122
2026-09-02T07:46:00+00:00,2026-09-02,07:46:00,1133.6,1133.9,1133,1133.8,15119
2026-09-02T07:47:00+00:00,2026-09-02,07:47:00,1133.8,1133.8,1133.2,1133.8,7758
2026-09-02T07:48:00+00:00,2026-09-02,07:48:00,1133.7,1133.7,1133.2,1133.4,5709
2026-09-02T07:49:00+00:00,2026-09-02,07:49:00,1133.5,1133.5,1133,1133,7356
2026-09-02T07:50:00+00:00,2026-09-02,07:50:00,1133.1,1133.1,1132.9,1132.9,10629
2026-09-02T07:51:00+00:00,2026-09-02,07:51:00,1133,1134.5,1132.9,1134.2,33505
2026-09-02T07:52:00+00:00,2026-09-02,07:52:00,1134.3,1134.4,1134.3,1134.3,6720
2026-09-02T07:53:00+00:00,2026-09-02,07:53:00,1134.3,1134.5,1134,1134.1,5700
2026-09-02T07:54:00+00:00,2026-09-02,07:54:00,1134.1,1134.3,1133.7,1134,9230
2026-09-02T07:55:00+00:00,2026-09-02,07:55:00,1134,1134.4,1133.9,1134.2,7069
2026-09-02T07:56:00+00:00,2026-09-02,07:56:00,1134.2,1134.3,1134.1,1134.1,6112
2026-09-02T07:57:00+00:00,2026-09-02,07:57:00,1134.2,1134.4,1134,1134.2,14061
2026-09-02T07:58:00+00:00,2026-09-02,07:58:00,1134,1134.2,1133.6,1133.6,12436
2026-09-02T07:59:00+00:00,2026-09-02,07:59:00,1133.7,1133.7,1133.5,1133.5,24189
2026-09-02T08:00:00+00:00,2026-09-02,08:00:00,1133.4,1134.7,1133.3,1133.9,35716
2026-09-02T08:01:00+00:00,2026-09-02,08:01:00,1133.9,1134,1133.7,1133.9,6707
2026-09-02T08:02:00+00:00,2026-09-02,08:02:00,1133.9,1134,1133.8,1133.9,23312
2026-09-02T08:03:00+00:00,2026-09-02,08:03:00,1134.2,1134.2,1133.1,1133.2,10551
2026-09-02T08:04:00+00:00,2026-09-02,08:04:00,1133.4,1133.6,1133.2,1133.4,9656
2026-09-02T08:05:00+00:00,2026-09-02,08:05:00,1133.7,1134,1133.4,1133.8,8842
2026-09-02T08:06:00+00:00,2026-09-02,08:06:00,1134.2,1134.2,1133.5,1133.7,9697
2026-09-02T08:07:00+00:00,2026-09-02,08:07:00,1133.7,1133.7,1133.1,1133.1,8018
2026-09-02T08:08:00+00:00,2026-09-02,08:08:00,1133.1,1133.3,1133.1,1133.1,5916
2026-09-02T08:09:00+00:00,2026-09-02,08:09:00,1133.1,1133.2,1132.6,1132.6,7764
2026-09-02T08:10:00+00:00,2026-09-02,08:10:00,1132.6,1132.7,1131.5,1132,40159
2026-09-02T08:11:00+00:00,2026-09-02,08:11:00,1131.9,1132.1,1131.8,1132,8611
2026-09-02T08:12:00+00:00,2026-09-02,08:12:00,1132.1,1132.2,1132,1132.1,5739
2026-09-02T08:13:00+00:00,2026-09-02,08:13:00,1132.1,1132.6,1132.1,1132.5,15481
2026-09-02T08:14:00+00:00,2026-09-02,08:14:00,1132.4,1132.6,1132.1,1132.1,22162
2026-09-02T08:15:00+00:00,2026-09-02,08:15:00,1132.2,1132.5,1132.1,1132.3,17102
2026-09-02T08:16:00+00:00,2026-09-02,08:16:00,1132.3,1132.5,1131.7,1131.7,14379
2026-09-02T08:17:00+00:00,2026-09-02,08:17:00,1131.7,1132.3,1131.7,1132.2,20294
2026-09-02T08:18:00+00:00,2026-09-02,08:18:00,1132.2,1132.3,1131.8,1131.8,4028
2026-09-02T08:19:00+00:00,2026-09-02,08:19:00,1131.9,1131.9,1131.3,1131.3,5033
2026-09-02T08:20:00+00:00,2026-09-02,08:20:00,1131.4,1131.4,1131,1131.1,7377
2026-09-02T08:21:00+00:00,2026-09-02,08:21:00,1131.2,1131.2,1130.3,1130.3,16673
2026-09-02T08:22:00+00:00,2026-09-02,08:22:00,1130.4,1130.4,1130,1130.2,71693
2026-09-02T08:23:00+00:00,2026-09-02,08:23:00,1130.2,1130.3,1130.2,1130.2,6700
2026-09-02T08:24:00+00:00,2026-09-02,08:24:00,1130.3,1130.8,1130.1,1130.7,27765
2026-09-02T08:25:00+00:00,2026-09-02,08:25:00,1130.7,1131.2,1130.6,1131.2,33348
2026-09-02T08:26:00+00:00,2026-09-02,08:26:00,1131.2,1132.4,1131.1,1132.4,12114
2026-09-02T08:27:00+00:00,2026-09-02,08:27:00,1132.4,1132.4,1132.1,1132.1,5968
2026-09-02T08:28:00+00:00,2026-09-02,08:28:00,1132.2,1132.9,1132,1132.9,19293
2026-09-02T08:29:00+00:00,2026-09-02,08:29:00,1132.9,1133.3,1132.9,1133.1,3763
2026-09-02T08:30:00+00:00,2026-09-02,08:30:00,1133.2,1133.2,1133.1,1133.1,6193
2026-09-02T08:31:00+00:00,2026-09-02,08:31:00,1133.2,1134,1133.1,1133.9,15702
2026-09-02T08:32:00+00:00,2026-09-02,08:32:00,1134,1134.5,1133.9,1134,15431
2026-09-02T08:33:00+00:00,2026-09-02,08:33:00,1133.9,1134,1133.6,1133.8,8024
2026-09-02T08:34:00+00:00,2026-09-02,08:34:00,1133.8,1133.8,1133.4,1133.5,6546
2026-09-02T08:35:00+00:00,2026-09-02,08:35:00,1133.5,1133.5,1133.4,1133.4,4157
2026-09-02T08:36:00+00:00,2026-09-02,08:36:00,1133.4,1133.5,1133.4,1133.4,6687
2026-09-02T08:37:00+00:00,2026-09-02,08:37:00,1133.5,1134.3,1133.4,1134.3,28781
2026-09-02T08:38:00+00:00,2026-09-02,08:38:00,1134.3,1134.3,1133.7,1133.7,8112
2026-09-02T08:39:00+00:00,2026-09-02,08:39:00,1133.8,1133.9,1133.7,1133.8,6390
2026-09-02T08:40:00+00:00,2026-09-02,08:40:00,1133.9,1133.9,1133.8,1133.8,5385
2026-09-02T08:41:00+00:00,2026-09-02,08:41:00,1133.9,1133.9,1133.3,1133.3,13990
2026-09-02T08:42:00+00:00,2026-09-02,08:42:00,1133.3,1133.4,1133.3,1133.4,3650
2026-09-02T08:43:00+00:00,2026-09-02,08:43:00,1133.4,1133.4,1133.2,1133.2,5583
2026-09-02T08:44:00+00:00,2026-09-02,08:44:00,1133.3,1133.3,1133.2,1133.3,8447
2026-09-02T08:45:00+00:00,2026-09-02,08:45:00,1133.3,1133.3,1133,1133,8209
2026-09-02T08:46:00+00:00,2026-09-02,08:46:00,1133.1,1133.1,1133,1133,10291
2026-09-02T08:47:00+00:00,2026-09-02,08:47:00,1133,1133.1,1132.8,1132.8,10143
2026-09-02T08:48:00+00:00,2026-09-02,08:48:00,1132.9,1132.9,1132.7,1132.8,8772
2026-09-02T08:49:00+00:00,2026-09-02,08:49:00,1132.8,1132.8,1132.7,1132.7,7533
2026-09-02T08:50:00+00:00,2026-09-02,08:50:00,1132.8,1132.8,1132.6,1132.6,8054
2026-09-02T08:51:00+00:00,2026-09-02,08:51:00,1132.7,1132.7,1132.6,1132.6,10628
2026-09-02T08:52:00+00:00,2026-09-02,08:52:00,1132.7,1132.8,1132.5,1132.5,35104
2026-09-02T08:53:00+00:00,2026-09-02,08:53:00,1132.5,1132.5,1132,1132.1,13710
2026-09-02T08:54:00+00:00,2026-09-02,08:54:00,1132.1,1132.2,1131,1131.4,25113
2026-09-02T08:55:00+00:00,2026-09-02,08:55:00,1131.4,1131.6,1131.3,1131.4,8346
2026-09-02T08:56:00+00:00,2026-09-02,08:56:00,1131.4,1131.6,1131.2,1131.5,22369
2026-09-02T08:57:00+00:00,2026-09-02,08:57:00,1131.6,1132.5,1131.5,1132.3,9892
2026-09-02T08:58:00+00:00,2026-09-02,08:58:00,1132.4,1133.8,1132.3,1133.8,20614
2026-09-02T08:59:00+00:00,2026-09-02,08:59:00,1133.4,1133.9,1133.2,1133.5,13068
2026-09-02T09:00:00+00:00,2026-09-02,09:00:00,1133.5,1134,1133.4,1133.5,14849
2026-09-02T09:01:00+00:00,2026-09-02,09:01:00,1133.6,1134,1133.6,1133.6,12897
2026-09-02T09:02:00+00:00,2026-09-02,09:02:00,1133.7,1134,1133.6,1133.9,13252
2026-09-02T09:03:00+00:00,2026-09-02,09:03:00,1133.9,1134.1,1133.6,1134,16067
2026-09-02T09:04:00+00:00,2026-09-02,09:04:00,1134.1,1134.3,1133.6,1133.9,19347
2026-09-02T09:05:00+00:00,2026-09-02,09:05:00,1134,1134.7,1133.9,1134.5,20448
2026-09-02T09:06:00+00:00,2026-09-02,09:06:00,1134.7,1134.8,1134.3,1134.4,33401
2026-09-02T09:07:00+00:00,2026-09-02,09:07:00,1134.5,1134.7,1134.2,1134.5,17014
2026-09-02T09:08:00+00:00,2026-09-02,09:08:00,1134.6,1134.6,1134,1134.2,18238
2026-09-02T09:09:00+00:00,2026-09-02,09:09:00,1134.3,1134.8,1134.2,1134.7,16073
2026-09-02T09:10:00+00:00,2026-09-02,09:10:00,1134.8,1135.2,1134.8,1135.1,31325
2026-09-02T09:11:00+00:00,2026-09-02,09:11:00,1135.2,1135.2,1134.4,1134.4,50022
2026-09-02T09:12:00+00:00,2026-09-02,09:12:00,1134.4,1134.5,1133.9,1133.9,14456
2026-09-02T09:13:00+00:00,2026-09-02,09:13:00,1133.9,1134,1133.6,1133.7,12376
2026-09-02T09:14:00+00:00,2026-09-02,09:14:00,1133.7,1133.7,1132.5,1132.6,24282
2026-09-02T09:15:00+00:00,2026-09-02,09:15:00,1132.7,1132.8,1131.5,1131.5,22777
2026-09-02T09:16:00+00:00,2026-09-02,09:16:00,1131.7,1132.3,1131.4,1132.3,37108
2026-09-02T09:17:00+00:00,2026-09-02,09:17:00,1132.4,1133,1131.8,1131.9,23397
2026-09-02T09:18:00+00:00,2026-09-02,09:18:00,1131.9,1131.9,1131.1,1131.7,25501
2026-09-02T09:19:00+00:00,2026-09-02,09:19:00,1131.8,1131.8,1131.2,1131.3,21235
2026-09-02T09:20:00+00:00,2026-09-02,09:20:00,1131.3,1131.4,1130,1130.4,127451
2026-09-02T09:21:00+00:00,2026-09-02,09:21:00,1130.6,1131.4,1130.5,1130.9,30676
2026-09-02T09:22:00+00:00,2026-09-02,09:22:00,1130.7,1131.5,1130.7,1131.2,44660
2026-09-02T09:23:00+00:00,2026-09-02,09:23:00,1131.1,1131.2,1130.9,1131,24223
2026-09-02T09:24:00+00:00,2026-09-02,09:24:00,1131,1131.4,1130.7,1131.3,44353
2026-09-02T09:25:00+00:00,2026-09-02,09:25:00,1131.4,1131.4,1130.4,1131,39394
2026-09-02T09:26:00+00:00,2026-09-02,09:26:00,1131.1,1131.2,1131,1131,17412
2026-09-02T09:27:00+00:00,2026-09-02,09:27:00,1131.1,1131.2,1130.7,1131,29415
2026-09-02T09:28:00+00:00,2026-09-02,09:28:00,1131.1,1131.4,1131,1131.2,25433
2026-09-02T09:29:00+00:00,2026-09-02,09:29:00,1131.2,1131.9,1131,1131.5,68718
2026-09-02T09:30:00+00:00,2026-09-02,09:30:00,1131.2,1131.7,1130.2,1130.5,43208
2026-09-02T09:31:00+00:00,2026-09-02,09:31:00,1130.6,1130.9,1130.4,1130.9,28490
2026-09-02T09:32:00+00:00,2026-09-02,09:32:00,1130.8,1130.9,1130,1130.2,39060
2026-09-02T09:33:00+00:00,2026-09-02,09:33:00,1130.3,1130.3,1129.6,1129.7,38397
2026-09-02T09:34:00+00:00,2026-09-02,09:34:00,1129.7,1129.7,1129.3,1129.5,41880
2026-09-02T09:35:00+00:00,2026-09-02,09:35:00,1129.3,1130,1128.8,1129.8,86637
2026-09-02T09:36:00+00:00,2026-09-02,09:36:00,1129.8,1129.8,1129.5,1129.5,38012
2026-09-02T09:37:00+00:00,2026-09-02,09:37:00,1129.5,1129.6,1129,1129.5,56742
2026-09-02T09:38:00+00:00,2026-09-02,09:38:00,1129.5,1129.5,1129.3,1129.5,29972
2026-09-02T09:39:00+00:00,2026-09-02,09:39:00,1129.5,1129.8,1129.4,1129.8,32788
2026-09-02T09:40:00+00:00,2026-09-02,09:40:00,1129.8,1132.4,1129.6,1132.4,76223
2026-09-02T09:41:00+00:00,2026-09-02,09:41:00,1132.4,1133.4,1132.4,1133.1,38106
2026-09-02T09:42:00+00:00,2026-09-02,09:42:00,1133.2,1135,1133.1,1134.7,71840
2026-09-02T09:43:00+00:00,2026-09-02,09:43:00,1134.7,1135,1133.9,1134.6,48759
2026-09-02T09:44:00+00:00,2026-09-02,09:44:00,1134.7,1134.7,1132.8,1134.5,35696
2026-09-02T09:45:00+00:00,2026-09-02,09:45:00,1134.7,1134.7,1132.8,1134.5,35696
2026-09-02T09:46:00+00:00,2026-09-02,09:46:00,1134.7,1134.7,1132.8,1134.5,35696
2026-09-02T09:47:00+00:00,2026-09-02,09:47:00,1134.7,1134.7,1132.8,1134.5,35696
2026-09-02T09:48:00+00:00,2026-09-02,09:48:00,1134.7,1134.7,1132.8,1134.5,35696
2026-09-02T09:49:00+00:00,2026-09-02,09:49:00,1134.7,1134.7,1132.8,1134.5,35696
2026-09-02T09:50:00+00:00,2026-09-02,09:50:00,1134.7,1134.7,1132.8,1134.5,35696
2026-09-02T09:51:00+00:00,2026-09-02,09:51:00,1134.7,1134.7,1132.8,1134.5,35696
2026-09-02T09:52:00+00:00,2026-09-02,09:52:00,1134.7,1134.7,1132.8,1134.5,35696
2026-09-02T09:53:00+00:00,2026-09-02,09:53:00,1134.7,1134.7,1132.8,1134.5,35696
2026-09-02T09:54:00+00:00,2026-09-02,09:54:00,1134.7,1134.7,1132.8,1134.5,35696
2026-09-02T09:55:00+00:00,2026-09-02,09:55:00,1134.7,1134.7,1132.8,1134.5,35696
2026-09-02T09:56:00+00:00,2026-09-02,09:56:00,1134.7,1134.7,1132.8,1134.5,35696
2026-09-02T09:57:00+00:00,2026-09-02,09:57:00,1134.7,1134.7,1132.8,1134.5,35696
2026-09-02T09:58:00+00:00,2026-09-02,09:58:00,1134.7,1134.7,1132.8,1134.5,35696
2026-09-02T09:59:00+00:00,2026-09-02,09:59:00,1140,1140,1140,1140,0
2026-09-02T10:00:00+00:00,2026-09-02,10:00:00,1140,1140,1140,1140,0
2026-09-03T03:45:00+00:00,2026-09-03,03:45:00,1140.8,1144,1132,1135,115965
2026-09-03T03:46:00+00:00,2026-09-03,03:46:00,1134.3,1135,1130.7,1131,50803
2026-09-03T03:47:00+00:00,2026-09-03,03:47:00,1131.2,1132.1,1129,1132.1,45210
2026-09-03T03:48:00+00:00,2026-09-03,03:48:00,1132.1,1134.8,1131.7,1133.2,30006
2026-09-03T03:49:00+00:00,2026-09-03,03:49:00,1133.6,1133.8,1132,1132.6,21796
2026-09-03T03:50:00+00:00,2026-09-03,03:50:00,1132.5,1133.5,1131.8,1133.2,12762
2026-09-03T03:51:00+00:00,2026-09-03,03:51:00,1133.6,1134.3,1133.3,1134,10665
2026-09-03T03:52:00+00:00,2026-09-03,03:52:00,1134.1,1134.3,1133.3,1133.6,6161
2026-09-03T03:53:00+00:00,2026-09-03,03:53:00,1133.6,1133.9,1128.3,1128.4,44921
2026-09-03T03:54:00+00:00,2026-09-03,03:54:00,1128.9,1129.7,1125.7,1125.8,49539
2026-09-03T03:55:00+00:00,2026-09-03,03:55:00,1125.8,1126.2,1123.1,1124.2,66448
2026-09-03T03:56:00+00:00,2026-09-03,03:56:00,1124.2,1124.9,1122.6,1124.2,51248
2026-09-03T03:57:00+00:00,2026-09-03,03:57:00,1124.1,1126.2,1124.1,1125.7,19062
2026-09-03T03:58:00+00:00,2026-09-03,03:58:00,1126,1127,1125.7,1127,10099
2026-09-03T03:59:00+00:00,2026-09-03,03:59:00,1127,1128.9,1126.8,1128.3,13420
2026-09-03T04:00:00+00:00,2026-09-03,04:00:00,1128.2,1128.8,1127.2,1128.3,35257
2026-09-03T04:01:00+00:00,2026-09-03,04:01:00,1128.4,1129.2,1127.1,1128.3,10980
2026-09-03T04:02:00+00:00,2026-09-03,04:02:00,1128.1,1128.4,1127.7,1128,11890
2026-09-03T04:03:00+00:00,2026-09-03,04:03:00,1128.2,1128.6,1127.6,1127.6,10942
2026-09-03T04:04:00+00:00,2026-09-03,04:04:00,1127.7,1127.8,1127.1,1127.2,11688
2026-09-03T04:05:00+00:00,2026-09-03,04:05:00,1127.3,1128.4,1127.2,1128.4,4906
2026-09-03T04:06:00+00:00,2026-09-03,04:06:00,1128.3,1128.5,1127.8,1128,12642
2026-09-03T04:07:00+00:00,2026-09-03,04:07:00,1128.1,1128.3,1127.4,1128.1,8791
2026-09-03T04:08:00+00:00,2026-09-03,04:08:00,1128.2,1128.3,1126.9,1127,15562
2026-09-03T04:09:00+00:00,2026-09-03,04:09:00,1127,1128.1,1127,1128,7549
2026-09-03T04:10:00+00:00,2026-09-03,04:10:00,1128,1128.4,1127.5,1128.2,6726
2026-09-03T04:11:00+00:00,2026-09-03,04:11:00,1128.1,1128.3,1127,1127.5,7296
2026-09-03T04:12:00+00:00,2026-09-03,04:12:00,1127.4,1128.1,1126.6,1126.8,10493
2026-09-03T04:13:00+00:00,2026-09-03,04:13:00,1126.8,1128,1126.8,1127.9,8175
2026-09-03T04:14:00+00:00,2026-09-03,04:14:00,1127.9,1128.3,1127,1127.3,12078
2026-09-03T04:15:00+00:00,2026-09-03,04:15:00,1127.2,1127.3,1127,1127,8969
2026-09-03T04:16:00+00:00,2026-09-03,04:16:00,1127,1127.6,1126.6,1126.6,3976
2026-09-03T04:17:00+00:00,2026-09-03,04:17:00,1127.1,1127.2,1126.4,1126.8,14783
2026-09-03T04:18:00+00:00,2026-09-03,04:18:00,1126.9,1127.6,1126.5,1126.5,11053
2026-09-03T04:19:00+00:00,2026-09-03,04:19:00,1127,1127.9,1126.5,1127.1,15951
2026-09-03T04:20:00+00:00,2026-09-03,04:20:00,1127.3,1127.7,1126.8,1126.9,35315
2026-09-03T04:21:00+00:00,2026-09-03,04:21:00,1126.9,1127.2,1126.6,1127,6073
2026-09-03T04:22:00+00:00,2026-09-03,04:22:00,1127,1127.4,1126.8,1126.9,13261
2026-09-03T04:23:00+00:00,2026-09-03,04:23:00,1126.9,1127.4,1126.8,1127.4,30150
2026-09-03T04:24:00+00:00,2026-09-03,04:24:00,1127.4,1127.4,1126.5,1127.1,14809
2026-09-03T04:25:00+00:00,2026-09-03,04:25:00,1127.1,1127.6,1126.9,1127,11717
2026-09-03T04:26:00+00:00,2026-09-03,04:26:00,1127.4,1127.8,1127,1127.3,9084
2026-09-03T04:27:00+00:00,2026-09-03,04:27:00,1127.3,1128.5,1127.2,1128.5,16007
2026-09-03T04:28:00+00:00,2026-09-03,04:28:00,1128.6,1128.9,1128,1128.2,15095
2026-09-03T04:29:00+00:00,2026-09-03,04:29:00,1128.4,1129.2,1127.7,1127.9,18120
2026-09-03T04:30:00+00:00,2026-09-03,04:30:00,1127.8,1128.1,1125.9,1126.9,24347
2026-09-03T04:31:00+00:00,2026-09-03,04:31:00,1126.8,1126.8,1125.9,1125.9,11351
2026-09-03T04:32:00+00:00,2026-09-03,04:32:00,1125.9,1126.9,1125.6,1126.7,9058
2026-09-03T04:33:00+00:00,2026-09-03,04:33:00,1126.7,1126.7,1126,1126.4,11602
2026-09-03T04:34:00+00:00,2026-09-03,04:34:00,1126.4,1126.4,1125.4,1125.5,14662
2026-09-03T04:35:00+00:00,2026-09-03,04:35:00,1125.4,1126.5,1125.1,1126,13618
2026-09-03T04:36:00+00:00,2026-09-03,04:36:00,1126,1126.4,1125.4,1125.5,11744
2026-09-03T04:37:00+00:00,2026-09-03,04:37:00,1125.5,1126.5,1124.6,1126.2,28173
2026-09-03T04:38:00+00:00,2026-09-03,04:38:00,1126.3,1127,1126.1,1127,3637
2026-09-03T04:39:00+00:00,2026-09-03,04:39:00,1127,1127.2,1126.8,1127,3931
2026-09-03T04:40:00+00:00,2026-09-03,04:40:00,1126.9,1127.2,1126.6,1126.7,3060
2026-09-03T04:41:00+00:00,2026-09-03,04:41:00,1127.1,1127.8,1126.8,1127.3,3097
2026-09-03T04:42:00+00:00,2026-09-03,04:42:00,1127.8,1128.5,1127.5,1127.7,5999
2026-09-03T04:43:00+00:00,2026-09-03,04:43:00,1127.8,1127.8,1126.7,1127.1,4971
2026-09-03T04:44:00+00:00,2026-09-03,04:44:00,1127.2,1127.8,1126.7,1127.1,3777
2026-09-03T04:45:00+00:00,2026-09-03,04:45:00,1127.5,1127.5,1126.9,1127.3,7555
2026-09-03T04:46:00+00:00,2026-09-03,04:46:00,1127.3,1127.9,1127.1,1127.9,5363
2026-09-03T04:47:00+00:00,2026-09-03,04:47:00,1127.7,1128,1127,1127,4672
2026-09-03T04:48:00+00:00,2026-09-03,04:48:00,1127.2,1127.8,1127,1127.7,3327
2026-09-03T04:49:00+00:00,2026-09-03,04:49:00,1127.7,1128,1127.6,1127.6,4529
2026-09-03T04:50:00+00:00,2026-09-03,04:50:00,1127.8,1128.4,1127.6,1128.3,8075
2026-09-03T04:51:00+00:00,2026-09-03,04:51:00,1128.4,1128.9,1128.2,1128.2,6571
2026-09-03T04:52:00+00:00,2026-09-03,04:52:00,1128.3,1128.8,1127.9,1128.2,5214
2026-09-03T04:53:00+00:00,2026-09-03,04:53:00,1128.3,1128.3,1127.5,1127.8,3211
2026-09-03T04:54:00+00:00,2026-09-03,04:54:00,1127.9,1128.3,1127.8,1128.2,4939
2026-09-03T04:55:00+00:00,2026-09-03,04:55:00,1128.2,1128.4,1128,1128.4,2809
2026-09-03T04:56:00+00:00,2026-09-03,04:56:00,1128.4,1128.5,1128,1128,5876
2026-09-03T04:57:00+00:00,2026-09-03,04:57:00,1128,1128.5,1128,1128.5,4120
2026-09-03T04:58:00+00:00,2026-09-03,04:58:00,1128.5,1129,1128.3,1128.6,3566
2026-09-03T04:59:00+00:00,2026-09-03,04:59:00,1128.7,1128.8,1128,1128.1,7484
2026-09-03T05:00:00+00:00,2026-09-03,05:00:00,1128.2,1128.5,1128,1128.4,6020
2026-09-03T05:01:00+00:00,2026-09-03,05:01:00,1128.5,1128.5,1127.8,1128.5,5463
2026-09-03T05:02:00+00:00,2026-09-03,05:02:00,1128.5,1128.6,1128.2,1128.4,3904
2026-09-03T05:03:00+00:00,2026-09-03,05:03:00,1128.4,1130.9,1128.2,1130.9,18728
2026-09-03T05:04:00+00:00,2026-09-03,05:04:00,1130.9,1131,1130,1130.4,13034
2026-09-03T05:05:00+00:00,2026-09-03,05:05:00,1129.9,1130.4,1129.6,1129.9,5641
2026-09-03T05:06:00+00:00,2026-09-03,05:06:00,1130,1130.4,1129.7,1129.9,5131
2026-09-03T05:07:00+00:00,2026-09-03,05:07:00,1129.9,1130,1129,1130,11329
2026-09-03T05:08:00+00:00,2026-09-03,05:08:00,1130,1130.5,1129.9,1130.4,8873
2026-09-03T05:09:00+00:00,2026-09-03,05:09:00,1130.3,1130.4,1130,1130.1,4685
2026-09-03T05:10:00+00:00,2026-09-03,05:10:00,1130.3,1130.4,1129.9,1130.2,6358
2026-09-03T05:11:00+00:00,2026-09-03,05:11:00,1130.1,1130.3,1129.7,1130.3,5308
2026-09-03T05:12:00+00:00,2026-09-03,05:12:00,1130.3,1130.5,1129.5,1130.1,11982
2026-09-03T05:13:00+00:00,2026-09-03,05:13:00,1130.1,1130.3,1129.5,1130,4509
2026-09-03T05:14:00+00:00,2026-09-03,05:14:00,1130,1130,1129.4,1130,5725
2026-09-03T05:15:00+00:00,2026-09-03,05:15:00,1130,1130,1129,1129.4,5867
2026-09-03T05:16:00+00:00,2026-09-03,05:16:00,1129.4,1129.5,1129,1129,4761
2026-09-03T05:17:00+00:00,2026-09-03,05:17:00,1129.2,1129.5,1129,1129.1,3293
2026-09-03T05:18:00+00:00,2026-09-03,05:18:00,1129.1,1129.8,1128.4,1128.7,11698
2026-09-03T05:19:00+00:00,2026-09-03,05:19:00,1128.7,1128.9,1128.4,1128.7,3497
2026-09-03T05:20:00+00:00,2026-09-03,05:20:00,1128.7,1128.7,1128.2,1128.3,4680
2026-09-03T05:21:00+00:00,2026-09-03,05:21:00,1128.3,1128.4,1127.1,1127.6,17626
2026-09-03T05:22:00+00:00,2026-09-03,05:22:00,1127.7,1127.7,1127,1127.5,7924
2026-09-03T05:23:00+00:00,2026-09-03,05:23:00,1127.6,1127.7,1127,1127.1,7144
2026-09-03T05:24:00+00:00,2026-09-03,05:24:00,1127.1,1127.5,1126.5,1126.7,12032
2026-09-03T05:25:00+00:00,2026-09-03,05:25:00,1126.8,1126.9,1126.2,1126.6,6182
2026-09-03T05:26:00+00:00,2026-09-03,05:26:00,1126.7,1127.6,1126.7,1127.6,5384
2026-09-03T05:27:00+00:00,2026-09-03,05:27:00,1127.6,1128,1127.2,1127.7,5552
2026-09-03T05:28:00+00:00,2026-09-03,05:28:00,1127.7,1128,1127.7,1127.7,3369
2026-09-03T05:29:00+00:00,2026-09-03,05:29:00,1127.8,1128.6,1127.5,1128.3,7924
2026-09-03T05:30:00+00:00,2026-09-03,05:30:00,1128.3,1128.5,1127.6,1128.3,7632
2026-09-03T05:31:00+00:00,2026-09-03,05:31:00,1128.1,1128.8,1128.1,1128.7,3753
2026-09-03T05:32:00+00:00,2026-09-03,05:32:00,1128.8,1129.2,1128.3,1129,4240
2026-09-03T05:33:00+00:00,2026-09-03,05:33:00,1129.1,1129.2,1128.6,1128.9,3824
2026-09-03T05:34:00+00:00,2026-09-03,05:34:00,1128.8,1129.2,1128,1128.2,5761
2026-09-03T05:35:00+00:00,2026-09-03,05:35:00,1128.3,1128.5,1127.6,1128.1,6965
2026-09-03T05:36:00+00:00,2026-09-03,05:36:00,1127.9,1128.6,1127.9,1128.6,4491
2026-09-03T05:37:00+00:00,2026-09-03,05:37:00,1128.6,1129,1128,1128.9,5948
2026-09-03T05:38:00+00:00,2026-09-03,05:38:00,1128.9,1129,1128.4,1128.4,4950
2026-09-03T05:39:00+00:00,2026-09-03,05:39:00,1128.5,1129.5,1128.4,1128.6,9976
2026-09-03T05:40:00+00:00,2026-09-03,05:40:00,1128.9,1129.2,1128.4,1128.9,5171
2026-09-03T05:41:00+00:00,2026-09-03,05:41:00,1128.7,1129.2,1127.6,1128,25143
2026-09-03T05:42:00+00:00,2026-09-03,05:42:00,1128,1128.2,1127.5,1127.8,2826
2026-09-03T05:43:00+00:00,2026-09-03,05:43:00,1128,1128,1127.3,1127.5,3962
2026-09-03T05:44:00+00:00,2026-09-03,05:44:00,1127.6,1127.9,1126,1126.7,22986
2026-09-03T05:45:00+00:00,2026-09-03,05:45:00,1126.8,1127.4,1125.7,1126.3,12895
2026-09-03T05:46:00+00:00,2026-09-03,05:46:00,1126.3,1127.1,1126.2,1126.7,4195
2026-09-03T05:47:00+00:00,2026-09-03,05:47:00,1126.7,1128,1126.7,1127.9,4693
2026-09-03T05:48:00+00:00,2026-09-03,05:48:00,1128,1128.2,1127.5,1128.2,3145
2026-09-03T05:49:00+00:00,2026-09-03,05:49:00,1128.2,1128.7,1127.8,1128.5,5911
2026-09-03T05:50:00+00:00,2026-09-03,05:50:00,1128.5,1128.5,1128.1,1128.3,2245
2026-09-03T05:51:00+00:00,2026-09-03,05:51:00,1128.3,1128.5,1128.1,1128.3,4434
2026-09-03T05:52:00+00:00,2026-09-03,05:52:00,1128.3,1129.5,1128.3,1129.4,8836
2026-09-03T05:53:00+00:00,2026-09-03,05:53:00,1129.5,1129.5,1128.9,1129.1,6132
2026-09-03T05:54:00+00:00,2026-09-03,05:54:00,1129.2,1129.2,1128.5,1129.1,20749
2026-09-03T05:55:00+00:00,2026-09-03,05:55:00,1129.1,1129.4,1128.9,1129.2,7544
2026-09-03T05:56:00+00:00,2026-09-03,05:56:00,1129.3,1129.7,1129.1,1129.6,5718
2026-09-03T05:57:00+00:00,2026-09-03,05:57:00,1129.6,1129.9,1129.6,1129.8,5707
2026-09-03T05:58:00+00:00,2026-09-03,05:58:00,1129.8,1129.9,1129.3,1129.7,11142
2026-09-03T05:59:00+00:00,2026-09-03,05:59:00,1129.7,1129.9,1129.5,1129.7,12658
2026-09-03T06:00:00+00:00,2026-09-03,06:00:00,1129.7,1130.9,1129.5,1130.5,37391
2026-09-03T06:01:00+00:00,2026-09-03,06:01:00,1130.9,1130.9,1130,1130.3,27241
2026-09-03T06:02:00+00:00,2026-09-03,06:02:00,1130.3,1131.4,1129.6,1130.7,33443
2026-09-03T06:03:00+00:00,2026-09-03,06:03:00,1131,1131.3,1130.5,1131.2,13905
2026-09-03T06:04:00+00:00,2026-09-03,06:04:00,1131.3,1131.7,1131.2,1131.5,10953
2026-09-03T06:05:00+00:00,2026-09-03,06:05:00,1131.5,1131.8,1131.2,1131.7,5748
2026-09-03T06:06:00+00:00,2026-09-03,06:06:00,1131.7,1131.8,1131,1131.6,4708
2026-09-03T06:07:00+00:00,2026-09-03,06:07:00,1131.7,1131.7,1131,1131.4,5113
2026-09-03T06:08:00+00:00,2026-09-03,06:08:00,1131.5,1131.5,1130.6,1131.3,5969
2026-09-03T06:09:00+00:00,2026-09-03,06:09:00,1131.4,1131.4,1130.8,1130.9,4206
2026-09-03T06:10:00+00:00,2026-09-03,06:10:00,1131,1131.8,1130.5,1131.7,26330
2026-09-03T06:11:00+00:00,2026-09-03,06:11:00,1131.6,1131.6,1130.1,1130.6,15613
2026-09-03T06:12:00+00:00,2026-09-03,06:12:00,1130.7,1131.5,1130.5,1131.2,6385
2026-09-03T06:13:00+00:00,2026-09-03,06:13:00,1131.3,1131.3,1130.1,1130.9,6448
2026-09-03T06:14:00+00:00,2026-09-03,06:14:00,1130.9,1131.7,1130.6,1131.4,8916
2026-09-03T06:15:00+00:00,2026-09-03,06:15:00,1131.5,1131.9,1131.4,1131.6,5049
2026-09-03T06:16:00+00:00,2026-09-03,06:16:00,1131.8,1131.8,1130.9,1130.9,7931
2026-09-03T06:17:00+00:00,2026-09-03,06:17:00,1130.9,1131.1,1130.4,1130.6,10390
2026-09-03T06:18:00+00:00,2026-09-03,06:18:00,1130.5,1131.2,1130.4,1131.1,5512
2026-09-03T06:19:00+00:00,2026-09-03,06:19:00,1131.3,1131.4,1131,1131.2,10829
2026-09-03T06:20:00+00:00,2026-09-03,06:20:00,1131.2,1132,1131.2,1131.8,73190
2026-09-03T06:21:00+00:00,2026-09-03,06:21:00,1131.8,1132.5,1131.6,1132.1,7873
2026-09-03T06:22:00+00:00,2026-09-03,06:22:00,1132.4,1132.4,1131.9,1132.2,7923
2026-09-03T06:23:00+00:00,2026-09-03,06:23:00,1132.2,1132.6,1132.1,1132.6,3511
2026-09-03T06:24:00+00:00,2026-09-03,06:24:00,1132.6,1132.7,1132.1,1132.4,3520
2026-09-03T06:25:00+00:00,2026-09-03,06:25:00,1132.4,1132.4,1132,1132.3,3224
2026-09-03T06:26:00+00:00,2026-09-03,06:26:00,1132.2,1132.9,1132.2,1132.8,5104
2026-09-03T06:27:00+00:00,2026-09-03,06:27:00,1132.9,1132.9,1132,1132.2,4202
2026-09-03T06:28:00+00:00,2026-09-03,06:28:00,1132.2,1132.3,1132,1132.1,6198
2026-09-03T06:29:00+00:00,2026-09-03,06:29:00,1132.1,1132.2,1132,1132,2769
2026-09-03T06:30:00+00:00,2026-09-03,06:30:00,1132.1,1132.7,1131.1,1132,68717
2026-09-03T06:31:00+00:00,2026-09-03,06:31:00,1132.1,1132.6,1131.8,1132.4,22727
2026-09-03T06:32:00+00:00,2026-09-03,06:32:00,1132.4,1132.8,1132.1,1132.1,5604
2026-09-03T06:33:00+00:00,2026-09-03,06:33:00,1132.2,1133.9,1131.4,1133.4,28349
2026-09-03T06:34:00+00:00,2026-09-03,06:34:00,1133.5,1133.8,1132.1,1132.8,151571
2026-09-03T06:35:00+00:00,2026-09-03,06:35:00,1133,1133.3,1131.3,1131.6,75808
2026-09-03T06:36:00+00:00,2026-09-03,06:36:00,1131.6,1131.9,1130.8,1131.6,74559
2026-09-03T06:37:00+00:00,2026-09-03,06:37:00,1131.6,1132,1131.3,1131.9,7177
2026-09-03T06:38:00+00:00,2026-09-03,06:38:00,1131.9,1132.1,1131.7,1132,8290
2026-09-03T06:39:00+00:00,2026-09-03,06:39:00,1132.2,1132.6,1131,1131.1,37840
2026-09-03T06:40:00+00:00,2026-09-03,06:40:00,1131.1,1131.4,1131,1131.1,3895
2026-09-03T06:41:00+00:00,2026-09-03,06:41:00,1131.1,1131.1,1129.3,1129.6,45353
2026-09-03T06:42:00+00:00,2026-09-03,06:42:00,1129.6,1130.3,1129.4,1130,9758
2026-09-03T06:43:00+00:00,2026-09-03,06:43:00,1130.1,1130.1,1129,1129.4,26909
2026-09-03T06:44:00+00:00,2026-09-03,06:44:00,1129.4,1129.8,1129,1129.5,15335
2026-09-03T06:45:00+00:00,2026-09-03,06:45:00,1129.3,1129.6,1129,1129.1,12370
2026-09-03T06:46:00+00:00,2026-09-03,06:46:00,1129.1,1129.2,1128.4,1129.1,16288
2026-09-03T06:47:00+00:00,2026-09-03,06:47:00,1129.1,1129.2,1128.5,1128.6,12034
2026-09-03T06:48:00+00:00,2026-09-03,06:48:00,1128.6,1128.8,1128.1,1128.5,16724
2026-09-03T06:49:00+00:00,2026-09-03,06:49:00,1128.7,1129.1,1128.5,1128.9,7147
2026-09-03T06:50:00+00:00,2026-09-03,06:50:00,1128.8,1129.5,1128.5,1129.5,5789
2026-09-03T06:51:00+00:00,2026-09-03,06:51:00,1129.4,1129.7,1129,1129.7,2905
2026-09-03T06:52:00+00:00,2026-09-03,06:52:00,1129.7,1129.7,1129,1129.2,6721
2026-09-03T06:53:00+00:00,2026-09-03,06:53:00,1129.2,1129.6,1129,1129.3,7152
2026-09-03T06:54:00+00:00,2026-09-03,06:54:00,1129.1,1129.8,1129,1129.7,14264
2026-09-03T06:55:00+00:00,2026-09-03,06:55:00,1129.8,1130.5,1129.5,1130.5,7122
2026-09-03T06:56:00+00:00,2026-09-03,06:56:00,1130.2,1130.6,1130,1130.1,4503
2026-09-03T06:57:00+00:00,2026-09-03,06:57:00,1130.3,1130.6,1129.5,1130.5,5556
2026-09-03T06:58:00+00:00,2026-09-03,06:58:00,1130.7,1130.8,1130,1130.2,6002
2026-09-03T06:59:00+00:00,2026-09-03,06:59:00,1130.4,1130.6,1130,1130.2,4489
2026-09-03T07:00:00+00:00,2026-09-03,07:00:00,1130.1,1130.5,1130,1130,4702
2026-09-03T07:01:00+00:00,2026-09-03,07:01:00,1130,1130.5,1130,1130.2,2059
2026-09-03T07:02:00+00:00,2026-09-03,07:02:00,1130.5,1131,1130,1130,5897
2026-09-03T07:03:00+00:00,2026-09-03,07:03:00,1130.4,1130.4,1130,1130,6336
2026-09-03T07:04:00+00:00,2026-09-03,07:04:00,1130.1,1130.4,1130,1130.1,3532
2026-09-03T07:05:00+00:00,2026-09-03,07:05:00,1130.4,1130.4,1129.5,1129.6,39955
2026-09-03T07:06:00+00:00,2026-09-03,07:06:00,1129.7,1129.9,1129.5,1129.9,6337
2026-09-03T07:07:00+00:00,2026-09-03,07:07:00,1129.8,1130.3,1129.3,1129.9,15109
2026-09-03T07:08:00+00:00,2026-09-03,07:08:00,1130,1130.9,1129.9,1130.5,4753
2026-09-03T07:09:00+00:00,2026-09-03,07:09:00,1130.7,1130.9,1130.5,1130.9,7520
2026-09-03T07:10:00+00:00,2026-09-03,07:10:00,1130.9,1131.3,1130.5,1130.7,5947
2026-09-03T07:11:00+00:00,2026-09-03,07:11:00,1130.8,1131.3,1130.1,1130.1,19994
2026-09-03T07:12:00+00:00,2026-09-03,07:12:00,1130.2,1130.4,1129.8,1130,38402
2026-09-03T07:13:00+00:00,2026-09-03,07:13:00,1130,1131,1130,1130.8,9350
2026-09-03T07:14:00+00:00,2026-09-03,07:14:00,1130.9,1131,1130.4,1130.8,3885
2026-09-03T07:15:00+00:00,2026-09-03,07:15:00,1131,1131.3,1130.8,1131,2859
2026-09-03T07:16:00+00:00,2026-09-03,07:16:00,1131.1,1131.8,1131.1,1131.5,4860
2026-09-03T07:17:00+00:00,2026-09-03,07:17:00,1131.8,1131.9,1131.4,1131.4,10558
2026-09-03T07:18:00+00:00,2026-09-03,07:18:00,1131.2,1131.5,1131,1131,3933
2026-09-03T07:19:00+00:00,2026-09-03,07:19:00,1131.2,1131.6,1131.1,1131.2,2819
2026-09-03T07:20:00+00:00,2026-09-03,07:20:00,1131.1,1131.7,1131,1131.7,4673
2026-09-03T07:21:00+00:00,2026-09-03,07:21:00,1131.6,1131.8,1131.2,1131.5,2321
2026-09-03T07:22:00+00:00,2026-09-03,07:22:00,1131.8,1132.8,1131.4,1132.5,11027
2026-09-03T07:23:00+00:00,2026-09-03,07:23:00,1132.9,1133,1131.6,1131.9,167818
2026-09-03T07:24:00+00:00,2026-09-03,07:24:00,1131.9,1132.6,1131.9,1132,2839
2026-09-03T07:25:00+00:00,2026-09-03,07:25:00,1132.3,1132.3,1131.2,1131.6,123982
2026-09-03T07:26:00+00:00,2026-09-03,07:26:00,1131.7,1131.9,1130.9,1131.7,59030
2026-09-03T07:27:00+00:00,2026-09-03,07:27:00,1131.7,1132.4,1131.7,1132,22394
2026-09-03T07:28:00+00:00,2026-09-03,07:28:00,1132.1,1132.4,1131.6,1132,5837
2026-09-03T07:29:00+00:00,2026-09-03,07:29:00,1132.2,1132.3,1132,1132,2425
2026-09-03T07:30:00+00:00,2026-09-03,07:30:00,1132.1,1132.1,1131.5,1131.5,4078
2026-09-03T07:31:00+00:00,2026-09-03,07:31:00,1131.9,1132,1131.2,1131.5,6273
2026-09-03T07:32:00+00:00,2026-09-03,07:32:00,1131.6,1131.9,1131.5,1131.7,3595
2026-09-03T07:33:00+00:00,2026-09-03,07:33:00,1131.6,1132,1131.6,1131.9,5959
2026-09-03T07:34:00+00:00,2026-09-03,07:34:00,1131.9,1132,1131.9,1132,2980
2026-09-03T07:35:00+00:00,2026-09-03,07:35:00,1132,1132.2,1131.6,1132.1,4767
2026-09-03T07:36:00+00:00,2026-09-03,07:36:00,1132.2,1132.4,1132,1132.1,1919
2026-09-03T07:37:00+00:00,2026-09-03,07:37:00,1132.2,1132.3,1131.8,1131.9,25066
2026-09-03T07:38:00+00:00,2026-09-03,07:38:00,1132,1132.4,1131.9,1132.1,4535
2026-09-03T07:39:00+00:00,2026-09-03,07:39:00,1132.1,1132.4,1131.8,1132.4,5956
2026-09-03T07:40:00+00:00,2026-09-03,07:40:00,1132.4,1132.4,1132,1132.1,1513
2026-09-03T07:41:00+00:00,2026-09-03,07:41:00,1132.2,1132.5,1132.1,1132.5,3220
2026-09-03T07:42:00+00:00,2026-09-03,07:42:00,1132.6,1133.2,1132.2,1133.1,23585
2026-09-03T07:43:00+00:00,2026-09-03,07:43:00,1133.2,1133.2,1132,1132.3,12780
2026-09-03T07:44:00+00:00,2026-09-03,07:44:00,1132.3,1132.4,1132.1,1132.1,2508
2026-09-03T07:45:00+00:00,2026-09-03,07:45:00,1132.1,1132.4,1132,1132.4,2916
2026-09-03T07:46:00+00:00,2026-09-03,07:46:00,1132.4,1132.4,1131.7,1132.1,5372
2026-09-03T07:47:00+00:00,2026-09-03,07:47:00,1132.1,1132.5,1132,1132.3,2038
2026-09-03T07:48:00+00:00,2026-09-03,07:48:00,1132.5,1132.8,1130.9,1131.7,97596
2026-09-03T07:49:00+00:00,2026-09-03,07:49:00,1132.1,1132.5,1131.1,1131.6,86501
2026-09-03T07:50:00+00:00,2026-09-03,07:50:00,1131.7,1131.8,1130.6,1130.7,27056
2026-09-03T07:51:00+00:00,2026-09-03,07:51:00,1130.7,1131.6,1130.7,1131.5,13649
2026-09-03T07:52:00+00:00,2026-09-03,07:52:00,1131.5,1131.6,1131,1131.5,2411
2026-09-03T07:53:00+00:00,2026-09-03,07:53:00,1131.6,1131.6,1131,1131.3,4842
2026-09-03T07:54:00+00:00,2026-09-03,07:54:00,1131.1,1131.4,1130.9,1131.2,4724
2026-09-03T07:55:00+00:00,2026-09-03,07:55:00,1131.2,1131.4,1131,1131.3,3689
2026-09-03T07:56:00+00:00,2026-09-03,07:56:00,1131.3,1131.5,1131.3,1131.5,2258
2026-09-03T07:57:00+00:00,2026-09-03,07:57:00,1131.5,1131.5,1131.2,1131.5,2077
2026-09-03T07:58:00+00:00,2026-09-03,07:58:00,1131.5,1131.5,1131.2,1131.5,1657
2026-09-03T07:59:00+00:00,2026-09-03,07:59:00,1131.4,1131.6,1131.4,1131.5,2730
2026-09-03T08:00:00+00:00,2026-09-03,08:00:00,1131.6,1132,1131.5,1132,5780
2026-09-03T08:01:00+00:00,2026-09-03,08:01:00,1132,1132,1130.8,1131.2,48178
2026-09-03T08:02:00+00:00,2026-09-03,08:02:00,1131.6,1131.6,1131,1131.5,7073
2026-09-03T08:03:00+00:00,2026-09-03,08:03:00,1131.5,1131.8,1131.4,1131.6,4424
2026-09-03T08:04:00+00:00,2026-09-03,08:04:00,1131.8,1131.9,1130.7,1131,72249
2026-09-03T08:05:00+00:00,2026-09-03,08:05:00,1131,1132,1130.9,1131.7,4175
2026-09-03T08:06:00+00:00,2026-09-03,08:06:00,1131.9,1132,1131.5,1131.8,29086
2026-09-03T08:07:00+00:00,2026-09-03,08:07:00,1131.7,1131.7,1131.2,1131.3,10749
2026-09-03T08:08:00+00:00,2026-09-03,08:08:00,1131.6,1131.7,1131.3,1131.7,5508
2026-09-03T08:09:00+00:00,2026-09-03,08:09:00,1131.7,1131.8,1131,1131.2,10371
2026-09-03T08:10:00+00:00,2026-09-03,08:10:00,1131.1,1131.4,1131,1131.4,12171
2026-09-03T08:11:00+00:00,2026-09-03,08:11:00,1131.4,1131.7,1131,1131,11568
2026-09-03T08:12:00+00:00,2026-09-03,08:12:00,1131.1,1131.6,1130.5,1130.5,17977
2026-09-03T08:13:00+00:00,2026-09-03,08:13:00,1130.6,1130.9,1130.5,1130.6,11912
2026-09-03T08:14:00+00:00,2026-09-03,08:14:00,1130.5,1130.6,1130.1,1130.4,21636
2026-09-03T08:15:00+00:00,2026-09-03,08:15:00,1130.5,1130.5,1130.1,1130.2,3234
2026-09-03T08:16:00+00:00,2026-09-03,08:16:00,1130.2,1130.5,1130,1130.4,2289
2026-09-03T08:17:00+00:00,2026-09-03,08:17:00,1130.5,1130.5,1130,1130.1,11055
2026-09-03T08:18:00+00:00,2026-09-03,08:18:00,1130.2,1130.4,1130,1130.2,7989
2026-09-03T08:19:00+00:00,2026-09-03,08:19:00,1130.3,1130.5,1130,1130.1,4468
2026-09-03T08:20:00+00:00,2026-09-03,08:20:00,1130.4,1131,1130.1,1130.5,21214
2026-09-03T08:21:00+00:00,2026-09-03,08:21:00,1130.5,1130.8,1130.1,1130.3,2997
2026-09-03T08:22:00+00:00,2026-09-03,08:22:00,1130.6,1130.9,1130,1130.3,17960
2026-09-03T08:23:00+00:00,2026-09-03,08:23:00,1130.2,1130.4,1130,1130.2,6281
2026-09-03T08:24:00+00:00,2026-09-03,08:24:00,1130.3,1130.6,1130,1130.1,3927
2026-09-03T08:25:00+00:00,2026-09-03,08:25:00,1130.1,1130.3,1130,1130,6029
2026-09-03T08:26:00+00:00,2026-09-03,08:26:00,1130.1,1130.5,1130.1,1130.3,2594
2026-09-03T08:27:00+00:00,2026-09-03,08:27:00,1130.5,1130.9,1130.3,1130.6,12175
2026-09-03T08:28:00+00:00,2026-09-03,08:28:00,1130.6,1130.8,1130,1130.1,13804
2026-09-03T08:29:00+00:00,2026-09-03,08:29:00,1130.1,1130.7,1130,1130.7,9910
2026-09-03T08:30:00+00:00,2026-09-03,08:30:00,1130.7,1130.8,1130.3,1130.6,6202
2026-09-03T08:31:00+00:00,2026-09-03,08:31:00,1130.5,1130.5,1130.3,1130.4,4944
2026-09-03T08:32:00+00:00,2026-09-03,08:32:00,1130.4,1130.4,1130,1130.1,23577
2026-09-03T08:33:00+00:00,2026-09-03,08:33:00,1130.2,1130.4,1130,1130.3,17916
2026-09-03T08:34:00+00:00,2026-09-03,08:34:00,1130.3,1130.4,1130,1130.1,6245
2026-09-03T08:35:00+00:00,2026-09-03,08:35:00,1130.2,1130.9,1130.2,1130.3,6871
2026-09-03T08:36:00+00:00,2026-09-03,08:36:00,1130.3,1130.7,1130.2,1130.3,3618
2026-09-03T08:37:00+00:00,2026-09-03,08:37:00,1130.7,1130.8,1130.2,1130.2,1703
2026-09-03T08:38:00+00:00,2026-09-03,08:38:00,1130.5,1130.8,1130,1130.8,43062
2026-09-03T08:39:00+00:00,2026-09-03,08:39:00,1130.7,1130.8,1130.5,1130.8,4702
2026-09-03T08:40:00+00:00,2026-09-03,08:40:00,1130.8,1131,1130.8,1130.9,2043
2026-09-03T08:41:00+00:00,2026-09-03,08:41:00,1131,1131.7,1130.9,1131.5,5949
2026-09-03T08:42:00+00:00,2026-09-03,08:42:00,1131.5,1132,1131.5,1131.9,3251
2026-09-03T08:43:00+00:00,2026-09-03,08:43:00,1132,1132,1131.9,1132,3869
2026-09-03T08:44:00+00:00,2026-09-03,08:44:00,1132,1132,1131.8,1132,4398
2026-09-03T08:45:00+00:00,2026-09-03,08:45:00,1132,1132.2,1131.5,1131.8,9410
2026-09-03T08:46:00+00:00,2026-09-03,08:46:00,1131.5,1132,1131.5,1131.9,1556
2026-09-03T08:47:00+00:00,2026-09-03,08:47:00,1131.8,1131.9,1131.5,1131.7,7673
2026-09-03T08:48:00+00:00,2026-09-03,08:48:00,1131.7,1132,1131.5,1131.5,5320
2026-09-03T08:49:00+00:00,2026-09-03,08:49:00,1131.8,1132.3,1131.5,1131.7,7429
2026-09-03T08:50:00+00:00,2026-09-03,08:50:00,1132,1132.5,1131.7,1132.5,5754
2026-09-03T08:51:00+00:00,2026-09-03,08:51:00,1132.4,1132.5,1132,1132.5,24675
2026-09-03T08:52:00+00:00,2026-09-03,08:52:00,1132.4,1132.5,1131.7,1132,28634
2026-09-03T08:53:00+00:00,2026-09-03,08:53:00,1132.1,1132.4,1132,1132,6854
2026-09-03T08:54:00+00:00,2026-09-03,08:54:00,1132.1,1133,1132,1132.8,12502
2026-09-03T08:55:00+00:00,2026-09-03,08:55:00,1133,1133,1132.5,1132.5,4098
2026-09-03T08:56:00+00:00,2026-09-03,08:56:00,1132.6,1132.9,1132.1,1132.7,3163
2026-09-03T08:57:00+00:00,2026-09-03,08:57:00,1132.7,1132.9,1132.2,1132.5,4541
2026-09-03T08:58:00+00:00,2026-09-03,08:58:00,1132.4,1132.7,1132.3,1132.7,2626
2026-09-03T08:59:00+00:00,2026-09-03,08:59:00,1132.7,1132.9,1132,1132.1,39271
2026-09-03T09:00:00+00:00,2026-09-03,09:00:00,1132,1132.4,1131.3,1131.4,26520
2026-09-03T09:01:00+00:00,2026-09-03,09:01:00,1131.4,1131.8,1131,1131.5,12357
2026-09-03T09:02:00+00:00,2026-09-03,09:02:00,1131.5,1132,1131.1,1131.9,11969
2026-09-03T09:03:00+00:00,2026-09-03,09:03:00,1131.9,1132,1131.6,1132,4688
2026-09-03T09:04:00+00:00,2026-09-03,09:04:00,1132,1132,1131.8,1131.9,4649
2026-09-03T09:05:00+00:00,2026-09-03,09:05:00,1131.9,1132,1131.5,1131.5,8734
2026-09-03T09:06:00+00:00,2026-09-03,09:06:00,1131.6,1132,1131.5,1132,2932
2026-09-03T09:07:00+00:00,2026-09-03,09:07:00,1132,1132.2,1131.5,1131.7,8584
2026-09-03T09:08:00+00:00,2026-09-03,09:08:00,1131.6,1132,1131.5,1131.9,6710
2026-09-03T09:09:00+00:00,2026-09-03,09:09:00,1131.9,1132,1131.5,1131.8,3316
2026-09-03T09:10:00+00:00,2026-09-03,09:10:00,1131.8,1131.9,1131,1131.2,9142
2026-09-03T09:11:00+00:00,2026-09-03,09:11:00,1131.4,1131.4,1131,1131.2,9123
2026-09-03T09:12:00+00:00,2026-09-03,09:12:00,1131.4,1131.8,1131,1131.6,6387
2026-09-03T09:13:00+00:00,2026-09-03,09:13:00,1131.5,1131.9,1131,1131.7,9035
2026-09-03T09:14:00+00:00,2026-09-03,09:14:00,1131.7,1131.9,1131.5,1131.9,2516
2026-09-03T09:15:00+00:00,2026-09-03,09:15:00,1131.7,1132.2,1131.5,1131.8,23275
2026-09-03T09:16:00+00:00,2026-09-03,09:16:00,1131.8,1132,1131.2,1131.6,19447
2026-09-03T09:17:00+00:00,2026-09-03,09:17:00,1131.5,1132,1131.5,1132,6677
2026-09-03T09:18:00+00:00,2026-09-03,09:18:00,1131.7,1132,1131.5,1131.8,4091
2026-09-03T09:19:00+00:00,2026-09-03,09:19:00,1131.9,1132,1131.5,1131.9,2689
2026-09-03T09:20:00+00:00,2026-09-03,09:20:00,1131.7,1132.2,1131.5,1132,26546
2026-09-03T09:21:00+00:00,2026-09-03,09:21:00,1131.8,1132.2,1131,1131,119188
2026-09-03T09:22:00+00:00,2026-09-03,09:22:00,1130.9,1131.6,1130.9,1131.5,11633
2026-09-03T09:23:00+00:00,2026-09-03,09:23:00,1131.4,1132,1131.2,1131.9,8979
2026-09-03T09:24:00+00:00,2026-09-03,09:24:00,1131.7,1131.9,1131.6,1131.9,10362
2026-09-03T09:25:00+00:00,2026-09-03,09:25:00,1131.8,1132,1131.1,1131.9,11987
2026-09-03T09:26:00+00:00,2026-09-03,09:26:00,1131.5,1132,1131.1,1131.7,23356
2026-09-03T09:27:00+00:00,2026-09-03,09:27:00,1131.6,1131.7,1131,1131.6,20334
2026-09-03T09:28:00+00:00,2026-09-03,09:28:00,1131.6,1131.9,1130.9,1131.9,31520
2026-09-03T09:29:00+00:00,2026-09-03,09:29:00,1132,1132,1131.5,1131.5,17809
2026-09-03T09:30:00+00:00,2026-09-03,09:30:00,1131.5,1132,1131.3,1131.9,26856
2026-09-03T09:31:00+00:00,2026-09-03,09:31:00,1131.6,1132,1131.5,1132,19285
2026-09-03T09:32:00+00:00,2026-09-03,09:32:00,1132,1132.2,1131.6,1131.9,31816
2026-09-03T09:33:00+00:00,2026-09-03,09:33:00,1131.6,1131.8,1130.4,1130.8,33829
2026-09-03T09:34:00+00:00,2026-09-03,09:34:00,1130.8,1131.1,1129,1129,15119
2026-09-03T09:35:00+00:00,2026-09-03,09:35:00,1129.1,1130.5,1129,1130.4,33686
2026-09-03T09:36:00+00:00,2026-09-03,09:36:00,1130.5,1130.9,1129.8,1130.2,33391
2026-09-03T09:37:00+00:00,2026-09-03,09:37:00,1130.1,1130.9,1130.1,1130.4,19367
2026-09-03T09:38:00+00:00,2026-09-03,09:38:00,1130.4,1130.8,1129.9,1130.1,28963
2026-09-03T09:39:00+00:00,2026-09-03,09:39:00,1130,1130.3,1129.5,1130,26729
2026-09-03T09:40:00+00:00,2026-09-03,09:40:00,1130,1131.6,1130,1131.4,28484
2026-09-03T09:41:00+00:00,2026-09-03,09:41:00,1131.4,1132,1131.3,1131.9,25716
2026-09-03T09:42:00+00:00,2026-09-03,09:42:00,1131.9,1132,1131.4,1131.8,51902
2026-09-03T09:43:00+00:00,2026-09-03,09:43:00,1131.3,1132,1131.1,1131.9,41305
2026-09-03T09:44:00+00:00,2026-09-03,09:44:00,1132,1132.5,1131.7,1132.5,83108
2026-09-03T09:45:00+00:00,2026-09-03,09:45:00,1132,1132.5,1131.7,1132.5,83108
2026-09-03T09:46:00+00:00,2026-09-03,09:46:00,1132,1132.5,1131.7,1132.5,83108
2026-09-03T09:47:00+00:00,2026-09-03,09:47:00,1132,1132.5,1131.7,1132.5,83108
2026-09-03T09:48:00+00:00,2026-09-03,09:48:00,1132,1132.5,1131.7,1132.5,83108
2026-09-03T09:49:00+00:00,2026-09-03,09:49:00,1132,1132.5,1131.7,1132.5,83108
2026-09-03T09:50:00+00:00,2026-09-03,09:50:00,1132,1132.5,1131.7,1132.5,83108
2026-09-03T09:51:00+00:00,2026-09-03,09:51:00,1132,1132.5,1131.7,1132.5,83108
2026-09-03T09:52:00+00:00,2026-09-03,09:52:00,1132,1132.5,1131.7,1132.5,83108
2026-09-03T09:53:00+00:00,2026-09-03,09:53:00,1132,1132.5,1131.7,1132.5,83108
2026-09-03T09:54:00+00:00,2026-09-03,09:54:00,1132,1132.5,1131.7,1132.5,83108
2026-09-03T09:55:00+00:00,2026-09-03,09:55:00,1132,1132.5,1131.7,1132.5,83108
2026-09-03T09:56:00+00:00,2026-09-03,09:56:00,1132,1132.5,1131.7,1132.5,83108
2026-09-03T09:57:00+00:00,2026-09-03,09:57:00,1132,1132.5,1131.7,1132.5,83108
2026-09-03T09:58:00+00:00,2026-09-03,09:58:00,1130.3,1130.3,1130.3,1130.3,0
2026-09-03T09:59:00+00:00,2026-09-03,09:59:00,1130.3,1130.3,1130.3,1130.3,0
2026-09-03T10:00:00+00:00,2026-09-03,10:00:00,1130.3,1130.3,1130.3,1130.3,0
2026-09-04T03:45:00+00:00,2026-09-04,03:45:00,1133.2,1142.6,1133,1140.7,102530
2026-09-04T03:46:00+00:00,2026-09-04,03:46:00,1140.7,1144,1140.2,1143.8,93241
2026-09-04T03:47:00+00:00,2026-09-04,03:47:00,1143.7,1146.7,1143.5,1145.5,71805
2026-09-04T03:48:00+00:00,2026-09-04,03:48:00,1145.5,1146.5,1143.3,1143.7,26164
2026-09-04T03:49:00+00:00,2026-09-04,03:49:00,1144.4,1145,1143.1,1143.5,17147
2026-09-04T03:50:00+00:00,2026-09-04,03:50:00,1143,1143.8,1142.1,1142.6,20865
2026-09-04T03:51:00+00:00,2026-09-04,03:51:00,1142.6,1142.7,1139,1139,22620
2026-09-04T03:52:00+00:00,2026-09-04,03:52:00,1139.3,1139.3,1137,1137.5,33911
2026-09-04T03:53:00+00:00,2026-09-04,03:53:00,1138,1139.3,1137.7,1139,11428
2026-09-04T03:54:00+00:00,2026-09-04,03:54:00,1139.3,1139.3,1138.6,1139.2,10144
2026-09-04T03:55:00+00:00,2026-09-04,03:55:00,1139.2,1139.2,1138.2,1138.2,14681
2026-09-04T03:56:00+00:00,2026-09-04,03:56:00,1138.2,1139.5,1138.1,1139.5,11475
2026-09-04T03:57:00+00:00,2026-09-04,03:57:00,1139.3,1141.3,1139.3,1141.3,20785
2026-09-04T03:58:00+00:00,2026-09-04,03:58:00,1141.6,1143,1141.3,1143,14721
2026-09-04T03:59:00+00:00,2026-09-04,03:59:00,1143.1,1144.2,1141.8,1142.3,22316
2026-09-04T04:00:00+00:00,2026-09-04,04:00:00,1141.7,1142.9,1140.9,1141,15600
2026-09-04T04:01:00+00:00,2026-09-04,04:01:00,1141,1141.3,1140.1,1140.3,11036
2026-09-04T04:02:00+00:00,2026-09-04,04:02:00,1140.4,1141.6,1140.2,1141.6,3886
2026-09-04T04:03:00+00:00,2026-09-04,04:03:00,1141.8,1142,1141,1141.1,11237
2026-09-04T04:04:00+00:00,2026-09-04,04:04:00,1141.5,1141.8,1140.4,1140.4,8014
2026-09-04T04:05:00+00:00,2026-09-04,04:05:00,1140.5,1140.5,1139.1,1139.1,12614
2026-09-04T04:06:00+00:00,2026-09-04,04:06:00,1139.3,1139.4,1138.8,1139.2,11917
2026-09-04T04:07:00+00:00,2026-09-04,04:07:00,1139,1139.2,1138.4,1138.6,7428
2026-09-04T04:08:00+00:00,2026-09-04,04:08:00,1139,1139.4,1137.6,1137.7,16725
2026-09-04T04:09:00+00:00,2026-09-04,04:09:00,1137.6,1138,1137.4,1137.7,9050
2026-09-04T04:10:00+00:00,2026-09-04,04:10:00,1138,1140,1137.9,1140,31174
2026-09-04T04:11:00+00:00,2026-09-04,04:11:00,1140,1140.2,1139.8,1140,13906
2026-09-04T04:12:00+00:00,2026-09-04,04:12:00,1140,1141.3,1139.9,1141.3,19582
2026-09-04T04:13:00+00:00,2026-09-04,04:13:00,1141.3,1141.5,1140.6,1140.9,9233
2026-09-04T04:14:00+00:00,2026-09-04,04:14:00,1141.3,1141.6,1141.1,1141.3,3603
2026-09-04T04:15:00+00:00,2026-09-04,04:15:00,1141.3,1141.6,1140.7,1141,4840
2026-09-04T04:16:00+00:00,2026-09-04,04:16:00,1141,1141,1140.1,1140.3,10579
2026-09-04T04:17:00+00:00,2026-09-04,04:17:00,1140.5,1140.5,1140.1,1140.5,7114
2026-09-04T04:18:00+00:00,2026-09-04,04:18:00,1140.5,1140.5,1139.2,1139.6,7854
2026-09-04T04:19:00+00:00,2026-09-04,04:19:00,1139.5,1139.6,1138.5,1138.8,7190
2026-09-04T04:20:00+00:00,2026-09-04,04:20:00,1138.8,1139.3,1138.5,1139.3,5284
2026-09-04T04:21:00+00:00,2026-09-04,04:21:00,1139.4,1139.5,1139,1139.4,4736
2026-09-04T04:22:00+00:00,2026-09-04,04:22:00,1139.3,1139.4,1138.5,1138.5,5485
2026-09-04T04:23:00+00:00,2026-09-04,04:23:00,1138.8,1138.8,1137.9,1138.7,14258
2026-09-04T04:24:00+00:00,2026-09-04,04:24:00,1138.7,1139,1138.4,1138.9,4433
2026-09-04T04:25:00+00:00,2026-09-04,04:25:00,1139,1139.4,1138.7,1139.4,4944
2026-09-04T04:26:00+00:00,2026-09-04,04:26:00,1139.4,1139.6,1139.2,1139.6,4588
2026-09-04T04:27:00+00:00,2026-09-04,04:27:00,1139.6,1139.6,1137.8,1137.9,10587
2026-09-04T04:28:00+00:00,2026-09-04,04:28:00,1137.8,1138,1137.4,1138,4554
2026-09-04T04:29:00+00:00,2026-09-04,04:29:00,1137.9,1138,1136,1136.3,22220
2026-09-04T04:30:00+00:00,2026-09-04,04:30:00,1136.3,1136.9,1136,1136.7,6001
2026-09-04T04:31:00+00:00,2026-09-04,04:31:00,1136.7,1137.2,1136.7,1137.2,11684
2026-09-04T04:32:00+00:00,2026-09-04,04:32:00,1137.2,1138,1137.2,1138,16633
2026-09-04T04:33:00+00:00,2026-09-04,04:33:00,1138,1138.7,1137.9,1138.2,10689
2026-09-04T04:34:00+00:00,2026-09-04,04:34:00,1138.3,1139,1137.4,1138.6,15695
2026-09-04T04:35:00+00:00,2026-09-04,04:35:00,1139,1139.1,1137.7,1138.3,15273
2026-09-04T04:36:00+00:00,2026-09-04,04:36:00,1138.4,1138.5,1136.8,1137.5,13671
2026-09-04T04:37:00+00:00,2026-09-04,04:37:00,1137.6,1137.7,1137.3,1137.4,5863
2026-09-04T04:38:00+00:00,2026-09-04,04:38:00,1137.5,1138.1,1137.5,1138.1,8086
2026-09-04T04:39:00+00:00,2026-09-04,04:39:00,1138.1,1138.2,1137.5,1137.7,11650
2026-09-04T04:40:00+00:00,2026-09-04,04:40:00,1138,1138.1,1136.8,1136.8,12932
2026-09-04T04:41:00+00:00,2026-09-04,04:41:00,1136.8,1137.3,1136.6,1136.7,8318
2026-09-04T04:42:00+00:00,2026-09-04,04:42:00,1137.1,1137.4,1136,1136.2,14365
2026-09-04T04:43:00+00:00,2026-09-04,04:43:00,1136.2,1136.4,1136,1136.1,14041
2026-09-04T04:44:00+00:00,2026-09-04,04:44:00,1136.4,1136.5,1135.6,1135.7,8441
2026-09-04T04:45:00+00:00,2026-09-04,04:45:00,1135.8,1136,1135.5,1136,9702
2026-09-04T04:46:00+00:00,2026-09-04,04:46:00,1136,1136,1135.6,1136,8687
2026-09-04T04:47:00+00:00,2026-09-04,04:47:00,1136,1136,1135.5,1135.5,11009
2026-09-04T04:48:00+00:00,2026-09-04,04:48:00,1135.6,1136,1135.2,1136,9833
2026-09-04T04:49:00+00:00,2026-09-04,04:49:00,1136,1136,1135.4,1135.4,10901
2026-09-04T04:50:00+00:00,2026-09-04,04:50:00,1135.7,1135.7,1135.4,1135.7,8220
2026-09-04T04:51:00+00:00,2026-09-04,04:51:00,1136,1136,1135.7,1136,6772
2026-09-04T04:52:00+00:00,2026-09-04,04:52:00,1136,1136,1135.9,1136,5502
2026-09-04T04:53:00+00:00,2026-09-04,04:53:00,1136,1136,1135.9,1136,7796
2026-09-04T04:54:00+00:00,2026-09-04,04:54:00,1136,1136,1135.5,1135.5,11835
2026-09-04T04:55:00+00:00,2026-09-04,04:55:00,1135.8,1135.8,1135.1,1135.2,10065
2026-09-04T04:56:00+00:00,2026-09-04,04:56:00,1135.5,1135.5,1135.1,1135.2,7288
2026-09-04T04:57:00+00:00,2026-09-04,04:57:00,1135.5,1136,1135,1135.8,12562
2026-09-04T04:58:00+00:00,2026-09-04,04:58:00,1136.1,1136.1,1135.5,1135.9,8024
2026-09-04T04:59:00+00:00,2026-09-04,04:59:00,1135.9,1136,1135.4,1135.8,7397
2026-09-04T05:00:00+00:00,2026-09-04,05:00:00,1135.8,1136,1135.3,1135.5,5867
2026-09-04T05:01:00+00:00,2026-09-04,05:01:00,1135.6,1135.6,1135,1135.3,14988
2026-09-04T05:02:00+00:00,2026-09-04,05:02:00,1135.4,1135.4,1135,1135.4,3581
2026-09-04T05:03:00+00:00,2026-09-04,05:03:00,1135.4,1135.5,1134.3,1134.4,17849
2026-09-04T05:04:00+00:00,2026-09-04,05:04:00,1134.7,1134.7,1133.3,1133.5,11147
2026-09-04T05:05:00+00:00,2026-09-04,05:05:00,1133.8,1133.8,1132.1,1132.1,21189
2026-09-04T05:06:00+00:00,2026-09-04,05:06:00,1132.2,1132.2,1131.2,1132,23174
2026-09-04T05:07:00+00:00,2026-09-04,05:07:00,1131.7,1132,1131.5,1131.7,7416
2026-09-04T05:08:00+00:00,2026-09-04,05:08:00,1131.7,1132.3,1131.7,1132.3,12037
2026-09-04T05:09:00+00:00,2026-09-04,05:09:00,1132.3,1132.4,1130.6,1131,25265
2026-09-04T05:10:00+00:00,2026-09-04,05:10:00,1131,1131,1130.6,1130.8,7879
2026-09-04T05:11:00+00:00,2026-09-04,05:11:00,1130.8,1130.8,1129,1130,42551
2026-09-04T05:12:00+00:00,2026-09-04,05:12:00,1130,1130.6,1129,1129,82097
2026-09-04T05:13:00+00:00,2026-09-04,05:13:00,1129.3,1130,1129.1,1130,12805
2026-09-04T05:14:00+00:00,2026-09-04,05:14:00,1130,1130,1129.8,1129.9,12291
2026-09-04T05:15:00+00:00,2026-09-04,05:15:00,1129.9,1130,1129.9,1130,15156
2026-09-04T05:16:00+00:00,2026-09-04,05:16:00,1130,1130,1129.3,1129.9,27608
2026-09-04T05:17:00+00:00,2026-09-04,05:17:00,1129.9,1130,1129.7,1130,8110
2026-09-04T05:18:00+00:00,2026-09-04,05:18:00,1130,1130,1129.9,1129.9,19381
2026-09-04T05:19:00+00:00,2026-09-04,05:19:00,1130,1130,1129.4,1129.6,14113
2026-09-04T05:20:00+00:00,2026-09-04,05:20:00,1129.6,1130,1129.5,1130,7265
2026-09-04T05:21:00+00:00,2026-09-04,05:21:00,1130,1130.1,1129.5,1129.7,21549
2026-09-04T05:22:00+00:00,2026-09-04,05:22:00,1129.7,1129.7,1129.1,1129.4,11008
2026-09-04T05:23:00+00:00,2026-09-04,05:23:00,1129.4,1129.7,1129.1,1129.5,9716
2026-09-04T05:24:00+00:00,2026-09-04,05:24:00,1129.5,1129.8,1129.3,1129.8,5769
2026-09-04T05:25:00+00:00,2026-09-04,05:25:00,1129.8,1129.9,1129.7,1129.7,8690
2026-09-04T05:26:00+00:00,2026-09-04,05:26:00,1129.7,1129.8,1129.3,1129.7,6890
2026-09-04T05:27:00+00:00,2026-09-04,05:27:00,1129.8,1129.9,1129.8,1129.9,4132
2026-09-04T05:28:00+00:00,2026-09-04,05:28:00,1129.9,1130,1129.8,1130,13260
2026-09-04T05:29:00+00:00,2026-09-04,05:29:00,1130,1130,1129.7,1130,43560
2026-09-04T05:30:00+00:00,2026-09-04,05:30:00,1130,1130,1129.6,1129.9,6186
2026-09-04T05:31:00+00:00,2026-09-04,05:31:00,1129.7,1129.9,1129.3,1129.5,10020
2026-09-04T05:32:00+00:00,2026-09-04,05:32:00,1129.5,1129.5,1128.4,1129.4,29372
2026-09-04T05:33:00+00:00,2026-09-04,05:33:00,1129.3,1129.5,1129.1,1129.5,10366
2026-09-04T05:34:00+00:00,2026-09-04,05:34:00,1129.5,1130,1129.4,1130,11596
2026-09-04T05:35:00+00:00,2026-09-04,05:35:00,1130,1131.9,1129.9,1131.9,56531
2026-09-04T05:36:00+00:00,2026-09-04,05:36:00,1131.9,1131.9,1131.1,1131.9,17715
2026-09-04T05:37:00+00:00,2026-09-04,05:37:00,1131.9,1132.1,1131.6,1131.9,12735
2026-09-04T05:38:00+00:00,2026-09-04,05:38:00,1131.9,1132.2,1131.7,1132.2,8259
2026-09-04T05:39:00+00:00,2026-09-04,05:39:00,1132.2,1132.2,1130.6,1130.8,11085
2026-09-04T05:40:00+00:00,2026-09-04,05:40:00,1130.6,1130.9,1130.5,1130.7,4278
2026-09-04T05:41:00+00:00,2026-09-04,05:41:00,1130.8,1131,1130.6,1130.6,7236
2026-09-04T05:42:00+00:00,2026-09-04,05:42:00,1130.7,1130.9,1130.5,1130.6,2999
2026-09-04T05:43:00+00:00,2026-09-04,05:43:00,1130.7,1131,1130.6,1130.7,18301
2026-09-04T05:44:00+00:00,2026-09-04,05:44:00,1130.7,1131,1130.6,1131,7573
2026-09-04T05:45:00+00:00,2026-09-04,05:45:00,1131,1131,1130.9,1130.9,7159
2026-09-04T05:46:00+00:00,2026-09-04,05:46:00,1130.9,1132,1130.8,1132,75946
2026-09-04T05:47:00+00:00,2026-09-04,05:47:00,1132,1132.2,1131.9,1132.2,11866
2026-09-04T05:48:00+00:00,2026-09-04,05:48:00,1132.2,1132.2,1131.4,1131.9,9120
2026-09-04T05:49:00+00:00,2026-09-04,05:49:00,1132,1132.1,1131.8,1132,10566
2026-09-04T05:50:00+00:00,2026-09-04,05:50:00,1132,1132,1131.5,1131.8,5438
2026-09-04T05:51:00+00:00,2026-09-04,05:51:00,1131.9,1132,1131.8,1131.9,7456
2026-09-04T05:52:00+00:00,2026-09-04,05:52:00,1132,1132,1130.8,1131,16941
2026-09-04T05:53:00+00:00,2026-09-04,05:53:00,1131.1,1131.1,1130.2,1130.5,14271
2026-09-04T05:54:00+00:00,2026-09-04,05:54:00,1130.5,1130.7,1130,1130.5,15140
2026-09-04T05:55:00+00:00,2026-09-04,05:55:00,1130.6,1130.6,1129.5,1130.2,30346
2026-09-04T05:56:00+00:00,2026-09-04,05:56:00,1130.4,1131.4,1130,1131.4,14221
2026-09-04T05:57:00+00:00,2026-09-04,05:57:00,1131.4,1131.6,1131.2,1131.5,100128
2026-09-04T05:58:00+00:00,2026-09-04,05:58:00,1131.6,1131.6,1131,1131.4,11058
2026-09-04T05:59:00+00:00,2026-09-04,05:59:00,1131.4,1131.8,1131.3,1131.8,2910
2026-09-04T06:00:00+00:00,2026-09-04,06:00:00,1131.8,1131.9,1131.3,1131.9,114521
2026-09-04T06:01:00+00:00,2026-09-04,06:01:00,1131.9,1132.9,1131.9,1132.4,65528
2026-09-04T06:02:00+00:00,2026-09-04,06:02:00,1132.5,1132.9,1132.3,1132.9,10422
2026-09-04T06:03:00+00:00,2026-09-04,06:03:00,1132.9,1132.9,1132.5,1132.6,5729
2026-09-04T06:04:00+00:00,2026-09-04,06:04:00,1132.8,1132.9,1132.6,1132.8,8056
2026-09-04T06:05:00+00:00,2026-09-04,06:05:00,1132.9,1133,1132.3,1132.3,11817
2026-09-04T06:06:00+00:00,2026-09-04,06:06:00,1132.4,1132.9,1132.4,1132.9,5831
2026-09-04T06:07:00+00:00,2026-09-04,06:07:00,1132.9,1132.9,1132.4,1132.7,9775
2026-09-04T06:08:00+00:00,2026-09-04,06:08:00,1132.8,1132.8,1131.8,1132,11393
2026-09-04T06:09:00+00:00,2026-09-04,06:09:00,1131.9,1132,1131.5,1131.7,5508
2026-09-04T06:10:00+00:00,2026-09-04,06:10:00,1131.9,1131.9,1131.5,1131.9,3001
2026-09-04T06:11:00+00:00,2026-09-04,06:11:00,1131.8,1132,1131.1,1131.8,23625
2026-09-04T06:12:00+00:00,2026-09-04,06:12:00,1132,1132,1131.9,1131.9,14180
2026-09-04T06:13:00+00:00,2026-09-04,06:13:00,1132,1132,1131.9,1132,11582
2026-09-04T06:14:00+00:00,2026-09-04,06:14:00,1132,1132,1131.9,1131.9,13409
2026-09-04T06:15:00+00:00,2026-09-04,06:15:00,1132,1132.6,1131.8,1132.5,43813
2026-09-04T06:16:00+00:00,2026-09-04,06:16:00,1132.6,1132.9,1132.5,1132.8,7950
2026-09-04T06:17:00+00:00,2026-09-04,06:17:00,1132.9,1132.9,1132.1,1132.9,22960
2026-09-04T06:18:00+00:00,2026-09-04,06:18:00,1132.9,1133,1131.3,1131.3,27061
2026-09-04T06:19:00+00:00,2026-09-04,06:19:00,1131.7,1132.4,1131.7,1132.2,11039
2026-09-04T06:20:00+00:00,2026-09-04,06:20:00,1132.4,1133.2,1132.2,1133.1,32784
2026-09-04T06:21:00+00:00,2026-09-04,06:21:00,1133.2,1133.2,1132.5,1132.8,17032
2026-09-04T06:22:00+00:00,2026-09-04,06:22:00,1132.8,1133.2,1132.8,1133,17341
2026-09-04T06:23:00+00:00,2026-09-04,06:23:00,1133,1133,1132.3,1132.7,11923
2026-09-04T06:24:00+00:00,2026-09-04,06:24:00,1132.7,1132.8,1132,1132.5,19571
2026-09-04T06:25:00+00:00,2026-09-04,06:25:00,1132.4,1132.7,1131.9,1131.9,11826
2026-09-04T06:26:00+00:00,2026-09-04,06:26:00,1132,1132.1,1131.4,1131.8,7076
2026-09-04T06:27:00+00:00,2026-09-04,06:27:00,1131.6,1132.5,1131.5,1132.2,11971
2026-09-04T06:28:00+00:00,2026-09-04,06:28:00,1132.2,1132.5,1131.9,1132,13205
2026-09-04T06:29:00+00:00,2026-09-04,06:29:00,1132.2,1132.8,1132,1132.2,9486
2026-09-04T06:30:00+00:00,2026-09-04,06:30:00,1132.6,1132.6,1132,1132.4,7544
2026-09-04T06:31:00+00:00,2026-09-04,06:31:00,1132.4,1132.7,1132.3,1132.5,7165
2026-09-04T06:32:00+00:00,2026-09-04,06:32:00,1132.5,1132.8,1132.1,1132.6,8464
2026-09-04T06:33:00+00:00,2026-09-04,06:33:00,1132.7,1132.9,1132,1132.2,14757
2026-09-04T06:34:00+00:00,2026-09-04,06:34:00,1132.2,1132.6,1131.8,1132.4,13202
2026-09-04T06:35:00+00:00,2026-09-04,06:35:00,1132.3,1132.5,1131.6,1132,8769
2026-09-04T06:36:00+00:00,2026-09-04,06:36:00,1132,1132.3,1131.9,1131.9,5780
2026-09-04T06:37:00+00:00,2026-09-04,06:37:00,1132.1,1132.1,1131.4,1131.9,6449
2026-09-04T06:38:00+00:00,2026-09-04,06:38:00,1131.9,1132.1,1131.8,1132,7737
2026-09-04T06:39:00+00:00,2026-09-04,06:39:00,1132.1,1132.2,1131.9,1132.2,9821
2026-09-04T06:40:00+00:00,2026-09-04,06:40:00,1132.1,1132.7,1131.7,1132,20588
2026-09-04T06:41:00+00:00,2026-09-04,06:41:00,1132,1132.8,1131.5,1132.6,10056
2026-09-04T06:42:00+00:00,2026-09-04,06:42:00,1132.9,1133.2,1132.6,1132.6,17793
2026-09-04T06:43:00+00:00,2026-09-04,06:43:00,1132.9,1133.4,1132.6,1133.3,13916
2026-09-04T06:44:00+00:00,2026-09-04,06:44:00,1133.3,1133.4,1132.9,1133.2,13371
2026-09-04T06:45:00+00:00,2026-09-04,06:45:00,1133.2,1133.2,1132.7,1133.1,17261
2026-09-04T06:46:00+00:00,2026-09-04,06:46:00,1133.2,1133.2,1132.7,1132.9,6954
2026-09-04T06:47:00+00:00,2026-09-04,06:47:00,1133.1,1133.4,1133,1133.1,10864
2026-09-04T06:48:00+00:00,2026-09-04,06:48:00,1133.4,1133.4,1133,1133.1,7357
2026-09-04T06:49:00+00:00,2026-09-04,06:49:00,1133,1133,1131.6,1131.8,25471
2026-09-04T06:50:00+00:00,2026-09-04,06:50:00,1132,1132.2,1131.9,1131.9,9102
2026-09-04T06:51:00+00:00,2026-09-04,06:51:00,1132,1132.3,1131.9,1132.3,6757
2026-09-04T06:52:00+00:00,2026-09-04,06:52:00,1132.4,1132.6,1132,1132,7013
2026-09-04T06:53:00+00:00,2026-09-04,06:53:00,1132.2,1132.2,1131.5,1132,5824
2026-09-04T06:54:00+00:00,2026-09-04,06:54:00,1132,1132.5,1131.5,1131.8,10641
2026-09-04T06:55:00+00:00,2026-09-04,06:55:00,1131.8,1132.1,1131.7,1132,4415
2026-09-04T06:56:00+00:00,2026-09-04,06:56:00,1132.1,1132.2,1131.7,1132,6283
2026-09-04T06:57:00+00:00,2026-09-04,06:57:00,1132.1,1132.1,1131.5,1131.8,5268
2026-09-04T06:58:00+00:00,2026-09-04,06:58:00,1132,1132,1131.6,1132,5888
2026-09-04T06:59:00+00:00,2026-09-04,06:59:00,1132,1132,1131.3,1131.3,7262
2026-09-04T07:00:00+00:00,2026-09-04,07:00:00,1131.4,1131.5,1131,1131.5,6969
2026-09-04T07:01:00+00:00,2026-09-04,07:01:00,1131.5,1131.8,1131.3,1131.7,4767
2026-09-04T07:02:00+00:00,2026-09-04,07:02:00,1131.7,1131.7,1131,1131,6469
2026-09-04T07:03:00+00:00,2026-09-04,07:03:00,1131.2,1131.4,1131,1131,6177
2026-09-04T07:04:00+00:00,2026-09-04,07:04:00,1131.3,1131.6,1131,1131.1,5185
2026-09-04T07:05:00+00:00,2026-09-04,07:05:00,1131.5,1131.7,1131,1131.7,8920
2026-09-04T07:06:00+00:00,2026-09-04,07:06:00,1131.7,1131.7,1131,1131.3,4222
2026-09-04T07:07:00+00:00,2026-09-04,07:07:00,1131.3,1131.5,1131,1131.5,4640
2026-09-04T07:08:00+00:00,2026-09-04,07:08:00,1131.5,1131.5,1131,1131.4,7566
2026-09-04T07:09:00+00:00,2026-09-04,07:09:00,1131.5,1131.7,1131.4,1131.4,3592
2026-09-04T07:10:00+00:00,2026-09-04,07:10:00,1131.7,1132,1131.4,1132,11186
2026-09-04T07:11:00+00:00,2026-09-04,07:11:00,1132,1132,1131.6,1131.8,5504
2026-09-04T07:12:00+00:00,2026-09-04,07:12:00,1132,1132,1131.6,1131.8,6225
2026-09-04T07:13:00+00:00,2026-09-04,07:13:00,1132,1132,1131.4,1131.8,5046
2026-09-04T07:14:00+00:00,2026-09-04,07:14:00,1131.8,1131.8,1131.1,1131.7,9318
2026-09-04T07:15:00+00:00,2026-09-04,07:15:00,1131.8,1131.8,1131.5,1131.8,6004
2026-09-04T07:16:00+00:00,2026-09-04,07:16:00,1131.8,1131.9,1131.3,1131.7,6705
2026-09-04T07:17:00+00:00,2026-09-04,07:17:00,1131.7,1131.9,1131.3,1131.7,6313
2026-09-04T07:18:00+00:00,2026-09-04,07:18:00,1131.9,1132,1131.7,1131.8,5221
2026-09-04T07:19:00+00:00,2026-09-04,07:19:00,1132,1132,1131.5,1131.7,9173
2026-09-04T07:20:00+00:00,2026-09-04,07:20:00,1132,1132,1131.7,1132,5138
2026-09-04T07:21:00+00:00,2026-09-04,07:21:00,1132,1132.1,1131.7,1131.9,6707
2026-09-04T07:22:00+00:00,2026-09-04,07:22:00,1132.1,1132.2,1131.7,1131.7,8299
2026-09-04T07:23:00+00:00,2026-09-04,07:23:00,1132,1132,1131.7,1132,4892
2026-09-04T07:24:00+00:00,2026-09-04,07:24:00,1132,1132,1131.2,1131.5,14646
2026-09-04T07:25:00+00:00,2026-09-04,07:25:00,1131.6,1131.8,1131.4,1131.7,5162
2026-09-04T07:26:00+00:00,2026-09-04,07:26:00,1131.8,1132.1,1131.4,1131.8,7707
2026-09-04T07:27:00+00:00,2026-09-04,07:27:00,1132.1,1132.1,1131.4,1131.9,4323
2026-09-04T07:28:00+00:00,2026-09-04,07:28:00,1131.9,1132,1131.6,1132,4407
2026-09-04T07:29:00+00:00,2026-09-04,07:29:00,1132,1132.2,1131.8,1132,7039
2026-09-04T07:30:00+00:00,2026-09-04,07:30:00,1132.3,1132.3,1132,1132.1,9845
2026-09-04T07:31:00+00:00,2026-09-04,07:31:00,1132.2,1132.3,1132,1132,9795
2026-09-04T07:32:00+00:00,2026-09-04,07:32:00,1132.2,1132.3,1132,1132,7854
2026-09-04T07:33:00+00:00,2026-09-04,07:33:00,1132,1132.3,1132,1132.1,9093
2026-09-04T07:34:00+00:00,2026-09-04,07:34:00,1132.2,1132.3,1131.5,1131.5,10406
2026-09-04T07:35:00+00:00,2026-09-04,07:35:00,1131.8,1131.9,1131.4,1131.9,3548
2026-09-04T07:36:00+00:00,2026-09-04,07:36:00,1131.9,1132.3,1131.7,1132.2,8817
2026-09-04T07:37:00+00:00,2026-09-04,07:37:00,1132.2,1132.3,1132.1,1132.3,9249
2026-09-04T07:38:00+00:00,2026-09-04,07:38:00,1132.2,1132.2,1131.5,1131.8,4963
2026-09-04T07:39:00+00:00,2026-09-04,07:39:00,1131.8,1132,1131.7,1132,5127
2026-09-04T07:40:00+00:00,2026-09-04,07:40:00,1132,1132.3,1131.9,1132,7347
2026-09-04T07:41:00+00:00,2026-09-04,07:41:00,1132.3,1132.3,1131.4,1131.5,14048
2026-09-04T07:42:00+00:00,2026-09-04,07:42:00,1131.8,1131.8,1131.1,1131.6,8584
2026-09-04T07:43:00+00:00,2026-09-04,07:43:00,1131.2,1131.7,1130.7,1131.2,41254
2026-09-04T07:44:00+00:00,2026-09-04,07:44:00,1131.2,1132,1131,1131.3,18291
2026-09-04T07:45:00+00:00,2026-09-04,07:45:00,1131.7,1131.7,1131,1131.3,5714
2026-09-04T07:46:00+00:00,2026-09-04,07:46:00,1131.5,1131.7,1131,1131.3,10654
2026-09-04T07:47:00+00:00,2026-09-04,07:47:00,1131.3,1131.8,1131.3,1131.6,4671
2026-09-04T07:48:00+00:00,2026-09-04,07:48:00,1131.6,1131.8,1131.4,1131.4,7220
2026-09-04T07:49:00+00:00,2026-09-04,07:49:00,1131.1,1131.6,1131.1,1131.3,4575
2026-09-04T07:50:00+00:00,2026-09-04,07:50:00,1131.6,1131.7,1131.2,1131.7,8982
2026-09-04T07:51:00+00:00,2026-09-04,07:51:00,1131.3,1131.5,1131,1131,8869
2026-09-04T07:52:00+00:00,2026-09-04,07:52:00,1131.4,1131.5,1131,1131.2,7951
2026-09-04T07:53:00+00:00,2026-09-04,07:53:00,1131.4,1131.4,1129.6,1129.9,36911
2026-09-04T07:54:00+00:00,2026-09-04,07:54:00,1129.7,1130.8,1129.7,1130.2,37721
2026-09-04T07:55:00+00:00,2026-09-04,07:55:00,1130.7,1130.8,1130,1130.5,12095
2026-09-04T07:56:00+00:00,2026-09-04,07:56:00,1130.5,1130.9,1130.3,1130.8,16185
2026-09-04T07:57:00+00:00,2026-09-04,07:57:00,1130.8,1130.9,1130.3,1130.5,7295
2026-09-04T07:58:00+00:00,2026-09-04,07:58:00,1130.5,1130.7,1129.3,1129.7,29611
2026-09-04T07:59:00+00:00,2026-09-04,07:59:00,1129.8,1129.8,1129.1,1129.5,12104
2026-09-04T08:00:00+00:00,2026-09-04,08:00:00,1129.5,1129.9,1129.1,1129.7,8831
2026-09-04T08:01:00+00:00,2026-09-04,08:01:00,1129.7,1129.9,1128.3,1128.4,19978
2026-09-04T08:02:00+00:00,2026-09-04,08:02:00,1128.8,1128.8,1128,1128,18336
2026-09-04T08:03:00+00:00,2026-09-04,08:03:00,1128.4,1129.1,1128.1,1129.1,15440
2026-09-04T08:04:00+00:00,2026-09-04,08:04:00,1128.5,1129.1,1128.5,1129,7405
2026-09-04T08:05:00+00:00,2026-09-04,08:05:00,1129,1129.3,1129,1129.2,6847
2026-09-04T08:06:00+00:00,2026-09-04,08:06:00,1129,1129.4,1128.9,1129.3,7104
2026-09-04T08:07:00+00:00,2026-09-04,08:07:00,1129.3,1129.4,1128.8,1129.3,6857
2026-09-04T08:08:00+00:00,2026-09-04,08:08:00,1129.3,1129.4,1128.9,1129.3,3595
2026-09-04T08:09:00+00:00,2026-09-04,08:09:00,1129.4,1129.5,1128.9,1129.4,5465
2026-09-04T08:10:00+00:00,2026-09-04,08:10:00,1129.5,1129.5,1128.5,1128.5,19107
2026-09-04T08:11:00+00:00,2026-09-04,08:11:00,1128.9,1129,1128.5,1128.6,12272
2026-09-04T08:12:00+00:00,2026-09-04,08:12:00,1129,1129,1128.2,1129,14897
2026-09-04T08:13:00+00:00,2026-09-04,08:13:00,1129,1129.3,1128.6,1129,18275
2026-09-04T08:14:00+00:00,2026-09-04,08:14:00,1129.1,1129.6,1129,1129.4,6571
2026-09-04T08:15:00+00:00,2026-09-04,08:15:00,1129.4,1129.9,1129.3,1129.4,14649
2026-09-04T08:16:00+00:00,2026-09-04,08:16:00,1129.4,1129.8,1129.4,1129.8,6506
2026-09-04T08:17:00+00:00,2026-09-04,08:17:00,1129.8,1130,1129.6,1130,8529
2026-09-04T08:18:00+00:00,2026-09-04,08:18:00,1130,1130,1129.7,1130,6647
2026-09-04T08:19:00+00:00,2026-09-04,08:19:00,1129.9,1130,1129.7,1129.9,7467
2026-09-04T08:20:00+00:00,2026-09-04,08:20:00,1129.9,1130,1129.2,1129.9,21483
2026-09-04T08:21:00+00:00,2026-09-04,08:21:00,1129.9,1129.9,1129.1,1129.5,18750
2026-09-04T08:22:00+00:00,2026-09-04,08:22:00,1129.7,1130,1129.2,1129.9,5723
2026-09-04T08:23:00+00:00,2026-09-04,08:23:00,1130,1130,1129.5,1129.8,4788
2026-09-04T08:24:00+00:00,2026-09-04,08:24:00,1129.8,1129.8,1128.8,1129.5,13962
2026-09-04T08:25:00+00:00,2026-09-04,08:25:00,1129.4,1129.5,1129.1,1129.1,2859
2026-09-04T08:26:00+00:00,2026-09-04,08:26:00,1129.1,1129.3,1128.6,1128.9,5850
2026-09-04T08:27:00+00:00,2026-09-04,08:27:00,1129,1129.3,1128.6,1129.1,8570
2026-09-04T08:28:00+00:00,2026-09-04,08:28:00,1129.2,1129.4,1128.3,1128.6,14499
2026-09-04T08:29:00+00:00,2026-09-04,08:29:00,1128.6,1129,1128.3,1128.5,12149
2026-09-04T08:30:00+00:00,2026-09-04,08:30:00,1128.5,1129.2,1128.5,1128.8,6853
2026-09-04T08:31:00+00:00,2026-09-04,08:31:00,1129.2,1129.5,1128.7,1129.5,6255
2026-09-04T08:32:00+00:00,2026-09-04,08:32:00,1129.5,1129.6,1128.9,1129.5,6387
2026-09-04T08:33:00+00:00,2026-09-04,08:33:00,1129.6,1129.7,1129,1129.7,5633
2026-09-04T08:34:00+00:00,2026-09-04,08:34:00,1129.6,1129.8,1129.2,1129.3,9766
2026-09-04T08:35:00+00:00,2026-09-04,08:35:00,1129.3,1129.6,1129,1129.1,6598
2026-09-04T08:36:00+00:00,2026-09-04,08:36:00,1129.4,1129.7,1129,1129.5,7952
2026-09-04T08:37:00+00:00,2026-09-04,08:37:00,1129.7,1129.7,1129.2,1129.6,9332
2026-09-04T08:38:00+00:00,2026-09-04,08:38:00,1129.7,1129.7,1128.5,1129.3,16192
2026-09-04T08:39:00+00:00,2026-09-04,08:39:00,1129.4,1129.6,1128.9,1129.1,5115
2026-09-04T08:40:00+00:00,2026-09-04,08:40:00,1129.5,1129.6,1129,1129.4,11208
2026-09-04T08:41:00+00:00,2026-09-04,08:41:00,1129.4,1129.5,1128.8,1129.4,10252
2026-09-04T08:42:00+00:00,2026-09-04,08:42:00,1129.4,1129.6,1128.9,1129.5,8799
2026-09-04T08:43:00+00:00,2026-09-04,08:43:00,1129.5,1129.5,1128.9,1129.3,8779
2026-09-04T08:44:00+00:00,2026-09-04,08:44:00,1129.3,1129.3,1128.5,1129.1,11233
2026-09-04T08:45:00+00:00,2026-09-04,08:45:00,1129.1,1129.3,1128.7,1128.9,10503
2026-09-04T08:46:00+00:00,2026-09-04,08:46:00,1129.4,1129.5,1129,1129.4,2683
2026-09-04T08:47:00+00:00,2026-09-04,08:47:00,1129.4,1129.4,1128.5,1128.9,7315
2026-09-04T08:48:00+00:00,2026-09-04,08:48:00,1128.9,1129,1128.3,1128.3,10131
2026-09-04T08:49:00+00:00,2026-09-04,08:49:00,1128.7,1128.9,1128.2,1128.4,5891
2026-09-04T08:50:00+00:00,2026-09-04,08:50:00,1128.6,1129,1128.3,1128.9,10847
2026-09-04T08:51:00+00:00,2026-09-04,08:51:00,1128.9,1129.3,1128.6,1129.2,13459
2026-09-04T08:52:00+00:00,2026-09-04,08:52:00,1129.2,1129.3,1129,1129.1,3513
2026-09-04T08:53:00+00:00,2026-09-04,08:53:00,1129.1,1129.3,1128.7,1129.2,14710
2026-09-04T08:54:00+00:00,2026-09-04,08:54:00,1129.2,1129.2,1128.6,1129.1,12200
2026-09-04T08:55:00+00:00,2026-09-04,08:55:00,1128.7,1129.6,1128.5,1129.3,29070
2026-09-04T08:56:00+00:00,2026-09-04,08:56:00,1129.5,1129.6,1129,1129.5,15477
2026-09-04T08:57:00+00:00,2026-09-04,08:57:00,1129.5,1129.9,1129.1,1129.8,16025
2026-09-04T08:58:00+00:00,2026-09-04,08:58:00,1129.9,1130,1129.5,1129.9,7595
2026-09-04T08:59:00+00:00,2026-09-04,08:59:00,1130,1130.1,1129.3,1129.8,13244
2026-09-04T09:00:00+00:00,2026-09-04,09:00:00,1129.8,1130,1129.3,1129.9,12212
2026-09-04T09:01:00+00:00,2026-09-04,09:01:00,1130,1130.1,1129.5,1129.7,13310
2026-09-04T09:02:00+00:00,2026-09-04,09:02:00,1130,1130.3,1129.7,1130,7397
2026-09-04T09:03:00+00:00,2026-09-04,09:03:00,1130,1130.3,1129.3,1129.5,22303
2026-09-04T09:04:00+00:00,2026-09-04,09:04:00,1129.8,1129.8,1129.2,1129.3,14387
2026-09-04T09:05:00+00:00,2026-09-04,09:05:00,1129.3,1129.9,1129.3,1129.7,15296
2026-09-04T09:06:00+00:00,2026-09-04,09:06:00,1129.9,1129.9,1129.3,1129.3,12941
2026-09-04T09:07:00+00:00,2026-09-04,09:07:00,1129.6,1129.6,1128.9,1129.5,7999
2026-09-04T09:08:00+00:00,2026-09-04,09:08:00,1129.5,1129.9,1129.2,1129.5,8149
2026-09-04T09:09:00+00:00,2026-09-04,09:09:00,1129.7,1129.9,1128.8,1129.5,16116
2026-09-04T09:10:00+00:00,2026-09-04,09:10:00,1129.1,1129.8,1129,1129,13646
2026-09-04T09:11:00+00:00,2026-09-04,09:11:00,1129.4,1129.5,1128.9,1129,8661
2026-09-04T09:12:00+00:00,2026-09-04,09:12:00,1129,1129.4,1128.5,1128.7,16320
2026-09-04T09:13:00+00:00,2026-09-04,09:13:00,1129.1,1129.2,1128.4,1128.8,8623
2026-09-04T09:14:00+00:00,2026-09-04,09:14:00,1128.4,1128.8,1128.3,1128.6,10405
2026-09-04T09:15:00+00:00,2026-09-04,09:15:00,1128.6,1128.6,1127.2,1127.2,36226
2026-09-04T09:16:00+00:00,2026-09-04,09:16:00,1127.5,1128,1127.3,1127.9,14596
2026-09-04T09:17:00+00:00,2026-09-04,09:17:00,1127.9,1128,1127.5,1127.8,9577
2026-09-04T09:18:00+00:00,2026-09-04,09:18:00,1127.8,1128.4,1127.6,1127.8,15235
2026-09-04T09:19:00+00:00,2026-09-04,09:19:00,1127.5,1128,1127.3,1127.9,17197
2026-09-04T09:20:00+00:00,2026-09-04,09:20:00,1127.8,1127.9,1127,1127.2,20357
2026-09-04T09:21:00+00:00,2026-09-04,09:21:00,1127.2,1127.9,1127.1,1127.3,14429
2026-09-04T09:22:00+00:00,2026-09-04,09:22:00,1127.3,1127.8,1126.8,1126.8,28724
2026-09-04T09:23:00+00:00,2026-09-04,09:23:00,1126.8,1127.7,1126.8,1127.6,10559
2026-09-04T09:24:00+00:00,2026-09-04,09:24:00,1127.6,1128,1127.4,1127.9,15654
2026-09-04T09:25:00+00:00,2026-09-04,09:25:00,1127.9,1128.1,1127.2,1127.7,20673
2026-09-04T09:26:00+00:00,2026-09-04,09:26:00,1127.8,1128.3,1127.8,1128.2,9623
2026-09-04T09:27:00+00:00,2026-09-04,09:27:00,1128.3,1128.5,1128.2,1128.5,15692
2026-09-04T09:28:00+00:00,2026-09-04,09:28:00,1128.4,1129,1128,1128.4,26601
2026-09-04T09:29:00+00:00,2026-09-04,09:29:00,1128.4,1128.5,1127.9,1128.4,15046
2026-09-04T09:30:00+00:00,2026-09-04,09:30:00,1128,1128.9,1127.9,1128.7,19749
2026-09-04T09:31:00+00:00,2026-09-04,09:31:00,1128.9,1128.9,1128,1128.9,23481
2026-09-04T09:32:00+00:00,2026-09-04,09:32:00,1128.7,1129,1128.4,1128.9,20744
2026-09-04T09:33:00+00:00,2026-09-04,09:33:00,1128.8,1129,1128.4,1128.8,19857
2026-09-04T09:34:00+00:00,2026-09-04,09:34:00,1128.9,1128.9,1128.3,1128.6,22834
2026-09-04T09:35:00+00:00,2026-09-04,09:35:00,1128.7,1128.7,1128,1128.3,49497
2026-09-04T09:36:00+00:00,2026-09-04,09:36:00,1128.3,1128.5,1127.9,1128,40214
2026-09-04T09:37:00+00:00,2026-09-04,09:37:00,1128.2,1128.2,1127.5,1127.9,25115
2026-09-04T09:38:00+00:00,2026-09-04,09:38:00,1127.8,1128.5,1127.8,1128.5,42878
2026-09-04T09:39:00+00:00,2026-09-04,09:39:00,1128.5,1128.9,1128.1,1128.5,64352
2026-09-04T09:40:00+00:00,2026-09-04,09:40:00,1128.2,1128.5,1128,1128.4,75850
2026-09-04T09:41:00+00:00,2026-09-04,09:41:00,1128.3,1129.1,1128.3,1128.5,104187
2026-09-04T09:42:00+00:00,2026-09-04,09:42:00,1128.4,1129.2,1127.7,1128.5,160912
2026-09-04T09:43:00+00:00,2026-09-04,09:43:00,1128.5,1129.3,1128,1128.4,114291
2026-09-04T09:44:00+00:00,2026-09-04,09:44:00,1128.5,1129.3,1127.3,1128.5,58556
2026-09-04T09:45:00+00:00,2026-09-04,09:45:00,1128.5,1129.3,1127.3,1128.5,58556
2026-09-04T09:46:00+00:00,2026-09-04,09:46:00,1128.5,1129.3,1127.3,1128.5,58556
2026-09-04T09:47:00+00:00,2026-09-04,09:47:00,1128.5,1129.3,1127.3,1128.5,58556
2026-09-04T09:48:00+00:00,2026-09-04,09:48:00,1128.5,1129.3,1127.3,1128.5,58556
2026-09-04T09:49:00+00:00,2026-09-04,09:49:00,1128.5,1129.3,1127.3,1128.5,58556
2026-09-04T09:50:00+00:00,2026-09-04,09:50:00,1128.5,1129.3,1127.3,1128.5,58556
2026-09-04T09:51:00+00:00,2026-09-04,09:51:00,1128.5,1129.3,1127.3,1128.5,58556
2026-09-04T09:52:00+00:00,2026-09-04,09:52:00,1128.5,1129.3,1127.3,1128.5,58556
2026-09-04T09:53:00+00:00,2026-09-04,09:53:00,1128.5,1129.3,1127.3,1128.5,58556
2026-09-04T09:54:00+00:00,2026-09-04,09:54:00,1128.5,1129.3,1127.3,1128.5,58556
2026-09-04T09:55:00+00:00,2026-09-04,09:55:00,1128.5,1129.3,1127.3,1128.5,58556
2026-09-04T09:56:00+00:00,2026-09-04,09:56:00,1128.5,1129.3,1127.3,1128.5,58556
2026-09-04T09:57:00+00:00,2026-09-04,09:57:00,1128.5,1129.3,1127.3,1128.5,58556
2026-09-04T09:58:00+00:00,2026-09-04,09:58:00,1130,1130,1130,1130,0
2026-09-04T09:59:00+00:00,2026-09-04,09:59:00,1130,1130,1130,1130,0
2026-09-04T10:00:00+00:00,2026-09-04,10:00:00,1130,1130,1130,1130,0
2026-09-07T03:45:00+00:00,2026-09-07,03:45:00,1108,1109.5,1102.1,1104.6,171811
2026-09-07T03:46:00+00:00,2026-09-07,03:46:00,1104.4,1104.9,1100.5,1102.8,136882
2026-09-07T03:47:00+00:00,2026-09-07,03:47:00,1102.5,1105.8,1102.5,1105.5,72764
2026-09-07T03:48:00+00:00,2026-09-07,03:48:00,1105.4,1108.7,1105.4,1107,81446
2026-09-07T03:49:00+00:00,2026-09-07,03:49:00,1107.5,1109.6,1107,1109.6,49386
2026-09-07T03:50:00+00:00,2026-09-07,03:50:00,1109.9,1109.9,1105.6,1108,63804
2026-09-07T03:51:00+00:00,2026-09-07,03:51:00,1107.8,1108.2,1107.2,1107.7,34077
2026-09-07T03:52:00+00:00,2026-09-07,03:52:00,1107.7,1108.5,1107.5,1108.4,20105
2026-09-07T03:53:00+00:00,2026-09-07,03:53:00,1108.5,1108.5,1106.5,1106.5,44433
2026-09-07T03:54:00+00:00,2026-09-07,03:54:00,1106.9,1106.9,1104.4,1104.5,52852
2026-09-07T03:55:00+00:00,2026-09-07,03:55:00,1104.5,1104.5,1102.5,1103.9,69783
2026-09-07T03:56:00+00:00,2026-09-07,03:56:00,1103.5,1104.7,1103.1,1104.7,38334
2026-09-07T03:57:00+00:00,2026-09-07,03:57:00,1104.7,1105.6,1104.3,1104.3,37804
2026-09-07T03:58:00+00:00,2026-09-07,03:58:00,1104.5,1105.1,1104,1105,44263
2026-09-07T03:59:00+00:00,2026-09-07,03:59:00,1105,1105.6,1104.6,1105.5,21706
2026-09-07T04:00:00+00:00,2026-09-07,04:00:00,1105.1,1105.4,1104,1104.1,74700
2026-09-07T04:01:00+00:00,2026-09-07,04:01:00,1104.5,1104.5,1102.5,1102.7,80011
2026-09-07T04:02:00+00:00,2026-09-07,04:02:00,1102.6,1103.4,1102.5,1103,20969
2026-09-07T04:03:00+00:00,2026-09-07,04:03:00,1103.2,1103.2,1101.6,1102.2,69158
2026-09-07T04:04:00+00:00,2026-09-07,04:04:00,1102.2,1102.5,1101.7,1102.4,32332
2026-09-07T04:05:00+00:00,2026-09-07,04:05:00,1102.4,1102.7,1101.7,1101.8,34867
2026-09-07T04:06:00+00:00,2026-09-07,04:06:00,1101.6,1102.5,1101.6,1102,31934
2026-09-07T04:07:00+00:00,2026-09-07,04:07:00,1101.9,1102.4,1100.3,1100.7,88165
2026-09-07T04:08:00+00:00,2026-09-07,04:08:00,1100.7,1100.8,1100.2,1100.4,34752
2026-09-07T04:09:00+00:00,2026-09-07,04:09:00,1100.4,1100.7,1099.2,1099.9,112921
2026-09-07T04:10:00+00:00,2026-09-07,04:10:00,1100,1100.8,1099.9,1100.7,23309
2026-09-07T04:11:00+00:00,2026-09-07,04:11:00,1101,1101,1100.2,1100.9,22121
2026-09-07T04:12:00+00:00,2026-09-07,04:12:00,1100.9,1101.7,1100.7,1101,26305
2026-09-07T04:13:00+00:00,2026-09-07,04:13:00,1100.9,1101.4,1100.1,1101.4,23089
2026-09-07T04:14:00+00:00,2026-09-07,04:14:00,1101.3,1101.4,1100,1100.6,22467
2026-09-07T04:15:00+00:00,2026-09-07,04:15:00,1100.6,1101.6,1100.6,1101.3,26128
2026-09-07T04:16:00+00:00,2026-09-07,04:16:00,1100.9,1101.3,1100.5,1100.9,20386
2026-09-07T04:17:00+00:00,2026-09-07,04:17:00,1100.9,1101.5,1100.5,1101.3,20945
2026-09-07T04:18:00+00:00,2026-09-07,04:18:00,1101.5,1101.5,1100.2,1100.3,21252
2026-09-07T04:19:00+00:00,2026-09-07,04:19:00,1100.3,1100.7,1100.2,1100.6,16418
2026-09-07T04:20:00+00:00,2026-09-07,04:20:00,1100.7,1101.1,1100.6,1101.1,13910
2026-09-07T04:21:00+00:00,2026-09-07,04:21:00,1101.1,1102.1,1101.1,1101.6,18219
2026-09-07T04:22:00+00:00,2026-09-07,04:22:00,1102,1102.1,1101.6,1101.8,12689
2026-09-07T04:23:00+00:00,2026-09-07,04:23:00,1101.9,1102,1101.5,1101.8,7964
2026-09-07T04:24:00+00:00,2026-09-07,04:24:00,1101.8,1101.8,1101.3,1101.4,9117
2026-09-07T04:25:00+00:00,2026-09-07,04:25:00,1101.4,1102.8,1101,1102.2,24844
2026-09-07T04:26:00+00:00,2026-09-07,04:26:00,1102.2,1102.2,1101.3,1101.8,14008
2026-09-07T04:27:00+00:00,2026-09-07,04:27:00,1101.8,1102.4,1101.8,1102,15878
2026-09-07T04:28:00+00:00,2026-09-07,04:28:00,1102,1102,1101.5,1101.9,12291
2026-09-07T04:29:00+00:00,2026-09-07,04:29:00,1101.9,1102.1,1101.5,1102.1,16098
2026-09-07T04:30:00+00:00,2026-09-07,04:30:00,1102.1,1102.3,1101.6,1101.7,9943
2026-09-07T04:31:00+00:00,2026-09-07,04:31:00,1101.7,1101.7,1100.4,1100.4,32004
2026-09-07T04:32:00+00:00,2026-09-07,04:32:00,1100.4,1101,1100.2,1100.7,39784
2026-09-07T04:33:00+00:00,2026-09-07,04:33:00,1100.5,1101.1,1100.3,1100.8,13072
2026-09-07T04:34:00+00:00,2026-09-07,04:34:00,1100.5,1101,1100.4,1100.6,10592
2026-09-07T04:35:00+00:00,2026-09-07,04:35:00,1100.8,1100.8,1098.2,1098.9,111102
2026-09-07T04:36:00+00:00,2026-09-07,04:36:00,1098.9,1098.9,1098.5,1098.8,19799
2026-09-07T04:37:00+00:00,2026-09-07,04:37:00,1098.8,1101,1098.5,1101,25899
2026-09-07T04:38:00+00:00,2026-09-07,04:38:00,1101,1101.4,1100.8,1101.3,17963
2026-09-07T04:39:00+00:00,2026-09-07,04:39:00,1101.3,1101.3,1100.2,1100.4,22006
2026-09-07T04:40:00+00:00,2026-09-07,04:40:00,1100.4,1100.5,1100.2,1100.4,8687
2026-09-07T04:41:00+00:00,2026-09-07,04:41:00,1100.4,1100.9,1100.2,1100.7,14944
2026-09-07T04:42:00+00:00,2026-09-07,04:42:00,1100.7,1100.9,1099.5,1099.8,35379
2026-09-07T04:43:00+00:00,2026-09-07,04:43:00,1099.8,1100.2,1099.5,1100.2,7560
2026-09-07T04:44:00+00:00,2026-09-07,04:44:00,1100,1100.2,1099.7,1099.8,6329
2026-09-07T04:45:00+00:00,2026-09-07,04:45:00,1099.9,1099.9,1099.2,1099.4,14982
2026-09-07T04:46:00+00:00,2026-09-07,04:46:00,1099.5,1099.7,1098.1,1098.5,35273
2026-09-07T04:47:00+00:00,2026-09-07,04:47:00,1097.7,1097.8,1097.2,1097.2,37836
2026-09-07T04:48:00+00:00,2026-09-07,04:48:00,1097.2,1097.4,1096.5,1096.9,31067
2026-09-07T04:49:00+00:00,2026-09-07,04:49:00,1096.8,1097,1096.6,1096.9,14800
2026-09-07T04:50:00+00:00,2026-09-07,04:50:00,1096.9,1097.5,1096.8,1097.2,13358
2026-09-07T04:51:00+00:00,2026-09-07,04:51:00,1097.2,1097.8,1097.1,1097.6,11439
2026-09-07T04:52:00+00:00,2026-09-07,04:52:00,1097.8,1098.5,1097.7,1098.5,15011
2026-09-07T04:53:00+00:00,2026-09-07,04:53:00,1098.5,1098.5,1098.1,1098.3,9640
2026-09-07T04:54:00+00:00,2026-09-07,04:54:00,1098.3,1098.4,1097.5,1097.5,10451
2026-09-07T04:55:00+00:00,2026-09-07,04:55:00,1097.7,1097.7,1097,1097.3,14766
2026-09-07T04:56:00+00:00,2026-09-07,04:56:00,1097.3,1097.3,1097,1097.2,10986
2026-09-07T04:57:00+00:00,2026-09-07,04:57:00,1097.2,1097.3,1097,1097.1,8011
2026-09-07T04:58:00+00:00,2026-09-07,04:58:00,1097.1,1097.1,1096.5,1096.6,28228
2026-09-07T04:59:00+00:00,2026-09-07,04:59:00,1096.6,1097.1,1096,1096.2,19403
2026-09-07T05:00:00+00:00,2026-09-07,05:00:00,1096,1096.2,1095.6,1095.9,30036
2026-09-07T05:01:00+00:00,2026-09-07,05:01:00,1095.7,1096,1095.5,1095.6,24995
2026-09-07T05:02:00+00:00,2026-09-07,05:02:00,1095.7,1096.5,1095.5,1096.5,24444
2026-09-07T05:03:00+00:00,2026-09-07,05:03:00,1096.5,1096.8,1096.4,1096.6,10266
2026-09-07T05:04:00+00:00,2026-09-07,05:04:00,1096.7,1096.7,1096.6,1096.7,5347
2026-09-07T05:05:00+00:00,2026-09-07,05:05:00,1096.6,1096.7,1096.4,1096.7,12068
2026-09-07T05:06:00+00:00,2026-09-07,05:06:00,1096.7,1096.7,1096.4,1096.5,9814
2026-09-07T05:07:00+00:00,2026-09-07,05:07:00,1096.5,1097.9,1096.4,1097.9,21260
2026-09-07T05:08:00+00:00,2026-09-07,05:08:00,1097.9,1097.9,1097.1,1097.1,11582
2026-09-07T05:09:00+00:00,2026-09-07,05:09:00,1097.2,1097.4,1097,1097.2,6082
2026-09-07T05:10:00+00:00,2026-09-07,05:10:00,1097.2,1097.2,1095.8,1095.8,17354
2026-09-07T05:11:00+00:00,2026-09-07,05:11:00,1096,1096.3,1095.7,1096.3,23356
2026-09-07T05:12:00+00:00,2026-09-07,05:12:00,1096.1,1096.6,1096.1,1096.5,6012
2026-09-07T05:13:00+00:00,2026-09-07,05:13:00,1096.6,1097,1096.3,1096.5,17430
2026-09-07T05:14:00+00:00,2026-09-07,05:14:00,1096.5,1096.5,1095.6,1095.7,26859
2026-09-07T05:15:00+00:00,2026-09-07,05:15:00,1095.7,1095.7,1095.5,1095.7,7710
2026-09-07T05:16:00+00:00,2026-09-07,05:16:00,1095.7,1096,1095.5,1096,22549
2026-09-07T05:17:00+00:00,2026-09-07,05:17:00,1096,1096,1095.7,1095.9,6899
2026-09-07T05:18:00+00:00,2026-09-07,05:18:00,1096,1096.5,1095.9,1096.1,10123
2026-09-07T05:19:00+00:00,2026-09-07,05:19:00,1096.3,1096.3,1095.8,1096,10748
2026-09-07T05:20:00+00:00,2026-09-07,05:20:00,1096,1096.2,1095.6,1096.2,13965
2026-09-07T05:21:00+00:00,2026-09-07,05:21:00,1096.2,1096.4,1096,1096.2,7950
2026-09-07T05:22:00+00:00,2026-09-07,05:22:00,1096.2,1096.2,1096,1096.2,3033
2026-09-07T05:23:00+00:00,2026-09-07,05:23:00,1096.2,1096.2,1095.6,1095.6,9133
2026-09-07T05:24:00+00:00,2026-09-07,05:24:00,1095.6,1095.7,1095.5,1095.7,10360
2026-09-07T05:25:00+00:00,2026-09-07,05:25:00,1095.7,1095.7,1095.5,1095.6,5845
2026-09-07T05:26:00+00:00,2026-09-07,05:26:00,1095.6,1095.7,1095.5,1095.6,8508
2026-09-07T05:27:00+00:00,2026-09-07,05:27:00,1095.7,1095.7,1095.4,1095.7,9218
2026-09-07T05:28:00+00:00,2026-09-07,05:28:00,1095.7,1095.7,1095.5,1095.5,8387
2026-09-07T05:29:00+00:00,2026-09-07,05:29:00,1095.7,1095.7,1095.5,1095.6,6238
2026-09-07T05:30:00+00:00,2026-09-07,05:30:00,1095.6,1095.6,1094.1,1094.7,80605
2026-09-07T05:31:00+00:00,2026-09-07,05:31:00,1094.6,1094.7,1094.2,1094.6,13778
2026-09-07T05:32:00+00:00,2026-09-07,05:32:00,1094.4,1094.6,1094.2,1094.6,13144
2026-09-07T05:33:00+00:00,2026-09-07,05:33:00,1094.6,1094.6,1094.3,1094.5,6220
2026-09-07T05:34:00+00:00,2026-09-07,05:34:00,1094.5,1094.5,1094.2,1094.4,18524
2026-09-07T05:35:00+00:00,2026-09-07,05:35:00,1094.4,1094.4,1094,1094.2,19152
2026-09-07T05:36:00+00:00,2026-09-07,05:36:00,1094.2,1094.2,1093.1,1093.4,23837
2026-09-07T05:37:00+00:00,2026-09-07,05:37:00,1093.4,1093.6,1093,1093.2,21329
2026-09-07T05:38:00+00:00,2026-09-07,05:38:00,1093.3,1093.3,1093,1093,13203
2026-09-07T05:39:00+00:00,2026-09-07,05:39:00,1093.1,1093.1,1092.3,1092.7,37900
2026-09-07T05:40:00+00:00,2026-09-07,05:40:00,1092.7,1093.8,1092.6,1093.5,14686
2026-09-07T05:41:00+00:00,2026-09-07,05:41:00,1093.5,1093.6,1093,1093,26365
2026-09-07T05:42:00+00:00,2026-09-07,05:42:00,1093,1093.4,1092.8,1093.2,11183
2026-09-07T05:43:00+00:00,2026-09-07,05:43:00,1093.4,1093.4,1093,1093,11023
2026-09-07T05:44:00+00:00,2026-09-07,05:44:00,1093.2,1093.4,1092.8,1093.1,25211
2026-09-07T05:45:00+00:00,2026-09-07,05:45:00,1093.4,1093.4,1093,1093.3,10370
2026-09-07T05:46:00+00:00,2026-09-07,05:46:00,1093.4,1093.4,1092.6,1092.6,23384
2026-09-07T05:47:00+00:00,2026-09-07,05:47:00,1092.8,1092.8,1092.4,1092.5,26693
2026-09-07T05:48:00+00:00,2026-09-07,05:48:00,1092.8,1093,1092.5,1092.9,10372
2026-09-07T05:49:00+00:00,2026-09-07,05:49:00,1093,1093.4,1092.8,1093.2,11203
2026-09-07T05:50:00+00:00,2026-09-07,05:50:00,1093.2,1093.5,1093,1093.1,6829
2026-09-07T05:51:00+00:00,2026-09-07,05:51:00,1093.2,1093.6,1093,1093.3,6085
2026-09-07T05:52:00+00:00,2026-09-07,05:52:00,1093.4,1093.4,1092.6,1093.4,16944
2026-09-07T05:53:00+00:00,2026-09-07,05:53:00,1093.4,1093.4,1092.9,1093,7418
2026-09-07T05:54:00+00:00,2026-09-07,05:54:00,1092.9,1093,1092.5,1092.6,11747
2026-09-07T05:55:00+00:00,2026-09-07,05:55:00,1092.6,1092.6,1091.4,1091.8,59815
2026-09-07T05:56:00+00:00,2026-09-07,05:56:00,1092,1092.4,1091.6,1092,12689
2026-09-07T05:57:00+00:00,2026-09-07,05:57:00,1091.8,1092,1091.6,1091.9,9474
2026-09-07T05:58:00+00:00,2026-09-07,05:58:00,1091.9,1092.2,1091.7,1092,18437
2026-09-07T05:59:00+00:00,2026-09-07,05:59:00,1092,1092.2,1091.7,1091.7,5380
2026-09-07T06:00:00+00:00,2026-09-07,06:00:00,1091.8,1092.1,1091.6,1092,7388
2026-09-07T06:01:00+00:00,2026-09-07,06:01:00,1092,1092.7,1091.9,1092.1,17211
2026-09-07T06:02:00+00:00,2026-09-07,06:02:00,1092.1,1092.3,1091.8,1091.9,12416
2026-09-07T06:03:00+00:00,2026-09-07,06:03:00,1091.9,1091.9,1091.7,1091.8,9663
2026-09-07T06:04:00+00:00,2026-09-07,06:04:00,1091.9,1091.9,1091.7,1091.8,6143
2026-09-07T06:05:00+00:00,2026-09-07,06:05:00,1091.9,1091.9,1091.5,1091.7,8169
2026-09-07T06:06:00+00:00,2026-09-07,06:06:00,1091.8,1092,1091.6,1091.9,4833
2026-09-07T06:07:00+00:00,2026-09-07,06:07:00,1091.9,1092,1091.8,1091.9,8569
2026-09-07T06:08:00+00:00,2026-09-07,06:08:00,1091.9,1092.5,1091.9,1092.3,10950
2026-09-07T06:09:00+00:00,2026-09-07,06:09:00,1092.5,1092.5,1092,1092.1,4633
2026-09-07T06:10:00+00:00,2026-09-07,06:10:00,1092.1,1092.1,1092,1092.1,5777
2026-09-07T06:11:00+00:00,2026-09-07,06:11:00,1092,1092.1,1091.7,1092,12397
2026-09-07T06:12:00+00:00,2026-09-07,06:12:00,1092,1092.1,1091.8,1092.1,5418
2026-09-07T06:13:00+00:00,2026-09-07,06:13:00,1092.1,1092.3,1091.9,1092.1,6054
2026-09-07T06:14:00+00:00,2026-09-07,06:14:00,1092.1,1092.9,1092,1092.9,9421
2026-09-07T06:15:00+00:00,2026-09-07,06:15:00,1092.5,1092.6,1092,1092,7229
2026-09-07T06:16:00+00:00,2026-09-07,06:16:00,1092.3,1092.3,1091.5,1091.6,14236
2026-09-07T06:17:00+00:00,2026-09-07,06:17:00,1091.7,1091.7,1090.1,1090.2,50345
2026-09-07T06:18:00+00:00,2026-09-07,06:18:00,1090.2,1090.6,1090,1090.5,57424
2026-09-07T06:19:00+00:00,2026-09-07,06:19:00,1090.8,1090.8,1090.1,1090.6,12664
2026-09-07T06:20:00+00:00,2026-09-07,06:20:00,1090.5,1091,1090.1,1090.6,19330
2026-09-07T06:21:00+00:00,2026-09-07,06:21:00,1090.5,1090.9,1090.3,1090.7,7578
2026-09-07T06:22:00+00:00,2026-09-07,06:22:00,1090.8,1090.8,1090.5,1090.6,7165
2026-09-07T06:23:00+00:00,2026-09-07,06:23:00,1090.6,1090.6,1090,1090,33203
2026-09-07T06:24:00+00:00,2026-09-07,06:24:00,1090.1,1090.1,1089,1089.1,55879
2026-09-07T06:25:00+00:00,2026-09-07,06:25:00,1089.1,1089.8,1088.6,1089.2,55784
2026-09-07T06:26:00+00:00,2026-09-07,06:26:00,1089.2,1089.5,1089,1089.3,9638
2026-09-07T06:27:00+00:00,2026-09-07,06:27:00,1089.4,1089.7,1089.1,1089.7,10605
2026-09-07T06:28:00+00:00,2026-09-07,06:28:00,1089.7,1090.9,1089.7,1090,15646
2026-09-07T06:29:00+00:00,2026-09-07,06:29:00,1090.1,1090.5,1090,1090.1,5154
2026-09-07T06:30:00+00:00,2026-09-07,06:30:00,1090.1,1090.8,1089.7,1090.8,21886
2026-09-07T06:31:00+00:00,2026-09-07,06:31:00,1090.8,1091.1,1090.7,1090.8,11339
2026-09-07T06:32:00+00:00,2026-09-07,06:32:00,1090.9,1091.7,1090.6,1091.2,12141
2026-09-07T06:33:00+00:00,2026-09-07,06:33:00,1091.2,1091.2,1091.1,1091.2,4396
2026-09-07T06:34:00+00:00,2026-09-07,06:34:00,1091.1,1091.1,1090.4,1090.6,6204
2026-09-07T06:35:00+00:00,2026-09-07,06:35:00,1090.5,1090.8,1090.4,1090.8,14969
2026-09-07T06:36:00+00:00,2026-09-07,06:36:00,1090.8,1090.8,1090.3,1090.4,8511
2026-09-07T06:37:00+00:00,2026-09-07,06:37:00,1090.5,1090.5,1090,1090.2,6575
2026-09-07T06:38:00+00:00,2026-09-07,06:38:00,1090.2,1090.4,1089.9,1090,14074
2026-09-07T06:39:00+00:00,2026-09-07,06:39:00,1090,1090.5,1089.7,1090.3,7190
2026-09-07T06:40:00+00:00,2026-09-07,06:40:00,1089.9,1090.7,1089.9,1090.6,9422
2026-09-07T06:41:00+00:00,2026-09-07,06:41:00,1090.5,1090.6,1090,1090.1,8331
2026-09-07T06:42:00+00:00,2026-09-07,06:42:00,1090.1,1090.5,1090.1,1090.5,5181
2026-09-07T06:43:00+00:00,2026-09-07,06:43:00,1090.5,1090.6,1090.3,1090.6,5354
2026-09-07T06:44:00+00:00,2026-09-07,06:44:00,1090.6,1091.2,1090.5,1091,10672
2026-09-07T06:45:00+00:00,2026-09-07,06:45:00,1091.2,1091.4,1091,1091.4,6993
2026-09-07T06:46:00+00:00,2026-09-07,06:46:00,1091.4,1091.4,1090.6,1090.7,19741
2026-09-07T06:47:00+00:00,2026-09-07,06:47:00,1090.8,1091.1,1090.6,1090.9,8593
2026-09-07T06:48:00+00:00,2026-09-07,06:48:00,1090.9,1091.3,1090.8,1091,6195
2026-09-07T06:49:00+00:00,2026-09-07,06:49:00,1091.1,1091.4,1091,1091.3,10661
2026-09-07T06:50:00+00:00,2026-09-07,06:50:00,1091.3,1091.7,1091.2,1091.7,9059
2026-09-07T06:51:00+00:00,2026-09-07,06:51:00,1091.5,1091.5,1091.1,1091.1,7804
2026-09-07T06:52:00+00:00,2026-09-07,06:52:00,1091.1,1091.2,1090.7,1090.7,10318
2026-09-07T06:53:00+00:00,2026-09-07,06:53:00,1090.7,1091.2,1090.7,1091.1,7374
2026-09-07T06:54:00+00:00,2026-09-07,06:54:00,1091.1,1091.2,1091,1091.1,3947
2026-09-07T06:55:00+00:00,2026-09-07,06:55:00,1091.2,1091.2,1091,1091.1,2499
2026-09-07T06:56:00+00:00,2026-09-07,06:56:00,1091.1,1091.2,1090.8,1091.2,9230
2026-09-07T06:57:00+00:00,2026-09-07,06:57:00,1091.2,1091.5,1091,1091.3,8096
2026-09-07T06:58:00+00:00,2026-09-07,06:58:00,1091.2,1091.4,1090.8,1091,9037
2026-09-07T06:59:00+00:00,2026-09-07,06:59:00,1091,1091,1090.9,1091,4674
2026-09-07T07:00:00+00:00,2026-09-07,07:00:00,1091,1091.1,1090.8,1091,8793
2026-09-07T07:01:00+00:00,2026-09-07,07:01:00,1091,1091,1090.6,1091,5165
2026-09-07T07:02:00+00:00,2026-09-07,07:02:00,1090.6,1091,1090.6,1090.7,3912
2026-09-07T07:03:00+00:00,2026-09-07,07:03:00,1090.7,1091,1090.6,1091,36661
2026-09-07T07:04:00+00:00,2026-09-07,07:04:00,1091,1091,1090.5,1090.6,9756
2026-09-07T07:05:00+00:00,2026-09-07,07:05:00,1090.6,1091.5,1090.5,1091.5,15711
2026-09-07T07:06:00+00:00,2026-09-07,07:06:00,1091.5,1091.7,1091,1091.4,9015
2026-09-07T07:07:00+00:00,2026-09-07,07:07:00,1091.4,1091.6,1091.1,1091.1,15296
2026-09-07T07:08:00+00:00,2026-09-07,07:08:00,1091.3,1091.3,1090.5,1090.5,15400
2026-09-07T07:09:00+00:00,2026-09-07,07:09:00,1090.8,1090.8,1090.2,1090.3,13472
2026-09-07T07:10:00+00:00,2026-09-07,07:10:00,1090.6,1091.2,1090.5,1090.9,12012
2026-09-07T07:11:00+00:00,2026-09-07,07:11:00,1091.2,1091.4,1090.7,1091.3,13794
2026-09-07T07:12:00+00:00,2026-09-07,07:12:00,1091.3,1091.3,1090.2,1090.4,19003
2026-09-07T07:13:00+00:00,2026-09-07,07:13:00,1090.6,1090.7,1090.4,1090.4,4538
2026-09-07T07:14:00+00:00,2026-09-07,07:14:00,1090.7,1090.7,1090.4,1090.5,4711
2026-09-07T07:15:00+00:00,2026-09-07,07:15:00,1090.7,1090.7,1090.5,1090.7,2822
2026-09-07T07:16:00+00:00,2026-09-07,07:16:00,1090.5,1090.7,1090.5,1090.7,3117
2026-09-07T07:17:00+00:00,2026-09-07,07:17:00,1090.7,1090.7,1090.5,1090.6,3771
2026-09-07T07:18:00+00:00,2026-09-07,07:18:00,1090.6,1090.6,1090.4,1090.5,6377
2026-09-07T07:19:00+00:00,2026-09-07,07:19:00,1090.5,1090.5,1090.2,1090.4,8564
2026-09-07T07:20:00+00:00,2026-09-07,07:20:00,1090.4,1090.5,1090.2,1090.3,7182
2026-09-07T07:21:00+00:00,2026-09-07,07:21:00,1090.2,1090.2,1088.9,1088.9,98410
2026-09-07T07:22:00+00:00,2026-09-07,07:22:00,1088.9,1088.9,1088.2,1088.6,19434
2026-09-07T07:23:00+00:00,2026-09-07,07:23:00,1088.5,1088.6,1088.1,1088.4,20495
2026-09-07T07:24:00+00:00,2026-09-07,07:24:00,1088.4,1088.4,1088.1,1088.3,7193
2026-09-07T07:25:00+00:00,2026-09-07,07:25:00,1088.3,1088.3,1088,1088,12411
2026-09-07T07:26:00+00:00,2026-09-07,07:26:00,1088.1,1088.2,1087.5,1087.6,37712
2026-09-07T07:27:00+00:00,2026-09-07,07:27:00,1087.7,1088,1087.2,1088,29438
2026-09-07T07:28:00+00:00,2026-09-07,07:28:00,1087.5,1087.9,1087.5,1087.9,3590
2026-09-07T07:29:00+00:00,2026-09-07,07:29:00,1087.9,1088,1087.8,1088,6199
2026-09-07T07:30:00+00:00,2026-09-07,07:30:00,1088,1088.4,1088,1088.3,14897
2026-09-07T07:31:00+00:00,2026-09-07,07:31:00,1088.3,1089,1088.3,1088.5,19143
2026-09-07T07:32:00+00:00,2026-09-07,07:32:00,1088.5,1088.6,1088.2,1088.2,11351
2026-09-07T07:33:00+00:00,2026-09-07,07:33:00,1088.2,1088.3,1088.1,1088.1,5404
2026-09-07T07:34:00+00:00,2026-09-07,07:34:00,1088.1,1088.3,1088,1088.3,7626
2026-09-07T07:35:00+00:00,2026-09-07,07:35:00,1088.3,1088.3,1088.1,1088.1,4897
2026-09-07T07:36:00+00:00,2026-09-07,07:36:00,1088.2,1088.4,1088.1,1088.4,4876
2026-09-07T07:37:00+00:00,2026-09-07,07:37:00,1088.4,1088.4,1087.5,1087.9,47434
2026-09-07T07:38:00+00:00,2026-09-07,07:38:00,1088.4,1089.4,1087.7,1089.4,36594
2026-09-07T07:39:00+00:00,2026-09-07,07:39:00,1089.4,1089.5,1089.1,1089.3,6372
2026-09-07T07:40:00+00:00,2026-09-07,07:40:00,1089.4,1089.5,1089.2,1089.2,5731
2026-09-07T07:41:00+00:00,2026-09-07,07:41:00,1089.3,1089.4,1089.1,1089.2,9366
2026-09-07T07:42:00+00:00,2026-09-07,07:42:00,1089.3,1089.3,1089,1089.1,5479
2026-09-07T07:43:00+00:00,2026-09-07,07:43:00,1089.2,1090.3,1089.1,1090,15364
2026-09-07T07:44:00+00:00,2026-09-07,07:44:00,1090.3,1090.3,1089.2,1089.4,10967
2026-09-07T07:45:00+00:00,2026-09-07,07:45:00,1089.5,1089.9,1089.3,1089.8,9768
2026-09-07T07:46:00+00:00,2026-09-07,07:46:00,1089.8,1089.8,1089.4,1089.7,5357
2026-09-07T07:47:00+00:00,2026-09-07,07:47:00,1089.7,1089.8,1089.2,1089.5,10808
2026-09-07T07:48:00+00:00,2026-09-07,07:48:00,1089.5,1089.5,1088.4,1088.5,9975
2026-09-07T07:49:00+00:00,2026-09-07,07:49:00,1088.5,1088.8,1088.5,1088.6,2973
2026-09-07T07:50:00+00:00,2026-09-07,07:50:00,1088.6,1088.8,1088.5,1088.6,3374
2026-09-07T07:51:00+00:00,2026-09-07,07:51:00,1088.8,1088.8,1088.5,1088.8,6443
2026-09-07T07:52:00+00:00,2026-09-07,07:52:00,1088.8,1088.9,1088.5,1088.9,10171
2026-09-07T07:53:00+00:00,2026-09-07,07:53:00,1088.9,1088.9,1088.6,1088.7,3801
2026-09-07T07:54:00+00:00,2026-09-07,07:54:00,1088.8,1088.8,1088.5,1088.5,6919
2026-09-07T07:55:00+00:00,2026-09-07,07:55:00,1088.7,1088.8,1088.4,1088.5,13122
2026-09-07T07:56:00+00:00,2026-09-07,07:56:00,1088.6,1088.6,1088.3,1088.6,8772
2026-09-07T07:57:00+00:00,2026-09-07,07:57:00,1088.5,1088.6,1088.4,1088.5,5444
2026-09-07T07:58:00+00:00,2026-09-07,07:58:00,1088.5,1088.6,1088.4,1088.5,3608
2026-09-07T07:59:00+00:00,2026-09-07,07:59:00,1088.5,1088.5,1088,1088.1,9346
2026-09-07T08:00:00+00:00,2026-09-07,08:00:00,1088.1,1088.1,1087.9,1088,7837
2026-09-07T08:01:00+00:00,2026-09-07,08:01:00,1088,1088,1087.4,1087.5,9984
2026-09-07T08:02:00+00:00,2026-09-07,08:02:00,1087.7,1087.8,1087.5,1087.6,10353
2026-09-07T08:03:00+00:00,2026-09-07,08:03:00,1087.7,1087.9,1087.6,1087.7,6026
2026-09-07T08:04:00+00:00,2026-09-07,08:04:00,1087.7,1087.7,1087.3,1087.3,13124
2026-09-07T08:05:00+00:00,2026-09-07,08:05:00,1087.4,1087.6,1087.2,1087.5,10127
2026-09-07T08:06:00+00:00,2026-09-07,08:06:00,1087.6,1087.8,1087.5,1087.8,5788
2026-09-07T08:07:00+00:00,2026-09-07,08:07:00,1087.7,1087.8,1087.6,1087.8,4908
2026-09-07T08:08:00+00:00,2026-09-07,08:08:00,1087.8,1087.9,1087.7,1087.8,6056
2026-09-07T08:09:00+00:00,2026-09-07,08:09:00,1087.8,1088,1087.8,1087.9,6415
2026-09-07T08:10:00+00:00,2026-09-07,08:10:00,1088,1088.1,1087.9,1088,7079
2026-09-07T08:11:00+00:00,2026-09-07,08:11:00,1088,1088.1,1087.9,1088,5171
2026-09-07T08:12:00+00:00,2026-09-07,08:12:00,1088.1,1088.1,1088,1088,5149
2026-09-07T08:13:00+00:00,2026-09-07,08:13:00,1088.1,1088.1,1088,1088.1,6064
2026-09-07T08:14:00+00:00,2026-09-07,08:14:00,1088.1,1088.3,1088,1088.3,13656
2026-09-07T08:15:00+00:00,2026-09-07,08:15:00,1088.3,1088.4,1088.1,1088.3,7452
2026-09-07T08:16:00+00:00,2026-09-07,08:16:00,1088.3,1088.5,1088.3,1088.4,6370
2026-09-07T08:17:00+00:00,2026-09-07,08:17:00,1088.5,1088.9,1088.4,1088.8,11333
2026-09-07T08:18:00+00:00,2026-09-07,08:18:00,1088.9,1088.9,1088.5,1088.8,7362
2026-09-07T08:19:00+00:00,2026-09-07,08:19:00,1088.7,1088.8,1088.6,1088.7,4210
2026-09-07T08:20:00+00:00,2026-09-07,08:20:00,1088.7,1088.7,1088.1,1088.2,8314
2026-09-07T08:21:00+00:00,2026-09-07,08:21:00,1088.4,1088.7,1088.2,1088.7,13802
2026-09-07T08:22:00+00:00,2026-09-07,08:22:00,1088.6,1088.9,1088.5,1088.9,4259
2026-09-07T08:23:00+00:00,2026-09-07,08:23:00,1088.9,1090,1088.8,1089.8,12873
2026-09-07T08:24:00+00:00,2026-09-07,08:24:00,1089.7,1089.8,1089.6,1089.8,7441
2026-09-07T08:25:00+00:00,2026-09-07,08:25:00,1089.8,1089.8,1089.6,1089.7,5714
2026-09-07T08:26:00+00:00,2026-09-07,08:26:00,1089.7,1089.7,1089.2,1089.5,9710
2026-09-07T08:27:00+00:00,2026-09-07,08:27:00,1089.5,1089.6,1089.1,1089.1,6233
2026-09-07T08:28:00+00:00,2026-09-07,08:28:00,1089.3,1089.3,1089.1,1089.1,6449
2026-09-07T08:29:00+00:00,2026-09-07,08:29:00,1089.1,1089.3,1089,1089.1,4085
2026-09-07T08:30:00+00:00,2026-09-07,08:30:00,1089.2,1089.2,1089,1089.2,7186
2026-09-07T08:31:00+00:00,2026-09-07,08:31:00,1089,1089.2,1089,1089,4328
2026-09-07T08:32:00+00:00,2026-09-07,08:32:00,1089.1,1089.3,1089,1089.3,7794
2026-09-07T08:33:00+00:00,2026-09-07,08:33:00,1089.2,1089.7,1089.2,1089.7,6964
2026-09-07T08:34:00+00:00,2026-09-07,08:34:00,1089.6,1089.7,1089.1,1089.1,9853
2026-09-07T08:35:00+00:00,2026-09-07,08:35:00,1089.1,1089.4,1089,1089.3,5048
2026-09-07T08:36:00+00:00,2026-09-07,08:36:00,1089.3,1089.3,1088.1,1088.3,29064
2026-09-07T08:37:00+00:00,2026-09-07,08:37:00,1088.3,1088.4,1088,1088.1,5959
2026-09-07T08:38:00+00:00,2026-09-07,08:38:00,1088.1,1088.5,1088,1088.4,14706
2026-09-07T08:39:00+00:00,2026-09-07,08:39:00,1088.5,1089.1,1088.4,1089,9178
2026-09-07T08:40:00+00:00,2026-09-07,08:40:00,1089,1089.2,1088.9,1089,3527
2026-09-07T08:41:00+00:00,2026-09-07,08:41:00,1089.2,1089.2,1088.9,1088.9,5113
2026-09-07T08:42:00+00:00,2026-09-07,08:42:00,1089,1089.1,1088.7,1088.8,14496
2026-09-07T08:43:00+00:00,2026-09-07,08:43:00,1088.7,1088.9,1088.6,1088.6,4764
2026-09-07T08:44:00+00:00,2026-09-07,08:44:00,1088.8,1089.3,1088.7,1089.3,10716
2026-09-07T08:45:00+00:00,2026-09-07,08:45:00,1089.3,1089.3,1089,1089,9323
2026-09-07T08:46:00+00:00,2026-09-07,08:46:00,1088.9,1089,1088.1,1088.2,56188
2026-09-07T08:47:00+00:00,2026-09-07,08:47:00,1088.2,1088.5,1088.1,1088.2,13112
2026-09-07T08:48:00+00:00,2026-09-07,08:48:00,1088.2,1088.2,1087.5,1088,24551
2026-09-07T08:49:00+00:00,2026-09-07,08:49:00,1087.8,1088.6,1087.8,1088.6,15029
2026-09-07T08:50:00+00:00,2026-09-07,08:50:00,1088.9,1088.9,1088.5,1088.5,3682
2026-09-07T08:51:00+00:00,2026-09-07,08:51:00,1088.8,1088.8,1088.5,1088.7,2538
2026-09-07T08:52:00+00:00,2026-09-07,08:52:00,1088.7,1089.1,1088.5,1088.9,13636
2026-09-07T08:53:00+00:00,2026-09-07,08:53:00,1089,1089.1,1088.6,1089.1,11247
2026-09-07T08:54:00+00:00,2026-09-07,08:54:00,1089.1,1089.4,1088.8,1088.9,10677
2026-09-07T08:55:00+00:00,2026-09-07,08:55:00,1088.9,1089.3,1088.5,1088.9,8021
2026-09-07T08:56:00+00:00,2026-09-07,08:56:00,1089,1089.5,1088.8,1089.3,13634
2026-09-07T08:57:00+00:00,2026-09-07,08:57:00,1089.2,1090.4,1089.2,1089.9,40958
2026-09-07T08:58:00+00:00,2026-09-07,08:58:00,1089.7,1089.9,1089.5,1089.6,9526
2026-09-07T08:59:00+00:00,2026-09-07,08:59:00,1089.6,1089.8,1089.5,1089.8,9826
2026-09-07T09:00:00+00:00,2026-09-07,09:00:00,1089.9,1089.9,1089.3,1089.4,14393
2026-09-07T09:01:00+00:00,2026-09-07,09:01:00,1089.7,1089.9,1089.4,1089.5,11914
2026-09-07T09:02:00+00:00,2026-09-07,09:02:00,1089.5,1089.7,1089.3,1089.3,10707
2026-09-07T09:03:00+00:00,2026-09-07,09:03:00,1089.5,1089.7,1089,1089.1,23725
2026-09-07T09:04:00+00:00,2026-09-07,09:04:00,1089.2,1089.2,1088.1,1088.3,23663
2026-09-07T09:05:00+00:00,2026-09-07,09:05:00,1088.7,1089,1088.4,1088.4,9047
2026-09-07T09:06:00+00:00,2026-09-07,09:06:00,1088.4,1088.7,1088.4,1088.5,13478
2026-09-07T09:07:00+00:00,2026-09-07,09:07:00,1088.5,1088.5,1088.2,1088.3,10604
2026-09-07T09:08:00+00:00,2026-09-07,09:08:00,1088.3,1088.4,1088,1088.2,18294
2026-09-07T09:09:00+00:00,2026-09-07,09:09:00,1088.3,1088.3,1088,1088.1,22322
2026-09-07T09:10:00+00:00,2026-09-07,09:10:00,1088,1088.2,1087.9,1087.9,11850
2026-09-07T09:11:00+00:00,2026-09-07,09:11:00,1087.9,1088,1087.5,1087.6,12608
2026-09-07T09:12:00+00:00,2026-09-07,09:12:00,1087.6,1087.6,1087.5,1087.5,11838
2026-09-07T09:13:00+00:00,2026-09-07,09:13:00,1087.5,1087.6,1087.5,1087.6,9201
2026-09-07T09:14:00+00:00,2026-09-07,09:14:00,1087.5,1087.6,1087.2,1087.4,15598
2026-09-07T09:15:00+00:00,2026-09-07,09:15:00,1087.2,1087.4,1087.2,1087.3,11627
2026-09-07T09:16:00+00:00,2026-09-07,09:16:00,1087.3,1087.6,1087,1087.1,32783
2026-09-07T09:17:00+00:00,2026-09-07,09:17:00,1087.2,1087.4,1087.1,1087.4,12453
2026-09-07T09:18:00+00:00,2026-09-07,09:18:00,1087.2,1087.7,1087.2,1087.7,15388
2026-09-07T09:19:00+00:00,2026-09-07,09:19:00,1087.7,1087.8,1087.3,1087.4,12848
2026-09-07T09:20:00+00:00,2026-09-07,09:20:00,1087.3,1087.4,1087,1087.3,25695
2026-09-07T09:21:00+00:00,2026-09-07,09:21:00,1087.4,1087.9,1087.3,1087.9,16773
2026-09-07T09:22:00+00:00,2026-09-07,09:22:00,1087.8,1087.9,1087.5,1087.9,14561
2026-09-07T09:23:00+00:00,2026-09-07,09:23:00,1087.9,1087.9,1087.6,1087.7,13422
2026-09-07T09:24:00+00:00,2026-09-07,09:24:00,1087.7,1087.9,1087.6,1087.8,15092
2026-09-07T09:25:00+00:00,2026-09-07,09:25:00,1087.7,1087.9,1087.5,1087.7,20825
2026-09-07T09:26:00+00:00,2026-09-07,09:26:00,1087.6,1088.2,1087.6,1087.6,32499
2026-09-07T09:27:00+00:00,2026-09-07,09:27:00,1087.8,1088,1087.6,1087.9,16165
2026-09-07T09:28:00+00:00,2026-09-07,09:28:00,1087.9,1088,1087.6,1087.8,26595
2026-09-07T09:29:00+00:00,2026-09-07,09:29:00,1087.6,1087.8,1087.1,1087.3,39261
2026-09-07T09:30:00+00:00,2026-09-07,09:30:00,1087.4,1087.7,1087.1,1087.6,38863
2026-09-07T09:31:00+00:00,2026-09-07,09:31:00,1087.6,1088.3,1087.6,1087.8,57585
2026-09-07T09:32:00+00:00,2026-09-07,09:32:00,1087.8,1087.8,1087.4,1087.6,34448
2026-09-07T09:33:00+00:00,2026-09-07,09:33:00,1087.6,1087.6,1087,1087,49125
2026-09-07T09:34:00+00:00,2026-09-07,09:34:00,1087,1087.1,1086.7,1086.8,51495
2026-09-07T09:35:00+00:00,2026-09-07,09:35:00,1086.8,1086.8,1085.6,1086.2,129487
2026-09-07T09:36:00+00:00,2026-09-07,09:36:00,1086.2,1086.7,1085.6,1086.3,73184
2026-09-07T09:37:00+00:00,2026-09-07,09:37:00,1086.3,1086.5,1086,1086.3,34606
2026-09-07T09:38:00+00:00,2026-09-07,09:38:00,1086.3,1086.6,1086.2,1086.6,27269
2026-09-07T09:39:00+00:00,2026-09-07,09:39:00,1086.6,1086.6,1086,1086.2,63178
2026-09-07T09:40:00+00:00,2026-09-07,09:40:00,1086.1,1086.5,1086.1,1086.5,59246
2026-09-07T09:41:00+00:00,2026-09-07,09:41:00,1086.5,1087,1086.4,1086.7,69093
2026-09-07T09:42:00+00:00,2026-09-07,09:42:00,1086.7,1087.6,1086.1,1086.6,340217
2026-09-07T09:43:00+00:00,2026-09-07,09:43:00,1086.8,1087.2,1086.4,1087.1,44266
2026-09-07T09:44:00+00:00,2026-09-07,09:44:00,1086.9,1087.5,1086.5,1087.3,21054
2026-09-07T09:45:00+00:00,2026-09-07,09:45:00,1086.9,1087.5,1086.5,1087.3,21054
2026-09-07T09:46:00+00:00,2026-09-07,09:46:00,1086.9,1087.5,1086.5,1087.3,21054
2026-09-07T09:47:00+00:00,2026-09-07,09:47:00,1086.9,1087.5,1086.5,1087.3,21054
2026-09-07T09:48:00+00:00,2026-09-07,09:48:00,1086.9,1087.5,1086.5,1087.3,21054
2026-09-07T09:49:00+00:00,2026-09-07,09:49:00,1086.9,1087.5,1086.5,1087.3,21054
2026-09-07T09:50:00+00:00,2026-09-07,09:50:00,1086.9,1087.5,1086.5,1087.3,21054
2026-09-07T09:51:00+00:00,2026-09-07,09:51:00,1086.9,1087.5,1086.5,1087.3,21054
2026-09-07T09:52:00+00:00,2026-09-07,09:52:00,1086.9,1087.5,1086.5,1087.3,21054
2026-09-07T09:53:00+00:00,2026-09-07,09:53:00,1086.9,1087.5,1086.5,1087.3,21054
2026-09-07T09:54:00+00:00,2026-09-07,09:54:00,1086.9,1087.5,1086.5,1087.3,21054
2026-09-07T09:55:00+00:00,2026-09-07,09:55:00,1086.9,1087.5,1086.5,1087.3,21054
2026-09-07T09:56:00+00:00,2026-09-07,09:56:00,1086.9,1087.5,1086.5,1087.3,21054
2026-09-07T09:57:00+00:00,2026-09-07,09:57:00,1086.9,1087.5,1086.5,1087.3,21054
2026-09-07T09:58:00+00:00,2026-09-07,09:58:00,1086.9,1087.5,1086.5,1087.3,21054
2026-09-07T09:59:00+00:00,2026-09-07,09:59:00,1087.5,1087.5,1087.5,1087.5,0
2026-09-07T10:00:00+00:00,2026-09-07,10:00:00,1087.5,1087.5,1087.5,1087.5,0
2026-09-08T03:45:00+00:00,2026-09-08,03:45:00,1093.1,1095,1083,1083.9,167687
2026-09-08T03:46:00+00:00,2026-09-08,03:46:00,1083.9,1083.9,1079,1081.1,98234
2026-09-08T03:47:00+00:00,2026-09-08,03:47:00,1081.2,1081.7,1080.3,1081,53623
2026-09-08T03:48:00+00:00,2026-09-08,03:48:00,1081,1082.5,1081,1081.6,19179
2026-09-08T03:49:00+00:00,2026-09-08,03:49:00,1081.8,1082,1081.2,1081.3,36309
2026-09-08T03:50:00+00:00,2026-09-08,03:50:00,1081.1,1081.4,1079.7,1081,62622
2026-09-08T03:51:00+00:00,2026-09-08,03:51:00,1081,1081.3,1080.5,1080.8,13761
2026-09-08T03:52:00+00:00,2026-09-08,03:52:00,1080.8,1083.5,1080.5,1083.5,26598
2026-09-08T03:53:00+00:00,2026-09-08,03:53:00,1083.5,1083.5,1081,1081,25535
2026-09-08T03:54:00+00:00,2026-09-08,03:54:00,1081,1081.4,1080.3,1080.3,34476
2026-09-08T03:55:00+00:00,2026-09-08,03:55:00,1080.5,1082.2,1080.2,1081.8,14504
2026-09-08T03:56:00+00:00,2026-09-08,03:56:00,1081.7,1082.9,1081.3,1082.8,14588
2026-09-08T03:57:00+00:00,2026-09-08,03:57:00,1082.5,1083.5,1082.1,1082.5,15343
2026-09-08T03:58:00+00:00,2026-09-08,03:58:00,1082.4,1082.5,1081.1,1082,13823
2026-09-08T03:59:00+00:00,2026-09-08,03:59:00,1081.6,1082.2,1081.3,1081.7,9338
2026-09-08T04:00:00+00:00,2026-09-08,04:00:00,1081.9,1082.1,1081.2,1081.4,10619
2026-09-08T04:01:00+00:00,2026-09-08,04:01:00,1081.7,1082.5,1081.4,1082.1,13116
2026-09-08T04:02:00+00:00,2026-09-08,04:02:00,1082.2,1082.2,1081.1,1081.3,9954
2026-09-08T04:03:00+00:00,2026-09-08,04:03:00,1081.3,1081.5,1081,1081.4,7600
2026-09-08T04:04:00+00:00,2026-09-08,04:04:00,1081.7,1082,1081.1,1081.9,11693
2026-09-08T04:05:00+00:00,2026-09-08,04:05:00,1082,1084.5,1082,1084.1,15855
2026-09-08T04:06:00+00:00,2026-09-08,04:06:00,1084.3,1085.5,1084,1085,41791
2026-09-08T04:07:00+00:00,2026-09-08,04:07:00,1084.9,1086.3,1084.6,1086.2,14245
2026-09-08T04:08:00+00:00,2026-09-08,04:08:00,1086.2,1086.3,1085.2,1086.3,26890
2026-09-08T04:09:00+00:00,2026-09-08,04:09:00,1086.3,1086.3,1085.5,1086,10720
2026-09-08T04:10:00+00:00,2026-09-08,04:10:00,1086,1087.2,1085.5,1087,21085
2026-09-08T04:11:00+00:00,2026-09-08,04:11:00,1087,1088.5,1086.8,1088,29323
2026-09-08T04:12:00+00:00,2026-09-08,04:12:00,1087.8,1088.1,1086.4,1087,25197
2026-09-08T04:13:00+00:00,2026-09-08,04:13:00,1087.1,1087.3,1085.7,1085.7,10767
2026-09-08T04:14:00+00:00,2026-09-08,04:14:00,1086.2,1086.8,1086,1086.8,14066
2026-09-08T04:15:00+00:00,2026-09-08,04:15:00,1086.9,1087.5,1086.3,1087.5,15713
2026-09-08T04:16:00+00:00,2026-09-08,04:16:00,1087.4,1090.7,1087.3,1088.6,94927
2026-09-08T04:17:00+00:00,2026-09-08,04:17:00,1088.8,1089,1088,1088.6,18261
2026-09-08T04:18:00+00:00,2026-09-08,04:18:00,1088.7,1089.5,1088.1,1089.5,31966
2026-09-08T04:19:00+00:00,2026-09-08,04:19:00,1089.5,1091.4,1089.2,1090.1,37359
2026-09-08T04:20:00+00:00,2026-09-08,04:20:00,1090.6,1090.9,1090,1090,23792
2026-09-08T04:21:00+00:00,2026-09-08,04:21:00,1090.2,1090.2,1088.6,1089.3,27187
2026-09-08T04:22:00+00:00,2026-09-08,04:22:00,1089.3,1089.3,1088.1,1088.2,8383
2026-09-08T04:23:00+00:00,2026-09-08,04:23:00,1088.2,1088.9,1088,1088.9,10653
2026-09-08T04:24:00+00:00,2026-09-08,04:24:00,1088.9,1089,1088.5,1088.8,7656
2026-09-08T04:25:00+00:00,2026-09-08,04:25:00,1088.9,1089,1088,1088.3,11649
2026-09-08T04:26:00+00:00,2026-09-08,04:26:00,1088.2,1088.3,1088.1,1088.3,4250
2026-09-08T04:27:00+00:00,2026-09-08,04:27:00,1088.3,1088.3,1087.2,1087.7,18386
2026-09-08T04:28:00+00:00,2026-09-08,04:28:00,1088,1088,1086.6,1086.9,6939
2026-09-08T04:29:00+00:00,2026-09-08,04:29:00,1086.9,1087.6,1086.4,1087.3,11982
2026-09-08T04:30:00+00:00,2026-09-08,04:30:00,1087.3,1088.4,1087,1087.6,13678
2026-09-08T04:31:00+00:00,2026-09-08,04:31:00,1087.6,1088.3,1087.5,1088,7274
2026-09-08T04:32:00+00:00,2026-09-08,04:32:00,1087.9,1088.7,1087.8,1088.2,4551
2026-09-08T04:33:00+00:00,2026-09-08,04:33:00,1088.1,1088.3,1088,1088.1,3798
2026-09-08T04:34:00+00:00,2026-09-08,04:34:00,1088.1,1088.1,1087.6,1087.9,12679
2026-09-08T04:35:00+00:00,2026-09-08,04:35:00,1087.9,1088.4,1087.4,1088.3,5708
2026-09-08T04:36:00+00:00,2026-09-08,04:36:00,1088.3,1089,1088.3,1089,6906
2026-09-08T04:37:00+00:00,2026-09-08,04:37:00,1089,1091,1088.9,1090.9,18320
2026-09-08T04:38:00+00:00,2026-09-08,04:38:00,1090.9,1091.7,1090,1091.3,20869
2026-09-08T04:39:00+00:00,2026-09-08,04:39:00,1091.5,1091.6,1091.1,1091.1,12637
2026-09-08T04:40:00+00:00,2026-09-08,04:40:00,1091.1,1091.5,1090.2,1090.2,25367
2026-09-08T04:41:00+00:00,2026-09-08,04:41:00,1090.4,1090.6,1089,1089.3,16251
2026-09-08T04:42:00+00:00,2026-09-08,04:42:00,1089.6,1090,1089.2,1090,5571
2026-09-08T04:43:00+00:00,2026-09-08,04:43:00,1089.7,1090.5,1089.7,1090.3,6148
2026-09-08T04:44:00+00:00,2026-09-08,04:44:00,1090,1090.5,1090,1090.2,7209
2026-09-08T04:45:00+00:00,2026-09-08,04:45:00,1090.2,1091.5,1090.2,1090.7,20482
2026-09-08T04:46:00+00:00,2026-09-08,04:46:00,1090.5,1090.8,1090.2,1090.4,6698
2026-09-08T04:47:00+00:00,2026-09-08,04:47:00,1090.6,1090.6,1090,1090.1,10399
2026-09-08T04:48:00+00:00,2026-09-08,04:48:00,1090,1090,1089.2,1090,16514
2026-09-08T04:49:00+00:00,2026-09-08,04:49:00,1090,1090,1089.4,1089.9,8800
2026-09-08T04:50:00+00:00,2026-09-08,04:50:00,1090,1090,1089.5,1089.6,7458
2026-09-08T04:51:00+00:00,2026-09-08,04:51:00,1090,1090.3,1089.6,1090.2,3838
2026-09-08T04:52:00+00:00,2026-09-08,04:52:00,1090.3,1090.3,1089.5,1089.6,7754
2026-09-08T04:53:00+00:00,2026-09-08,04:53:00,1089.8,1090.1,1089.5,1089.7,6446
2026-09-08T04:54:00+00:00,2026-09-08,04:54:00,1089.7,1089.9,1089.5,1089.9,6510
2026-09-08T04:55:00+00:00,2026-09-08,04:55:00,1089.8,1089.9,1088.2,1088.8,32419
2026-09-08T04:56:00+00:00,2026-09-08,04:56:00,1088.7,1089,1088.7,1089,2971
2026-09-08T04:57:00+00:00,2026-09-08,04:57:00,1088.9,1089.3,1088.8,1089.1,6630
2026-09-08T04:58:00+00:00,2026-09-08,04:58:00,1089,1089.3,1089,1089.1,4706
2026-09-08T04:59:00+00:00,2026-09-08,04:59:00,1089.2,1089.2,1088.7,1088.7,5383
2026-09-08T05:00:00+00:00,2026-09-08,05:00:00,1088.8,1088.9,1088,1088,13311
2026-09-08T05:01:00+00:00,2026-09-08,05:01:00,1088.1,1088.5,1088,1088,6490
2026-09-08T05:02:00+00:00,2026-09-08,05:02:00,1087.9,1087.9,1087,1087.4,11719
2026-09-08T05:03:00+00:00,2026-09-08,05:03:00,1087.3,1087.4,1087.1,1087.3,7312
2026-09-08T05:04:00+00:00,2026-09-08,05:04:00,1087.2,1087.4,1086.5,1087,14143
2026-09-08T05:05:00+00:00,2026-09-08,05:05:00,1087,1087,1086.4,1086.7,5035
2026-09-08T05:06:00+00:00,2026-09-08,05:06:00,1086.5,1087,1086,1086.2,14581
2026-09-08T05:07:00+00:00,2026-09-08,05:07:00,1086.1,1086.1,1085.4,1085.5,15618
2026-09-08T05:08:00+00:00,2026-09-08,05:08:00,1085.7,1085.9,1085.4,1085.6,9019
2026-09-08T05:09:00+00:00,2026-09-08,05:09:00,1085.8,1085.9,1085.5,1085.5,5057
2026-09-08T05:10:00+00:00,2026-09-08,05:10:00,1085.6,1085.7,1085.2,1085.7,9641
2026-09-08T05:11:00+00:00,2026-09-08,05:11:00,1085.5,1086.7,1085.5,1086.6,10286
2026-09-08T05:12:00+00:00,2026-09-08,05:12:00,1086.5,1086.5,1085.9,1086.3,9345
2026-09-08T05:13:00+00:00,2026-09-08,05:13:00,1086.5,1086.5,1085.9,1086,2956
2026-09-08T05:14:00+00:00,2026-09-08,05:14:00,1086.2,1086.3,1085.7,1086.3,7532
2026-09-08T05:15:00+00:00,2026-09-08,05:15:00,1086.3,1087,1086,1086.8,7872
2026-09-08T05:16:00+00:00,2026-09-08,05:16:00,1086.9,1087,1086.7,1086.8,2990
2026-09-08T05:17:00+00:00,2026-09-08,05:17:00,1086.8,1086.8,1086.1,1086.4,4094
2026-09-08T05:18:00+00:00,2026-09-08,05:18:00,1086.5,1086.5,1086.4,1086.4,1970
2026-09-08T05:19:00+00:00,2026-09-08,05:19:00,1086.5,1086.9,1086.4,1086.6,8261
2026-09-08T05:20:00+00:00,2026-09-08,05:20:00,1086.6,1086.9,1086.5,1086.5,7030
2026-09-08T05:21:00+00:00,2026-09-08,05:21:00,1086.5,1086.6,1086.2,1086.3,7541
2026-09-08T05:22:00+00:00,2026-09-08,05:22:00,1086.3,1086.3,1085.9,1086.1,7747
2026-09-08T05:23:00+00:00,2026-09-08,05:23:00,1086.1,1086.1,1085.8,1086,5973
2026-09-08T05:24:00+00:00,2026-09-08,05:24:00,1086,1086,1085.4,1085.9,6183
2026-09-08T05:25:00+00:00,2026-09-08,05:25:00,1085.8,1086,1085.3,1086,8840
2026-09-08T05:26:00+00:00,2026-09-08,05:26:00,1086,1086.1,1085.5,1086.1,7546
2026-09-08T05:27:00+00:00,2026-09-08,05:27:00,1086.1,1086.1,1085.2,1085.3,6008
2026-09-08T05:28:00+00:00,2026-09-08,05:28:00,1085.2,1085.4,1083.7,1083.7,41461
2026-09-08T05:29:00+00:00,2026-09-08,05:29:00,1083.8,1084.4,1083.7,1084.1,11523
2026-09-08T05:30:00+00:00,2026-09-08,05:30:00,1084.1,1084.3,1083.8,1084.3,3764
2026-09-08T05:31:00+00:00,2026-09-08,05:31:00,1084.3,1084.3,1084.1,1084.2,3470
2026-09-08T05:32:00+00:00,2026-09-08,05:32:00,1084.2,1084.4,1083.8,1084,8033
2026-09-08T05:33:00+00:00,2026-09-08,05:33:00,1084.2,1085.3,1084,1085.3,8285
2026-09-08T05:34:00+00:00,2026-09-08,05:34:00,1085.3,1085.3,1084.4,1084.6,21997
2026-09-08T05:35:00+00:00,2026-09-08,05:35:00,1084.7,1085.2,1084.6,1084.7,5142
2026-09-08T05:36:00+00:00,2026-09-08,05:36:00,1084.8,1085.2,1084.5,1084.9,5263
2026-09-08T05:37:00+00:00,2026-09-08,05:37:00,1085,1085.7,1084.9,1085.6,9141
2026-09-08T05:38:00+00:00,2026-09-08,05:38:00,1085.7,1087,1085.6,1087,11532
2026-09-08T05:39:00+00:00,2026-09-08,05:39:00,1087,1087,1086.1,1086.4,5719
2026-09-08T05:40:00+00:00,2026-09-08,05:40:00,1086.4,1086.5,1086.2,1086.2,7277
2026-09-08T05:41:00+00:00,2026-09-08,05:41:00,1086.3,1086.3,1085.7,1085.8,4039
2026-09-08T05:42:00+00:00,2026-09-08,05:42:00,1085.8,1085.8,1085.2,1085.5,4630
2026-09-08T05:43:00+00:00,2026-09-08,05:43:00,1085.5,1085.5,1085.2,1085.5,2007
2026-09-08T05:44:00+00:00,2026-09-08,05:44:00,1085.4,1085.7,1085.4,1085.6,3696
2026-09-08T05:45:00+00:00,2026-09-08,05:45:00,1085.6,1085.8,1084.5,1084.5,8134
2026-09-08T05:46:00+00:00,2026-09-08,05:46:00,1084.5,1084.9,1084.4,1084.5,4388
2026-09-08T05:47:00+00:00,2026-09-08,05:47:00,1084.5,1085,1084.4,1084.8,1342
2026-09-08T05:48:00+00:00,2026-09-08,05:48:00,1085,1085,1084.9,1084.9,1642
2026-09-08T05:49:00+00:00,2026-09-08,05:49:00,1085,1086,1084.7,1085,23039
2026-09-08T05:50:00+00:00,2026-09-08,05:50:00,1084.8,1084.8,1083.9,1084.4,10091
2026-09-08T05:51:00+00:00,2026-09-08,05:51:00,1084.4,1084.5,1083.8,1084.4,7539
2026-09-08T05:52:00+00:00,2026-09-08,05:52:00,1084.3,1084.9,1084.1,1084.1,5862
2026-09-08T05:53:00+00:00,2026-09-08,05:53:00,1084.2,1084.9,1084.1,1084.9,2773
2026-09-08T05:54:00+00:00,2026-09-08,05:54:00,1084.6,1084.9,1083.9,1084,9505
2026-09-08T05:55:00+00:00,2026-09-08,05:55:00,1084.1,1085,1084,1085,4003
2026-09-08T05:56:00+00:00,2026-09-08,05:56:00,1084.9,1084.9,1084.1,1084.1,3149
2026-09-08T05:57:00+00:00,2026-09-08,05:57:00,1084.3,1084.4,1084.1,1084.3,2547
2026-09-08T05:58:00+00:00,2026-09-08,05:58:00,1084.4,1084.9,1084.3,1084.9,2882
2026-09-08T05:59:00+00:00,2026-09-08,05:59:00,1084.9,1085,1084.5,1084.5,4481
2026-09-08T06:00:00+00:00,2026-09-08,06:00:00,1084.6,1084.9,1084,1084.7,11295
2026-09-08T06:01:00+00:00,2026-09-08,06:01:00,1084.5,1084.7,1084.2,1084.5,6819
2026-09-08T06:02:00+00:00,2026-09-08,06:02:00,1084.5,1084.9,1084.3,1084.8,3117
2026-09-08T06:03:00+00:00,2026-09-08,06:03:00,1084.8,1084.9,1084.1,1084.4,9455
2026-09-08T06:04:00+00:00,2026-09-08,06:04:00,1084.4,1085,1084,1085,8096
2026-09-08T06:05:00+00:00,2026-09-08,06:05:00,1084.9,1085,1084.6,1084.6,8201
2026-09-08T06:06:00+00:00,2026-09-08,06:06:00,1084.5,1085.3,1084.5,1085.3,5365
2026-09-08T06:07:00+00:00,2026-09-08,06:07:00,1085.2,1086,1085.1,1085.8,7312
2026-09-08T06:08:00+00:00,2026-09-08,06:08:00,1085.9,1086,1085.4,1085.5,6823
2026-09-08T06:09:00+00:00,2026-09-08,06:09:00,1085.4,1085.4,1084.4,1085,28577
2026-09-08T06:10:00+00:00,2026-09-08,06:10:00,1084.9,1085.7,1084.6,1085.3,8928
2026-09-08T06:11:00+00:00,2026-09-08,06:11:00,1085.3,1085.5,1085.1,1085.5,2431
2026-09-08T06:12:00+00:00,2026-09-08,06:12:00,1085.5,1086,1085.4,1086,2289
2026-09-08T06:13:00+00:00,2026-09-08,06:13:00,1086,1086,1085,1085.1,5505
2026-09-08T06:14:00+00:00,2026-09-08,06:14:00,1085,1085.7,1084.8,1085.5,11636
2026-09-08T06:15:00+00:00,2026-09-08,06:15:00,1085.5,1086,1085.1,1085.1,6092
2026-09-08T06:16:00+00:00,2026-09-08,06:16:00,1085.2,1085.4,1084.7,1085,11116
2026-09-08T06:17:00+00:00,2026-09-08,06:17:00,1085.1,1085.4,1084.6,1084.6,9391
2026-09-08T06:18:00+00:00,2026-09-08,06:18:00,1084.7,1085.2,1084.6,1084.7,4290
2026-09-08T06:19:00+00:00,2026-09-08,06:19:00,1084.7,1084.7,1084.1,1084.3,10472
2026-09-08T06:20:00+00:00,2026-09-08,06:20:00,1084.6,1084.7,1084.1,1084.3,5297
2026-09-08T06:21:00+00:00,2026-09-08,06:21:00,1084.1,1084.6,1084.1,1084.3,2446
2026-09-08T06:22:00+00:00,2026-09-08,06:22:00,1084.3,1084.6,1084,1084.4,4883
2026-09-08T06:23:00+00:00,2026-09-08,06:23:00,1084.5,1084.6,1084.1,1084.3,5533
2026-09-08T06:24:00+00:00,2026-09-08,06:24:00,1084.3,1084.3,1083.4,1083.5,13826
2026-09-08T06:25:00+00:00,2026-09-08,06:25:00,1083.5,1083.9,1083.5,1083.6,10834
2026-09-08T06:26:00+00:00,2026-09-08,06:26:00,1083.6,1083.7,1082.7,1082.9,41489
2026-09-08T06:27:00+00:00,2026-09-08,06:27:00,1082.9,1083.8,1082.9,1083.6,6844
2026-09-08T06:28:00+00:00,2026-09-08,06:28:00,1083.5,1083.7,1083.1,1083.3,5775
2026-09-08T06:29:00+00:00,2026-09-08,06:29:00,1083.3,1083.7,1083,1083.1,5632
2026-09-08T06:30:00+00:00,2026-09-08,06:30:00,1083.2,1083.3,1082.6,1082.8,6915
2026-09-08T06:31:00+00:00,2026-09-08,06:31:00,1082.8,1083,1082.4,1082.5,14196
2026-09-08T06:32:00+00:00,2026-09-08,06:32:00,1082.5,1083,1082.3,1082.6,7286
2026-09-08T06:33:00+00:00,2026-09-08,06:33:00,1082.7,1083.2,1082.4,1083,20307
2026-09-08T06:34:00+00:00,2026-09-08,06:34:00,1082.8,1083,1082.3,1082.5,9202
2026-09-08T06:35:00+00:00,2026-09-08,06:35:00,1082.5,1082.7,1082,1082.5,15036
2026-09-08T06:36:00+00:00,2026-09-08,06:36:00,1082.6,1082.9,1082.4,1082.8,3949
2026-09-08T06:37:00+00:00,2026-09-08,06:37:00,1082.6,1083.1,1082.6,1082.7,3972
2026-09-08T06:38:00+00:00,2026-09-08,06:38:00,1082.7,1082.7,1082.3,1082.5,11120
2026-09-08T06:39:00+00:00,2026-09-08,06:39:00,1082.4,1082.5,1082.1,1082.3,5696
2026-09-08T06:40:00+00:00,2026-09-08,06:40:00,1082.3,1082.6,1082.3,1082.6,4418
2026-09-08T06:41:00+00:00,2026-09-08,06:41:00,1082.5,1083,1082.5,1082.7,1241
2026-09-08T06:42:00+00:00,2026-09-08,06:42:00,1082.8,1082.9,1082.3,1082.5,13215
2026-09-08T06:43:00+00:00,2026-09-08,06:43:00,1082.7,1082.8,1081.6,1082,22822
2026-09-08T06:44:00+00:00,2026-09-08,06:44:00,1082,1082.1,1081.7,1081.7,5027
2026-09-08T06:45:00+00:00,2026-09-08,06:45:00,1081.9,1082,1081.1,1082,7587
2026-09-08T06:46:00+00:00,2026-09-08,06:46:00,1081.8,1083.3,1081.6,1083.2,46844
2026-09-08T06:47:00+00:00,2026-09-08,06:47:00,1083.2,1084.6,1083.2,1084.5,7161
2026-09-08T06:48:00+00:00,2026-09-08,06:48:00,1084.4,1085.1,1084,1085.1,17523
2026-09-08T06:49:00+00:00,2026-09-08,06:49:00,1085.2,1085.4,1085,1085.4,7946
2026-09-08T06:50:00+00:00,2026-09-08,06:50:00,1085.3,1085.4,1084.4,1085,19245
2026-09-08T06:51:00+00:00,2026-09-08,06:51:00,1084.9,1085.4,1084.9,1085.4,4892
2026-09-08T06:52:00+00:00,2026-09-08,06:52:00,1085.4,1085.6,1085,1085.6,8292
2026-09-08T06:53:00+00:00,2026-09-08,06:53:00,1085.5,1085.6,1084.7,1085.5,13359
2026-09-08T06:54:00+00:00,2026-09-08,06:54:00,1085.5,1085.5,1085.3,1085.5,4753
2026-09-08T06:55:00+00:00,2026-09-08,06:55:00,1085.5,1085.7,1085.4,1085.5,4728
2026-09-08T06:56:00+00:00,2026-09-08,06:56:00,1085.5,1085.5,1084.8,1084.8,6635
2026-09-08T06:57:00+00:00,2026-09-08,06:57:00,1084.9,1085.4,1084.8,1085.3,3350
2026-09-08T06:58:00+00:00,2026-09-08,06:58:00,1085.4,1085.7,1085.3,1085.5,3604
2026-09-08T06:59:00+00:00,2026-09-08,06:59:00,1085.4,1085.9,1085.4,1085.9,3510
2026-09-08T07:00:00+00:00,2026-09-08,07:00:00,1085.9,1085.9,1085.5,1085.6,4951
2026-09-08T07:01:00+00:00,2026-09-08,07:01:00,1085.7,1085.8,1085.3,1085.3,8587
2026-09-08T07:02:00+00:00,2026-09-08,07:02:00,1085.3,1085.7,1085,1085.2,7257
2026-09-08T07:03:00+00:00,2026-09-08,07:03:00,1085.2,1085.7,1085.1,1085.7,4356
2026-09-08T07:04:00+00:00,2026-09-08,07:04:00,1085.7,1085.8,1085.6,1085.8,1716
2026-09-08T07:05:00+00:00,2026-09-08,07:05:00,1085.9,1086,1085.8,1085.8,7028
2026-09-08T07:06:00+00:00,2026-09-08,07:06:00,1085.9,1086,1085.8,1086,3761
2026-09-08T07:07:00+00:00,2026-09-08,07:07:00,1085.9,1086.4,1085.9,1086.2,6394
2026-09-08T07:08:00+00:00,2026-09-08,07:08:00,1086.1,1086.4,1086,1086.2,35827
2026-09-08T07:09:00+00:00,2026-09-08,07:09:00,1086.1,1086.2,1085.9,1085.9,4862
2026-09-08T07:10:00+00:00,2026-09-08,07:10:00,1086,1086.3,1085.4,1085.5,10335
2026-09-08T07:11:00+00:00,2026-09-08,07:11:00,1085.5,1085.6,1085,1085.1,19423
2026-09-08T07:12:00+00:00,2026-09-08,07:12:00,1085.2,1086,1085,1085.7,18164
2026-09-08T07:13:00+00:00,2026-09-08,07:13:00,1085.8,1086.2,1085.2,1085.2,57453
2026-09-08T07:14:00+00:00,2026-09-08,07:14:00,1085.3,1085.5,1085.1,1085.3,2485
2026-09-08T07:15:00+00:00,2026-09-08,07:15:00,1085.2,1085.3,1084.7,1084.9,10346
2026-09-08T07:16:00+00:00,2026-09-08,07:16:00,1085,1085.1,1084.8,1084.9,3198
2026-09-08T07:17:00+00:00,2026-09-08,07:17:00,1084.9,1085,1084.7,1084.7,9411
2026-09-08T07:18:00+00:00,2026-09-08,07:18:00,1084.9,1084.9,1084.7,1084.9,3082
2026-09-08T07:19:00+00:00,2026-09-08,07:19:00,1084.8,1085.5,1084.5,1085.4,6672
2026-09-08T07:20:00+00:00,2026-09-08,07:20:00,1085.5,1085.5,1085.4,1085.4,2039
2026-09-08T07:21:00+00:00,2026-09-08,07:21:00,1085.4,1085.5,1085.3,1085.3,6164
2026-09-08T07:22:00+00:00,2026-09-08,07:22:00,1085.4,1085.5,1084.8,1084.9,11785
2026-09-08T07:23:00+00:00,2026-09-08,07:23:00,1084.8,1085.3,1084.8,1085.1,8786
2026-09-08T07:24:00+00:00,2026-09-08,07:24:00,1085,1085.4,1085,1085.4,4980
2026-09-08T07:25:00+00:00,2026-09-08,07:25:00,1085.3,1085.5,1085.3,1085.4,4613
2026-09-08T07:26:00+00:00,2026-09-08,07:26:00,1085.4,1085.5,1085.3,1085.4,5285
2026-09-08T07:27:00+00:00,2026-09-08,07:27:00,1085.4,1085.5,1085.4,1085.4,23378
2026-09-08T07:28:00+00:00,2026-09-08,07:28:00,1085.5,1085.5,1085.4,1085.5,5013
2026-09-08T07:29:00+00:00,2026-09-08,07:29:00,1085.5,1085.5,1085.4,1085.5,9432
2026-09-08T07:30:00+00:00,2026-09-08,07:30:00,1085.4,1085.9,1085.4,1085.8,33273
2026-09-08T07:31:00+00:00,2026-09-08,07:31:00,1085.8,1085.8,1085.7,1085.8,2147
2026-09-08T07:32:00+00:00,2026-09-08,07:32:00,1085.8,1085.8,1085.5,1085.6,4190
2026-09-08T07:33:00+00:00,2026-09-08,07:33:00,1085.7,1085.9,1085.5,1085.7,5832
2026-09-08T07:34:00+00:00,2026-09-08,07:34:00,1085.7,1085.8,1085.5,1085.5,6713
2026-09-08T07:35:00+00:00,2026-09-08,07:35:00,1085.7,1085.9,1085.6,1085.8,3606
2026-09-08T07:36:00+00:00,2026-09-08,07:36:00,1085.8,1086.3,1085.8,1086.3,7986
2026-09-08T07:37:00+00:00,2026-09-08,07:37:00,1086.3,1086.7,1086.2,1086.5,12442
2026-09-08T07:38:00+00:00,2026-09-08,07:38:00,1086.3,1086.7,1086,1086.4,5205
2026-09-08T07:39:00+00:00,2026-09-08,07:39:00,1086.3,1086.3,1086,1086.1,6557
2026-09-08T07:40:00+00:00,2026-09-08,07:40:00,1086.2,1086.5,1086.2,1086.5,2720
2026-09-08T07:41:00+00:00,2026-09-08,07:41:00,1086.5,1086.6,1086.4,1086.5,7071
2026-09-08T07:42:00+00:00,2026-09-08,07:42:00,1086.5,1086.9,1086.4,1086.6,5692
2026-09-08T07:43:00+00:00,2026-09-08,07:43:00,1086.5,1087.5,1086.5,1087.1,15586
2026-09-08T07:44:00+00:00,2026-09-08,07:44:00,1087,1087.3,1086.9,1087.3,6007
2026-09-08T07:45:00+00:00,2026-09-08,07:45:00,1087.2,1087.9,1087.2,1087.5,9464
2026-09-08T07:46:00+00:00,2026-09-08,07:46:00,1087.6,1087.7,1087.3,1087.6,13826
2026-09-08T07:47:00+00:00,2026-09-08,07:47:00,1087.6,1087.9,1087.1,1087.2,53765
2026-09-08T07:48:00+00:00,2026-09-08,07:48:00,1087.2,1087.8,1086.9,1087.5,12116
2026-09-08T07:49:00+00:00,2026-09-08,07:49:00,1087.2,1088.5,1087.2,1088.4,15457
2026-09-08T07:50:00+00:00,2026-09-08,07:50:00,1088.4,1088.5,1087.4,1087.4,12869
2026-09-08T07:51:00+00:00,2026-09-08,07:51:00,1087.5,1087.7,1087.4,1087.4,3474
2026-09-08T07:52:00+00:00,2026-09-08,07:52:00,1087.6,1087.7,1087.3,1087.4,3639
2026-09-08T07:53:00+00:00,2026-09-08,07:53:00,1087.3,1087.7,1087.3,1087.7,5693
2026-09-08T07:54:00+00:00,2026-09-08,07:54:00,1087.7,1087.7,1087.2,1087.6,4805
2026-09-08T07:55:00+00:00,2026-09-08,07:55:00,1087.7,1087.7,1087.2,1087.4,3212
2026-09-08T07:56:00+00:00,2026-09-08,07:56:00,1087.5,1087.5,1087.1,1087.1,5268
2026-09-08T07:57:00+00:00,2026-09-08,07:57:00,1087.3,1087.4,1087.1,1087.1,4715
2026-09-08T07:58:00+00:00,2026-09-08,07:58:00,1087.2,1087.5,1087.1,1087.5,3956
2026-09-08T07:59:00+00:00,2026-09-08,07:59:00,1087.5,1087.6,1087.3,1087.3,5221
2026-09-08T08:00:00+00:00,2026-09-08,08:00:00,1087.3,1087.6,1087.2,1087.4,3104
2026-09-08T08:01:00+00:00,2026-09-08,08:01:00,1087.4,1087.8,1087,1087.3,16023
2026-09-08T08:02:00+00:00,2026-09-08,08:02:00,1087.3,1087.5,1086.4,1086.7,9215
2026-09-08T08:03:00+00:00,2026-09-08,08:03:00,1086.7,1086.7,1086.2,1086.6,7329
2026-09-08T08:04:00+00:00,2026-09-08,08:04:00,1086.5,1086.8,1085.9,1085.9,12307
2026-09-08T08:05:00+00:00,2026-09-08,08:05:00,1086,1086.4,1085.9,1086.2,3304
2026-09-08T08:06:00+00:00,2026-09-08,08:06:00,1086.2,1086.3,1086,1086.2,8503
2026-09-08T08:07:00+00:00,2026-09-08,08:07:00,1086.2,1086.8,1086.2,1086.3,7644
2026-09-08T08:08:00+00:00,2026-09-08,08:08:00,1086.2,1086.3,1085.8,1085.9,11474
2026-09-08T08:09:00+00:00,2026-09-08,08:09:00,1086.3,1086.3,1085.5,1085.9,8862
2026-09-08T08:10:00+00:00,2026-09-08,08:10:00,1086,1086.1,1085.3,1085.8,48119
2026-09-08T08:11:00+00:00,2026-09-08,08:11:00,1085.8,1085.8,1085.3,1085.3,13468
2026-09-08T08:12:00+00:00,2026-09-08,08:12:00,1085.6,1086,1085.3,1085.8,5268
2026-09-08T08:13:00+00:00,2026-09-08,08:13:00,1085.7,1086.1,1085.2,1085.3,7149
2026-09-08T08:14:00+00:00,2026-09-08,08:14:00,1085.3,1085.5,1084.9,1085,9084
2026-09-08T08:15:00+00:00,2026-09-08,08:15:00,1085.1,1085.3,1084.7,1085,7595
2026-09-08T08:16:00+00:00,2026-09-08,08:16:00,1085,1085.2,1084.9,1085.1,7079
2026-09-08T08:17:00+00:00,2026-09-08,08:17:00,1085,1085,1084.7,1084.7,4851
2026-09-08T08:18:00+00:00,2026-09-08,08:18:00,1084.7,1085,1084.5,1084.5,2331
2026-09-08T08:19:00+00:00,2026-09-08,08:19:00,1084.6,1084.6,1084.5,1084.5,2737
2026-09-08T08:20:00+00:00,2026-09-08,08:20:00,1084.6,1084.6,1084.2,1084.2,4530
2026-09-08T08:21:00+00:00,2026-09-08,08:21:00,1084.2,1084.3,1083.5,1083.5,14426
2026-09-08T08:22:00+00:00,2026-09-08,08:22:00,1083.6,1084.4,1083.5,1084.1,7741
2026-09-08T08:23:00+00:00,2026-09-08,08:23:00,1084.2,1084.5,1083.5,1084.1,14446
2026-09-08T08:24:00+00:00,2026-09-08,08:24:00,1084.3,1084.3,1083.8,1083.9,6658
2026-09-08T08:25:00+00:00,2026-09-08,08:25:00,1084,1084.3,1083.7,1083.9,11999
2026-09-08T08:26:00+00:00,2026-09-08,08:26:00,1084,1084,1083,1083.1,16899
2026-09-08T08:27:00+00:00,2026-09-08,08:27:00,1083.3,1083.8,1083,1083.5,21330
2026-09-08T08:28:00+00:00,2026-09-08,08:28:00,1083.5,1083.8,1083.1,1083.3,13366
2026-09-08T08:29:00+00:00,2026-09-08,08:29:00,1083.4,1083.7,1083.3,1083.4,12717
2026-09-08T08:30:00+00:00,2026-09-08,08:30:00,1083.4,1083.9,1082.7,1083.6,17014
2026-09-08T08:31:00+00:00,2026-09-08,08:31:00,1083.8,1084.2,1083.3,1083.4,13534
2026-09-08T08:32:00+00:00,2026-09-08,08:32:00,1083.4,1083.4,1083,1083.1,8776
2026-09-08T08:33:00+00:00,2026-09-08,08:33:00,1083.1,1083.5,1083.1,1083.2,12183
2026-09-08T08:34:00+00:00,2026-09-08,08:34:00,1083.3,1083.9,1083,1083.2,17280
2026-09-08T08:35:00+00:00,2026-09-08,08:35:00,1083.2,1084,1083.2,1083.4,57908
2026-09-08T08:36:00+00:00,2026-09-08,08:36:00,1083.9,1084,1083.2,1083.6,33304
2026-09-08T08:37:00+00:00,2026-09-08,08:37:00,1083.6,1083.8,1083,1083.1,65047
2026-09-08T08:38:00+00:00,2026-09-08,08:38:00,1083.1,1083.4,1082.8,1083,12371
2026-09-08T08:39:00+00:00,2026-09-08,08:39:00,1083.1,1083.2,1082.7,1082.9,15530
2026-09-08T08:40:00+00:00,2026-09-08,08:40:00,1083,1083.1,1082.6,1082.8,10292
2026-09-08T08:41:00+00:00,2026-09-08,08:41:00,1082.8,1083.5,1082.8,1083.1,10291
2026-09-08T08:42:00+00:00,2026-09-08,08:42:00,1083.5,1083.5,1083,1083,9197
2026-09-08T08:43:00+00:00,2026-09-08,08:43:00,1083.1,1083.5,1082.9,1083,10589
2026-09-08T08:44:00+00:00,2026-09-08,08:44:00,1083.2,1083.2,1082.9,1083.2,22532
2026-09-08T08:45:00+00:00,2026-09-08,08:45:00,1083.1,1083.7,1082.7,1083.6,18324
2026-09-08T08:46:00+00:00,2026-09-08,08:46:00,1083.5,1083.8,1083.2,1083.7,8278
2026-09-08T08:47:00+00:00,2026-09-08,08:47:00,1083.6,1084.5,1083.5,1084.3,13269
2026-09-08T08:48:00+00:00,2026-09-08,08:48:00,1084.3,1084.5,1084.1,1084.2,10601
2026-09-08T08:49:00+00:00,2026-09-08,08:49:00,1084.1,1084.7,1083.7,1084.4,17118
2026-09-08T08:50:00+00:00,2026-09-08,08:50:00,1084.4,1084.6,1084.2,1084.6,9205
2026-09-08T08:51:00+00:00,2026-09-08,08:51:00,1084.6,1084.9,1084.5,1084.6,8626
2026-09-08T08:52:00+00:00,2026-09-08,08:52:00,1084.7,1084.8,1084.2,1084.3,8457
2026-09-08T08:53:00+00:00,2026-09-08,08:53:00,1084.3,1084.6,1084.1,1084.3,9872
2026-09-08T08:54:00+00:00,2026-09-08,08:54:00,1084.3,1084.3,1083.7,1083.9,14898
2026-09-08T08:55:00+00:00,2026-09-08,08:55:00,1083.9,1084,1083.1,1083.4,11771
2026-09-08T08:56:00+00:00,2026-09-08,08:56:00,1083.4,1083.6,1083,1083.2,15366
2026-09-08T08:57:00+00:00,2026-09-08,08:57:00,1083.3,1083.7,1083,1083.4,20719
2026-09-08T08:58:00+00:00,2026-09-08,08:58:00,1083.4,1083.9,1083.2,1083.4,15446
2026-09-08T08:59:00+00:00,2026-09-08,08:59:00,1083.5,1083.7,1083.2,1083.7,7323
2026-09-08T09:00:00+00:00,2026-09-08,09:00:00,1083.6,1083.9,1083.1,1083.3,16595
2026-09-08T09:01:00+00:00,2026-09-08,09:01:00,1083.4,1083.7,1083.2,1083.6,11253
2026-09-08T09:02:00+00:00,2026-09-08,09:02:00,1083.6,1084,1083.3,1083.6,11730
2026-09-08T09:03:00+00:00,2026-09-08,09:03:00,1083.8,1084.1,1083.4,1083.5,11460
2026-09-08T09:04:00+00:00,2026-09-08,09:04:00,1083.5,1084.4,1083.3,1083.9,12432
2026-09-08T09:05:00+00:00,2026-09-08,09:05:00,1084.3,1084.6,1083.1,1083.2,14321
2026-09-08T09:06:00+00:00,2026-09-08,09:06:00,1083.1,1083.3,1082.8,1083.1,10122
2026-09-08T09:07:00+00:00,2026-09-08,09:07:00,1083.1,1083.7,1083,1083.1,16459
2026-09-08T09:08:00+00:00,2026-09-08,09:08:00,1083.2,1083.5,1082.6,1083,11727
2026-09-08T09:09:00+00:00,2026-09-08,09:09:00,1083.1,1083.4,1082.8,1083.1,11107
2026-09-08T09:10:00+00:00,2026-09-08,09:10:00,1083.1,1083.2,1082.8,1082.9,14041
2026-09-08T09:11:00+00:00,2026-09-08,09:11:00,1083,1083.8,1082.4,1083.8,24193
2026-09-08T09:12:00+00:00,2026-09-08,09:12:00,1083.9,1084,1083.2,1083.2,17075
2026-09-08T09:13:00+00:00,2026-09-08,09:13:00,1083.4,1083.4,1082.9,1083.3,9740
2026-09-08T09:14:00+00:00,2026-09-08,09:14:00,1083.2,1083.4,1082.4,1082.9,26188
2026-09-08T09:15:00+00:00,2026-09-08,09:15:00,1082.9,1083,1082.5,1082.5,9848
2026-09-08T09:16:00+00:00,2026-09-08,09:16:00,1082.6,1082.7,1081.5,1082,220099
2026-09-08T09:17:00+00:00,2026-09-08,09:17:00,1082.2,1082.7,1082.1,1082.5,30096
2026-09-08T09:18:00+00:00,2026-09-08,09:18:00,1082.5,1082.6,1082.1,1082.1,18926
2026-09-08T09:19:00+00:00,2026-09-08,09:19:00,1082.1,1082.2,1081.4,1081.6,41089
2026-09-08T09:20:00+00:00,2026-09-08,09:20:00,1081.7,1081.9,1081.2,1081.8,16599
2026-09-08T09:21:00+00:00,2026-09-08,09:21:00,1081.8,1081.8,1081.3,1081.6,14834
2026-09-08T09:22:00+00:00,2026-09-08,09:22:00,1081.6,1081.6,1081.1,1081.2,17863
2026-09-08T09:23:00+00:00,2026-09-08,09:23:00,1081.4,1082,1081.3,1082,16720
2026-09-08T09:24:00+00:00,2026-09-08,09:24:00,1082,1082,1081.3,1081.9,20991
2026-09-08T09:25:00+00:00,2026-09-08,09:25:00,1081.9,1082.1,1081.5,1081.7,17528
2026-09-08T09:26:00+00:00,2026-09-08,09:26:00,1081.7,1081.9,1081.3,1081.3,17297
2026-09-08T09:27:00+00:00,2026-09-08,09:27:00,1081.4,1081.8,1081.1,1081.6,23136
2026-09-08T09:28:00+00:00,2026-09-08,09:28:00,1081.7,1082.1,1081.5,1082,22932
2026-09-08T09:29:00+00:00,2026-09-08,09:29:00,1082,1082.3,1081.8,1082.2,21890
2026-09-08T09:30:00+00:00,2026-09-08,09:30:00,1082.1,1082.4,1081.3,1081.8,52563
2026-09-08T09:31:00+00:00,2026-09-08,09:31:00,1081.8,1082.4,1081.7,1082.2,41508
2026-09-08T09:32:00+00:00,2026-09-08,09:32:00,1082.2,1082.2,1081.4,1081.5,26015
2026-09-08T09:33:00+00:00,2026-09-08,09:33:00,1081.4,1081.5,1081.2,1081.3,22226
2026-09-08T09:34:00+00:00,2026-09-08,09:34:00,1081.3,1081.5,1081.2,1081.5,33958
2026-09-08T09:35:00+00:00,2026-09-08,09:35:00,1081.5,1082,1081.2,1081.8,42667
2026-09-08T09:36:00+00:00,2026-09-08,09:36:00,1081.9,1082,1081.2,1082,52921
2026-09-08T09:37:00+00:00,2026-09-08,09:37:00,1082,1082,1081.6,1081.7,26794
2026-09-08T09:38:00+00:00,2026-09-08,09:38:00,1081.8,1081.8,1081.6,1081.8,19306
2026-09-08T09:39:00+00:00,2026-09-08,09:39:00,1081.8,1083.4,1081.7,1083.2,56259
2026-09-08T09:40:00+00:00,2026-09-08,09:40:00,1083.2,1083.2,1082.4,1082.5,101973
2026-09-08T09:41:00+00:00,2026-09-08,09:41:00,1082.7,1083.5,1082,1082,52441
2026-09-08T09:42:00+00:00,2026-09-08,09:42:00,1082.3,1083,1081.5,1082.3,210834
2026-09-08T09:43:00+00:00,2026-09-08,09:43:00,1082.6,1082.6,1081.8,1082.5,99220
2026-09-08T09:44:00+00:00,2026-09-08,09:44:00,1082.5,1082.5,1081,1081.5,69478
2026-09-08T09:45:00+00:00,2026-09-08,09:45:00,1082.5,1082.5,1081,1081.5,69478
2026-09-08T09:46:00+00:00,2026-09-08,09:46:00,1082.5,1082.5,1081,1081.5,69478
2026-09-08T09:47:00+00:00,2026-09-08,09:47:00,1082.5,1082.5,1081,1081.5,69478
2026-09-08T09:48:00+00:00,2026-09-08,09:48:00,1082.5,1082.5,1081,1081.5,69478
2026-09-08T09:49:00+00:00,2026-09-08,09:49:00,1082.5,1082.5,1081,1081.5,69478
2026-09-08T09:50:00+00:00,2026-09-08,09:50:00,1082.5,1082.5,1081,1081.5,69478
2026-09-08T09:51:00+00:00,2026-09-08,09:51:00,1082.5,1082.5,1081,1081.5,69478
2026-09-08T09:52:00+00:00,2026-09-08,09:52:00,1082.5,1082.5,1081,1081.5,69478
2026-09-08T09:53:00+00:00,2026-09-08,09:53:00,1082.5,1082.5,1081,1081.5,69478
2026-09-08T09:54:00+00:00,2026-09-08,09:54:00,1082.5,1082.5,1081,1081.5,69478
2026-09-08T09:55:00+00:00,2026-09-08,09:55:00,1082.5,1082.5,1081,1081.5,69478
2026-09-08T09:56:00+00:00,2026-09-08,09:56:00,1082.5,1082.5,1081,1081.5,69478
2026-09-08T09:57:00+00:00,2026-09-08,09:57:00,1082.5,1082.5,1081,1081.5,69478
2026-09-08T09:58:00+00:00,2026-09-08,09:58:00,1082.5,1082.5,1081,1081.5,69478
2026-09-08T09:59:00+00:00,2026-09-08,09:59:00,1082,1082,1082,1082,0
2026-09-08T10:00:00+00:00,2026-09-08,10:00:00,1082,1082,1082,1082,0
2026-09-09T03:45:00+00:00,2026-09-09,03:45:00,1058.1,1059,1040.6,1042,339632
2026-09-09T03:46:00+00:00,2026-09-09,03:46:00,1040.8,1045,1036.3,1044.2,231359
2026-09-09T03:47:00+00:00,2026-09-09,03:47:00,1044.4,1051.9,1044.1,1051.2,225461
2026-09-09T03:48:00+00:00,2026-09-09,03:48:00,1051.2,1056.5,1051,1053.2,250695
2026-09-09T03:49:00+00:00,2026-09-09,03:49:00,1053,1053,1049,1049.2,93782
2026-09-09T03:50:00+00:00,2026-09-09,03:50:00,1049,1049.5,1044.5,1046.7,119183
2026-09-09T03:51:00+00:00,2026-09-09,03:51:00,1046.4,1048.2,1045.8,1046.7,86355
2026-09-09T03:52:00+00:00,2026-09-09,03:52:00,1046.2,1048.4,1046,1047.5,82404
2026-09-09T03:53:00+00:00,2026-09-09,03:53:00,1047.5,1047.9,1045.7,1046.8,66003
2026-09-09T03:54:00+00:00,2026-09-09,03:54:00,1046.7,1046.7,1044.7,1046.3,87507
2026-09-09T03:55:00+00:00,2026-09-09,03:55:00,1046.3,1046.6,1044.4,1045.4,59143
2026-09-09T03:56:00+00:00,2026-09-09,03:56:00,1045.4,1046.8,1045.4,1045.8,81150
2026-09-09T03:57:00+00:00,2026-09-09,03:57:00,1045.8,1046,1044.8,1045.3,39673
2026-09-09T03:58:00+00:00,2026-09-09,03:58:00,1045.5,1046.8,1045.4,1045.5,46230
2026-09-09T03:59:00+00:00,2026-09-09,03:59:00,1045.6,1045.6,1044.6,1044.8,53998
2026-09-09T04:00:00+00:00,2026-09-09,04:00:00,1044.8,1047.8,1044.8,1046.7,66668
2026-09-09T04:01:00+00:00,2026-09-09,04:01:00,1046.3,1047.9,1046.3,1046.8,36843
2026-09-09T04:02:00+00:00,2026-09-09,04:02:00,1046.7,1047.5,1046.2,1046.7,29563
2026-09-09T04:03:00+00:00,2026-09-09,04:03:00,1046.7,1046.8,1045.6,1046.7,34835
2026-09-09T04:04:00+00:00,2026-09-09,04:04:00,1046.7,1047.6,1046.5,1047.5,17947
2026-09-09T04:05:00+00:00,2026-09-09,04:05:00,1047.2,1047.5,1046.8,1047.5,40222
2026-09-09T04:06:00+00:00,2026-09-09,04:06:00,1047.5,1048,1047.1,1047.3,13057
2026-09-09T04:07:00+00:00,2026-09-09,04:07:00,1047.3,1053,1047.3,1052.2,78230
2026-09-09T04:08:00+00:00,2026-09-09,04:08:00,1052.2,1053.5,1050.9,1053.3,46043
2026-09-09T04:09:00+00:00,2026-09-09,04:09:00,1053.2,1053.8,1052.4,1052.9,42386
2026-09-09T04:10:00+00:00,2026-09-09,04:10:00,1052.8,1052.9,1050.8,1051.5,49009
2026-09-09T04:11:00+00:00,2026-09-09,04:11:00,1051.5,1052,1051.2,1051.3,20441
2026-09-09T04:12:00+00:00,2026-09-09,04:12:00,1051.5,1051.8,1050.3,1051.4,40234
2026-09-09T04:13:00+00:00,2026-09-09,04:13:00,1051.5,1052,1050.8,1051.1,26628
2026-09-09T04:14:00+00:00,2026-09-09,04:14:00,1051.1,1051.4,1050.7,1051,21759
2026-09-09T04:15:00+00:00,2026-09-09,04:15:00,1051,1051.1,1049.3,1049.9,37372
2026-09-09T04:16:00+00:00,2026-09-09,04:16:00,1049.8,1049.8,1045.2,1045.7,62268
2026-09-09T04:17:00+00:00,2026-09-09,04:17:00,1045.5,1045.7,1043.1,1043.6,121148
2026-09-09T04:18:00+00:00,2026-09-09,04:18:00,1043.6,1043.9,1043.2,1043.9,34586
2026-09-09T04:19:00+00:00,2026-09-09,04:19:00,1043.9,1043.9,1042.9,1043.2,41683
2026-09-09T04:20:00+00:00,2026-09-09,04:20:00,1043.1,1044.4,1043,1044,112125
2026-09-09T04:21:00+00:00,2026-09-09,04:21:00,1044,1044.1,1043.5,1044,31620
2026-09-09T04:22:00+00:00,2026-09-09,04:22:00,1044,1045,1043.9,1044.9,24665
2026-09-09T04:23:00+00:00,2026-09-09,04:23:00,1044.9,1044.9,1044.3,1044.5,18599
2026-09-09T04:24:00+00:00,2026-09-09,04:24:00,1044.5,1044.7,1043.6,1043.7,31507
2026-09-09T04:25:00+00:00,2026-09-09,04:25:00,1043.7,1043.7,1042.9,1043,43301
2026-09-09T04:26:00+00:00,2026-09-09,04:26:00,1043,1043,1042.5,1042.8,33846
2026-09-09T04:27:00+00:00,2026-09-09,04:27:00,1042.8,1043.5,1042.7,1043.3,61647
2026-09-09T04:28:00+00:00,2026-09-09,04:28:00,1043,1044,1042.9,1044,17780
2026-09-09T04:29:00+00:00,2026-09-09,04:29:00,1044,1044,1043,1043.2,15419
2026-09-09T04:30:00+00:00,2026-09-09,04:30:00,1043.3,1043.3,1042.8,1043,12004
2026-09-09T04:31:00+00:00,2026-09-09,04:31:00,1043,1043.1,1042.2,1042.3,26634
2026-09-09T04:32:00+00:00,2026-09-09,04:32:00,1042.2,1042.5,1042,1042.5,39756
2026-09-09T04:33:00+00:00,2026-09-09,04:33:00,1042.5,1042.5,1042.1,1042.3,35768
2026-09-09T04:34:00+00:00,2026-09-09,04:34:00,1042.3,1043.4,1042.2,1043.1,35452
2026-09-09T04:35:00+00:00,2026-09-09,04:35:00,1043.1,1043.1,1042.7,1043,13664
2026-09-09T04:36:00+00:00,2026-09-09,04:36:00,1043,1043.8,1043,1043.1,39406
2026-09-09T04:37:00+00:00,2026-09-09,04:37:00,1043.2,1043.2,1042.8,1043,11763
2026-09-09T04:38:00+00:00,2026-09-09,04:38:00,1043,1043,1042.7,1042.8,12567
2026-09-09T04:39:00+00:00,2026-09-09,04:39:00,1042.8,1044.5,1042.8,1044,63310
2026-09-09T04:40:00+00:00,2026-09-09,04:40:00,1043.8,1044.1,1043.1,1043.8,17148
2026-09-09T04:41:00+00:00,2026-09-09,04:41:00,1043.8,1043.8,1043.5,1043.7,16198
2026-09-09T04:42:00+00:00,2026-09-09,04:42:00,1043.7,1044,1043.3,1043.5,14294
2026-09-09T04:43:00+00:00,2026-09-09,04:43:00,1043.3,1044.9,1043.3,1044.8,44272
2026-09-09T04:44:00+00:00,2026-09-09,04:44:00,1044.8,1044.8,1043.9,1044,30426
2026-09-09T04:45:00+00:00,2026-09-09,04:45:00,1044,1044.5,1043.8,1044.2,19785
2026-09-09T04:46:00+00:00,2026-09-09,04:46:00,1044.2,1044.5,1044,1044.5,15610
2026-09-09T04:47:00+00:00,2026-09-09,04:47:00,1044.5,1044.6,1044.4,1044.6,20744
2026-09-09T04:48:00+00:00,2026-09-09,04:48:00,1044.6,1045.7,1044.4,1044.5,55706
2026-09-09T04:49:00+00:00,2026-09-09,04:49:00,1044.5,1044.5,1043.7,1043.9,25303
2026-09-09T04:50:00+00:00,2026-09-09,04:50:00,1043.9,1044.2,1043.7,1043.7,19034
2026-09-09T04:51:00+00:00,2026-09-09,04:51:00,1043.7,1043.8,1043.2,1043.4,13598
2026-09-09T04:52:00+00:00,2026-09-09,04:52:00,1043.4,1043.4,1042.6,1043,38735
2026-09-09T04:53:00+00:00,2026-09-09,04:53:00,1043,1043,1042.5,1042.8,21901
2026-09-09T04:54:00+00:00,2026-09-09,04:54:00,1042.8,1043.4,1042.8,1043.3,56675
2026-09-09T04:55:00+00:00,2026-09-09,04:55:00,1043.3,1043.6,1043.2,1043.6,18710
2026-09-09T04:56:00+00:00,2026-09-09,04:56:00,1043.6,1044.1,1043.6,1044.1,25406
2026-09-09T04:57:00+00:00,2026-09-09,04:57:00,1044.1,1044.2,1043.5,1043.9,25106
2026-09-09T04:58:00+00:00,2026-09-09,04:58:00,1043.9,1043.9,1042.6,1042.6,39360
2026-09-09T04:59:00+00:00,2026-09-09,04:59:00,1042.8,1042.8,1042.5,1042.6,13004
2026-09-09T05:00:00+00:00,2026-09-09,05:00:00,1042.6,1042.6,1041.3,1041.6,80070
2026-09-09T05:01:00+00:00,2026-09-09,05:01:00,1041.6,1041.6,1041,1041,21149
2026-09-09T05:02:00+00:00,2026-09-09,05:02:00,1041.1,1041.8,1040.8,1041.7,64067
2026-09-09T05:03:00+00:00,2026-09-09,05:03:00,1041.8,1041.9,1041.5,1041.8,9861
2026-09-09T05:04:00+00:00,2026-09-09,05:04:00,1041.9,1042,1041.4,1041.4,18308
2026-09-09T05:05:00+00:00,2026-09-09,05:05:00,1041.5,1041.5,1041,1041.2,12470
2026-09-09T05:06:00+00:00,2026-09-09,05:06:00,1041.2,1041.2,1041.1,1041.2,10098
2026-09-09T05:07:00+00:00,2026-09-09,05:07:00,1041,1041.2,1040.7,1041,24054
2026-09-09T05:08:00+00:00,2026-09-09,05:08:00,1041,1041.3,1040.7,1040.8,29108
2026-09-09T05:09:00+00:00,2026-09-09,05:09:00,1040.8,1040.8,1040.6,1040.7,10072
2026-09-09T05:10:00+00:00,2026-09-09,05:10:00,1040.7,1040.7,1039,1039.8,165548
2026-09-09T05:11:00+00:00,2026-09-09,05:11:00,1039.8,1039.8,1039.1,1039.8,17776
2026-09-09T05:12:00+00:00,2026-09-09,05:12:00,1039.8,1040,1039.3,1040,17083
2026-09-09T05:13:00+00:00,2026-09-09,05:13:00,1040,1041.9,1039.9,1041.4,36364
2026-09-09T05:14:00+00:00,2026-09-09,05:14:00,1041.4,1041.7,1040.5,1041.5,22822
2026-09-09T05:15:00+00:00,2026-09-09,05:15:00,1041.5,1041.5,1040,1040.2,19408
2026-09-09T05:16:00+00:00,2026-09-09,05:16:00,1040.1,1040.2,1040,1040,19334
2026-09-09T05:17:00+00:00,2026-09-09,05:17:00,1040.1,1040.6,1040,1040.4,25701
2026-09-09T05:18:00+00:00,2026-09-09,05:18:00,1040.4,1041.2,1040.4,1041,16607
2026-09-09T05:19:00+00:00,2026-09-09,05:19:00,1041,1041.2,1040.7,1041,18548
2026-09-09T05:20:00+00:00,2026-09-09,05:20:00,1041,1041,1040.3,1040.5,12333
2026-09-09T05:21:00+00:00,2026-09-09,05:21:00,1040.5,1040.5,1040,1040.2,11071
2026-09-09T05:22:00+00:00,2026-09-09,05:22:00,1040.2,1040.3,1040,1040.3,7606
2026-09-09T05:23:00+00:00,2026-09-09,05:23:00,1040.3,1041.3,1040.3,1040.7,31469
2026-09-09T05:24:00+00:00,2026-09-09,05:24:00,1040.8,1040.9,1040.5,1040.5,8426
2026-09-09T05:25:00+00:00,2026-09-09,05:25:00,1040.5,1040.6,1040.2,1040.5,9850
2026-09-09T05:26:00+00:00,2026-09-09,05:26:00,1040.5,1040.5,1040.4,1040.5,13014
2026-09-09T05:27:00+00:00,2026-09-09,05:27:00,1040.5,1040.5,1040.4,1040.5,9905
2026-09-09T05:28:00+00:00,2026-09-09,05:28:00,1040.5,1040.8,1040.4,1040.7,8880
2026-09-09T05:29:00+00:00,2026-09-09,05:29:00,1040.8,1041.5,1040.8,1041.2,11428
2026-09-09T05:30:00+00:00,2026-09-09,05:30:00,1041,1041.2,1040.7,1040.7,16866
2026-09-09T05:31:00+00:00,2026-09-09,05:31:00,1040.6,1040.9,1040.6,1040.8,12096
2026-09-09T05:32:00+00:00,2026-09-09,05:32:00,1040.8,1040.9,1040.7,1040.8,7955
2026-09-09T05:33:00+00:00,2026-09-09,05:33:00,1040.8,1040.8,1040.5,1040.6,8317
2026-09-09T05:34:00+00:00,2026-09-09,05:34:00,1040.6,1040.6,1040,1040.2,16979
2026-09-09T05:35:00+00:00,2026-09-09,05:35:00,1040.2,1040.3,1040,1040.2,48231
2026-09-09T05:36:00+00:00,2026-09-09,05:36:00,1040.3,1040.3,1040,1040.2,8798
2026-09-09T05:37:00+00:00,2026-09-09,05:37:00,1040.2,1040.2,1039.6,1040,21780
2026-09-09T05:38:00+00:00,2026-09-09,05:38:00,1040,1040,1039.7,1039.8,9721
2026-09-09T05:39:00+00:00,2026-09-09,05:39:00,1039.8,1039.8,1039.5,1039.7,13826
2026-09-09T05:40:00+00:00,2026-09-09,05:40:00,1039.7,1039.7,1039,1039,14841
2026-09-09T05:41:00+00:00,2026-09-09,05:41:00,1039.2,1039.2,1039,1039,9161
2026-09-09T05:42:00+00:00,2026-09-09,05:42:00,1039.1,1039.9,1039,1039.7,86932
2026-09-09T05:43:00+00:00,2026-09-09,05:43:00,1039.7,1039.8,1038.9,1039,19133
2026-09-09T05:44:00+00:00,2026-09-09,05:44:00,1039,1039,1038.7,1039,7111
2026-09-09T05:45:00+00:00,2026-09-09,05:45:00,1039,1039.5,1038.6,1039.5,14986
2026-09-09T05:46:00+00:00,2026-09-09,05:46:00,1039.5,1039.9,1039.1,1039.7,20634
2026-09-09T05:47:00+00:00,2026-09-09,05:47:00,1039.7,1039.9,1039.2,1039.5,10852
2026-09-09T05:48:00+00:00,2026-09-09,05:48:00,1039.5,1039.6,1039.3,1039.5,6669
2026-09-09T05:49:00+00:00,2026-09-09,05:49:00,1039.3,1040,1038.8,1039.7,34858
2026-09-09T05:50:00+00:00,2026-09-09,05:50:00,1039.7,1040,1038.8,1039,31165
2026-09-09T05:51:00+00:00,2026-09-09,05:51:00,1038.9,1038.9,1037.6,1038.3,65523
2026-09-09T05:52:00+00:00,2026-09-09,05:52:00,1038.3,1038.4,1037.7,1037.9,19551
2026-09-09T05:53:00+00:00,2026-09-09,05:53:00,1037.7,1038.6,1037.7,1038.6,89059
2026-09-09T05:54:00+00:00,2026-09-09,05:54:00,1038.6,1038.9,1038.3,1038.8,13980
2026-09-09T05:55:00+00:00,2026-09-09,05:55:00,1038.8,1038.8,1037.5,1037.7,28632
2026-09-09T05:56:00+00:00,2026-09-09,05:56:00,1037.5,1037.6,1036.7,1037,47677
2026-09-09T05:57:00+00:00,2026-09-09,05:57:00,1037,1037.2,1036.9,1037,66692
2026-09-09T05:58:00+00:00,2026-09-09,05:58:00,1037,1037.5,1036.9,1037.3,68522
2026-09-09T05:59:00+00:00,2026-09-09,05:59:00,1036.9,1038.7,1036.9,1038.7,55735
2026-09-09T06:00:00+00:00,2026-09-09,06:00:00,1038.7,1038.7,1038.1,1038.1,11612
2026-09-09T06:01:00+00:00,2026-09-09,06:01:00,1038.1,1039.6,1038,1039.5,31993
2026-09-09T06:02:00+00:00,2026-09-09,06:02:00,1039.5,1039.5,1038,1038.6,68443
2026-09-09T06:03:00+00:00,2026-09-09,06:03:00,1038.6,1038.7,1037.7,1038,46527
2026-09-09T06:04:00+00:00,2026-09-09,06:04:00,1038,1038,1037,1037.7,70630
2026-09-09T06:05:00+00:00,2026-09-09,06:05:00,1037.7,1037.9,1037.7,1037.8,8231
2026-09-09T06:06:00+00:00,2026-09-09,06:06:00,1037.8,1038.2,1037.8,1037.8,17519
2026-09-09T06:07:00+00:00,2026-09-09,06:07:00,1038,1038.1,1037.9,1037.9,7984
2026-09-09T06:08:00+00:00,2026-09-09,06:08:00,1038,1038,1037.5,1037.9,9859
2026-09-09T06:09:00+00:00,2026-09-09,06:09:00,1037.9,1038.2,1037.7,1038.2,19501
2026-09-09T06:10:00+00:00,2026-09-09,06:10:00,1038.3,1038.8,1037.9,1038,73888
2026-09-09T06:11:00+00:00,2026-09-09,06:11:00,1038,1038.9,1037.9,1038.7,121393
2026-09-09T06:12:00+00:00,2026-09-09,06:12:00,1038.7,1039.3,1038.5,1039.2,30471
2026-09-09T06:13:00+00:00,2026-09-09,06:13:00,1039.3,1039.7,1038.8,1039.3,19364
2026-09-09T06:14:00+00:00,2026-09-09,06:14:00,1039.4,1039.7,1039.3,1039.7,13919
2026-09-09T06:15:00+00:00,2026-09-09,06:15:00,1039.7,1039.7,1038.9,1038.9,12792
2026-09-09T06:16:00+00:00,2026-09-09,06:16:00,1038.9,1039.7,1038.8,1039.7,34953
2026-09-09T06:17:00+00:00,2026-09-09,06:17:00,1039.7,1040.7,1039.7,1040.4,35676
2026-09-09T06:18:00+00:00,2026-09-09,06:18:00,1040.4,1040.4,1039.3,1039.6,12317
2026-09-09T06:19:00+00:00,2026-09-09,06:19:00,1039.6,1039.6,1039.2,1039.4,9270
2026-09-09T06:20:00+00:00,2026-09-09,06:20:00,1039.4,1039.4,1038.5,1038.9,12789
2026-09-09T06:21:00+00:00,2026-09-09,06:21:00,1038.9,1038.9,1038.5,1038.9,18765
2026-09-09T06:22:00+00:00,2026-09-09,06:22:00,1038.9,1038.9,1038.5,1038.8,7032
2026-09-09T06:23:00+00:00,2026-09-09,06:23:00,1038.8,1038.9,1038.6,1038.8,8653
2026-09-09T06:24:00+00:00,2026-09-09,06:24:00,1038.8,1038.8,1038.5,1038.6,10185
2026-09-09T06:25:00+00:00,2026-09-09,06:25:00,1038.6,1038.6,1037.8,1037.8,33893
2026-09-09T06:26:00+00:00,2026-09-09,06:26:00,1037.9,1038,1037.8,1037.8,15249
2026-09-09T06:27:00+00:00,2026-09-09,06:27:00,1037.8,1037.8,1037.7,1037.8,12172
2026-09-09T06:28:00+00:00,2026-09-09,06:28:00,1037.8,1037.8,1037.5,1037.6,12996
2026-09-09T06:29:00+00:00,2026-09-09,06:29:00,1037.6,1037.6,1037,1037.1,36186
2026-09-09T06:30:00+00:00,2026-09-09,06:30:00,1037.1,1037.2,1036.6,1036.9,26308
2026-09-09T06:31:00+00:00,2026-09-09,06:31:00,1036.9,1037,1036.5,1037,14563
2026-09-09T06:32:00+00:00,2026-09-09,06:32:00,1037,1037.9,1037,1037.7,50487
2026-09-09T06:33:00+00:00,2026-09-09,06:33:00,1037.8,1037.9,1037.3,1037.4,22762
2026-09-09T06:34:00+00:00,2026-09-09,06:34:00,1037.7,1037.7,1037.1,1037.5,14324
2026-09-09T06:35:00+00:00,2026-09-09,06:35:00,1037.3,1037.6,1037.1,1037.2,7276
2026-09-09T06:36:00+00:00,2026-09-09,06:36:00,1037.2,1037.2,1036.9,1037.2,14836
2026-09-09T06:37:00+00:00,2026-09-09,06:37:00,1037.2,1037.3,1036.8,1037.1,15156
2026-09-09T06:38:00+00:00,2026-09-09,06:38:00,1037.1,1037.1,1036.8,1036.9,7993
2026-09-09T06:39:00+00:00,2026-09-09,06:39:00,1036.8,1037,1036.7,1037,13662
2026-09-09T06:40:00+00:00,2026-09-09,06:40:00,1037,1037,1036.8,1037,14741
2026-09-09T06:41:00+00:00,2026-09-09,06:41:00,1037,1037,1036.3,1036.5,26052
2026-09-09T06:42:00+00:00,2026-09-09,06:42:00,1036.5,1036.6,1036.2,1036.6,16071
2026-09-09T06:43:00+00:00,2026-09-09,06:43:00,1036.6,1036.8,1036.4,1036.7,9493
2026-09-09T06:44:00+00:00,2026-09-09,06:44:00,1036.7,1036.8,1036.1,1036.1,22782
2026-09-09T06:45:00+00:00,2026-09-09,06:45:00,1036.3,1036.3,1035.6,1035.7,85861
2026-09-09T06:46:00+00:00,2026-09-09,06:46:00,1035.8,1035.9,1035.6,1035.6,17239
2026-09-09T06:47:00+00:00,2026-09-09,06:47:00,1035.6,1035.8,1035.5,1035.6,19005
2026-09-09T06:48:00+00:00,2026-09-09,06:48:00,1035.6,1035.9,1035.5,1035.7,28949
2026-09-09T06:49:00+00:00,2026-09-09,06:49:00,1035.6,1035.7,1035.2,1035.5,19086
2026-09-09T06:50:00+00:00,2026-09-09,06:50:00,1035.5,1035.5,1035,1035.1,86947
2026-09-09T06:51:00+00:00,2026-09-09,06:51:00,1035.1,1035.1,1034.4,1034.8,24798
2026-09-09T06:52:00+00:00,2026-09-09,06:52:00,1034.6,1034.8,1034.3,1034.8,23827
2026-09-09T06:53:00+00:00,2026-09-09,06:53:00,1034.7,1034.8,1034.4,1034.7,14641
2026-09-09T06:54:00+00:00,2026-09-09,06:54:00,1034.7,1035.2,1034.4,1035.1,67852
2026-09-09T06:55:00+00:00,2026-09-09,06:55:00,1035.1,1035.2,1034.7,1035,11953
2026-09-09T06:56:00+00:00,2026-09-09,06:56:00,1035.1,1035.2,1035,1035,12636
2026-09-09T06:57:00+00:00,2026-09-09,06:57:00,1035.1,1035.5,1035.1,1035.3,16278
2026-09-09T06:58:00+00:00,2026-09-09,06:58:00,1035.4,1035.5,1035.2,1035.3,11941
2026-09-09T06:59:00+00:00,2026-09-09,06:59:00,1035.3,1035.3,1035,1035.1,17610
2026-09-09T07:00:00+00:00,2026-09-09,07:00:00,1035.1,1035.1,1035,1035.1,14706
2026-09-09T07:01:00+00:00,2026-09-09,07:01:00,1035.1,1035.7,1035,1035.5,39009
2026-09-09T07:02:00+00:00,2026-09-09,07:02:00,1035.5,1035.9,1035.5,1035.9,20623
2026-09-09T07:03:00+00:00,2026-09-09,07:03:00,1035.9,1036.9,1035.6,1036.3,29841
2026-09-09T07:04:00+00:00,2026-09-09,07:04:00,1036.3,1036.4,1035.7,1036,15904
2026-09-09T07:05:00+00:00,2026-09-09,07:05:00,1035.9,1036.2,1035.5,1036.1,15274
2026-09-09T07:06:00+00:00,2026-09-09,07:06:00,1036.1,1036.1,1035.2,1035.6,39822
2026-09-09T07:07:00+00:00,2026-09-09,07:07:00,1035.6,1035.8,1035.3,1035.5,27470
2026-09-09T07:08:00+00:00,2026-09-09,07:08:00,1035.6,1035.6,1035,1035.3,31162
2026-09-09T07:09:00+00:00,2026-09-09,07:09:00,1035.3,1035.6,1035.2,1035.6,32349
2026-09-09T07:10:00+00:00,2026-09-09,07:10:00,1035.6,1035.8,1035.4,1035.4,22426
2026-09-09T07:11:00+00:00,2026-09-09,07:11:00,1035.5,1035.5,1035,1035.3,38078
2026-09-09T07:12:00+00:00,2026-09-09,07:12:00,1035.3,1035.3,1035.1,1035.3,17605
2026-09-09T07:13:00+00:00,2026-09-09,07:13:00,1035.2,1036,1035.1,1036,41195
2026-09-09T07:14:00+00:00,2026-09-09,07:14:00,1035.9,1036.2,1035.7,1036.2,24391
2026-09-09T07:15:00+00:00,2026-09-09,07:15:00,1036.2,1036.2,1035.5,1035.8,24498
2026-09-09T07:16:00+00:00,2026-09-09,07:16:00,1035.8,1035.9,1035.6,1035.9,19319
2026-09-09T07:17:00+00:00,2026-09-09,07:17:00,1035.9,1036.2,1035.6,1036.2,18624
2026-09-09T07:18:00+00:00,2026-09-09,07:18:00,1036.2,1036.7,1035.9,1036.7,35189
2026-09-09T07:19:00+00:00,2026-09-09,07:19:00,1036.7,1036.7,1036.3,1036.4,16599
2026-09-09T07:20:00+00:00,2026-09-09,07:20:00,1036.3,1036.3,1036,1036.2,20906
2026-09-09T07:21:00+00:00,2026-09-09,07:21:00,1036.2,1036.2,1036,1036.2,17605
2026-09-09T07:22:00+00:00,2026-09-09,07:22:00,1036.2,1036.9,1036.1,1036.7,37340
2026-09-09T07:23:00+00:00,2026-09-09,07:23:00,1036.7,1036.8,1036,1036.1,20624
2026-09-09T07:24:00+00:00,2026-09-09,07:24:00,1035.8,1036.1,1035.5,1035.8,31929
2026-09-09T07:25:00+00:00,2026-09-09,07:25:00,1035.8,1035.9,1035.6,1035.8,18026
2026-09-09T07:26:00+00:00,2026-09-09,07:26:00,1035.8,1036,1035.5,1035.8,21583
2026-09-09T07:27:00+00:00,2026-09-09,07:27:00,1035.7,1036.3,1035.6,1036.1,51265
2026-09-09T07:28:00+00:00,2026-09-09,07:28:00,1036.1,1036.4,1036,1036.2,20000
2026-09-09T07:29:00+00:00,2026-09-09,07:29:00,1036.2,1036.3,1036,1036.3,14595
2026-09-09T07:30:00+00:00,2026-09-09,07:30:00,1036.3,1036.4,1036,1036.1,14327
2026-09-09T07:31:00+00:00,2026-09-09,07:31:00,1036.1,1036.2,1035.5,1035.7,19251
2026-09-09T07:32:00+00:00,2026-09-09,07:32:00,1035.6,1035.7,1035.1,1035.3,15819
2026-09-09T07:33:00+00:00,2026-09-09,07:33:00,1035.3,1035.3,1035,1035.1,29238
2026-09-09T07:34:00+00:00,2026-09-09,07:34:00,1035.1,1035.1,1034.8,1034.9,32535
2026-09-09T07:35:00+00:00,2026-09-09,07:35:00,1034.9,1035.2,1034.7,1035.2,35629
2026-09-09T07:36:00+00:00,2026-09-09,07:36:00,1035.2,1035.4,1035,1035.4,19855
2026-09-09T07:37:00+00:00,2026-09-09,07:37:00,1035.3,1036.2,1035.3,1036.2,20970
2026-09-09T07:38:00+00:00,2026-09-09,07:38:00,1036.2,1036.4,1035.5,1035.8,15930
2026-09-09T07:39:00+00:00,2026-09-09,07:39:00,1035.8,1035.9,1035.2,1035.3,12412
2026-09-09T07:40:00+00:00,2026-09-09,07:40:00,1035.3,1035.4,1035,1035.1,13981
2026-09-09T07:41:00+00:00,2026-09-09,07:41:00,1035.1,1035.3,1035,1035.1,23096
2026-09-09T07:42:00+00:00,2026-09-09,07:42:00,1035.1,1035.1,1034.3,1034.6,35313
2026-09-09T07:43:00+00:00,2026-09-09,07:43:00,1034.5,1034.7,1034.3,1034.6,10266
2026-09-09T07:44:00+00:00,2026-09-09,07:44:00,1034.6,1034.7,1034.5,1034.7,14672
2026-09-09T07:45:00+00:00,2026-09-09,07:45:00,1034.7,1034.7,1034.3,1034.4,11456
2026-09-09T07:46:00+00:00,2026-09-09,07:46:00,1034.3,1034.5,1034.3,1034.5,18794
2026-09-09T07:47:00+00:00,2026-09-09,07:47:00,1034.5,1034.7,1034.3,1034.7,32241
2026-09-09T07:48:00+00:00,2026-09-09,07:48:00,1034.7,1035.4,1034.6,1035.3,29139
2026-09-09T07:49:00+00:00,2026-09-09,07:49:00,1035.4,1035.5,1035,1035.3,19339
2026-09-09T07:50:00+00:00,2026-09-09,07:50:00,1035.3,1035.3,1035,1035.3,14753
2026-09-09T07:51:00+00:00,2026-09-09,07:51:00,1035.3,1035.3,1035,1035.3,10959
2026-09-09T07:52:00+00:00,2026-09-09,07:52:00,1035.3,1035.3,1035,1035.2,20305
2026-09-09T07:53:00+00:00,2026-09-09,07:53:00,1035.2,1035.3,1035,1035.1,14329
2026-09-09T07:54:00+00:00,2026-09-09,07:54:00,1035,1035.3,1034.7,1035.3,19944
2026-09-09T07:55:00+00:00,2026-09-09,07:55:00,1035.2,1035.6,1035.1,1035.5,25718
2026-09-09T07:56:00+00:00,2026-09-09,07:56:00,1035.6,1035.6,1035.1,1035.5,14308
2026-09-09T07:57:00+00:00,2026-09-09,07:57:00,1035.4,1035.5,1035.2,1035.2,9958
2026-09-09T07:58:00+00:00,2026-09-09,07:58:00,1035.2,1035.3,1035,1035.3,22137
2026-09-09T07:59:00+00:00,2026-09-09,07:59:00,1035.3,1036,1035.2,1035.9,44147
2026-09-09T08:00:00+00:00,2026-09-09,08:00:00,1036,1036,1035.3,1035.7,11575
2026-09-09T08:01:00+00:00,2026-09-09,08:01:00,1035.7,1036.4,1035.7,1036.3,28457
2026-09-09T08:02:00+00:00,2026-09-09,08:02:00,1036.3,1036.3,1035.6,1035.8,20369
2026-09-09T08:03:00+00:00,2026-09-09,08:03:00,1035.7,1035.8,1035.1,1035.2,11179
2026-09-09T08:04:00+00:00,2026-09-09,08:04:00,1035.2,1035.9,1035,1035.3,49202
2026-09-09T08:05:00+00:00,2026-09-09,08:05:00,1035.3,1035.6,1035,1035.2,23865
2026-09-09T08:06:00+00:00,2026-09-09,08:06:00,1035.2,1035.2,1034.4,1034.7,43691
2026-09-09T08:07:00+00:00,2026-09-09,08:07:00,1034.7,1035,1034.5,1035,24591
2026-09-09T08:08:00+00:00,2026-09-09,08:08:00,1035.1,1035.7,1035,1035.3,15546
2026-09-09T08:09:00+00:00,2026-09-09,08:09:00,1035.3,1035.6,1035.2,1035.4,13362
2026-09-09T08:10:00+00:00,2026-09-09,08:10:00,1035.5,1035.6,1035.3,1035.4,12382
2026-09-09T08:11:00+00:00,2026-09-09,08:11:00,1035.4,1035.4,1035.1,1035.3,15335
2026-09-09T08:12:00+00:00,2026-09-09,08:12:00,1035,1035.4,1035,1035.1,14429
2026-09-09T08:13:00+00:00,2026-09-09,08:13:00,1035.2,1035.3,1035,1035.2,13946
2026-09-09T08:14:00+00:00,2026-09-09,08:14:00,1035.2,1035.3,1034.7,1034.9,24700
2026-09-09T08:15:00+00:00,2026-09-09,08:15:00,1034.9,1035.1,1034.7,1035,13497
2026-09-09T08:16:00+00:00,2026-09-09,08:16:00,1034.9,1035.1,1034.7,1034.9,8176
2026-09-09T08:17:00+00:00,2026-09-09,08:17:00,1034.9,1035.1,1034.7,1035.1,25512
2026-09-09T08:18:00+00:00,2026-09-09,08:18:00,1035.1,1035.1,1034.9,1035,9426
2026-09-09T08:19:00+00:00,2026-09-09,08:19:00,1035,1035.1,1034.9,1035.1,12550
2026-09-09T08:20:00+00:00,2026-09-09,08:20:00,1035.1,1035.1,1035,1035,10775
2026-09-09T08:21:00+00:00,2026-09-09,08:21:00,1035.1,1035.1,1034.8,1034.9,16570
2026-09-09T08:22:00+00:00,2026-09-09,08:22:00,1034.9,1035.1,1034.8,1035.1,27885
2026-09-09T08:23:00+00:00,2026-09-09,08:23:00,1035.1,1035.1,1034.8,1034.8,30186
2026-09-09T08:24:00+00:00,2026-09-09,08:24:00,1034.6,1034.7,1034,1034.3,45123
2026-09-09T08:25:00+00:00,2026-09-09,08:25:00,1034.2,1034.2,1034,1034,32631
2026-09-09T08:26:00+00:00,2026-09-09,08:26:00,1034.1,1034.2,1033.6,1033.6,56645
2026-09-09T08:27:00+00:00,2026-09-09,08:27:00,1033.6,1033.7,1033.4,1033.5,29833
2026-09-09T08:28:00+00:00,2026-09-09,08:28:00,1033.4,1033.5,1033.4,1033.5,39267
2026-09-09T08:29:00+00:00,2026-09-09,08:29:00,1033.4,1033.5,1033.3,1033.4,25507
2026-09-09T08:30:00+00:00,2026-09-09,08:30:00,1033.5,1033.5,1033.2,1033.2,22171
2026-09-09T08:31:00+00:00,2026-09-09,08:31:00,1033.3,1033.3,1033.1,1033.1,29211
2026-09-09T08:32:00+00:00,2026-09-09,08:32:00,1033.1,1033.2,1033,1033.1,64844
2026-09-09T08:33:00+00:00,2026-09-09,08:33:00,1033,1033.9,1033,1033.4,67073
2026-09-09T08:34:00+00:00,2026-09-09,08:34:00,1033.5,1033.5,1033.1,1033.2,17323
2026-09-09T08:35:00+00:00,2026-09-09,08:35:00,1033.2,1033.2,1033,1033.1,22813
2026-09-09T08:36:00+00:00,2026-09-09,08:36:00,1033.1,1033.1,1032.7,1033,28438
2026-09-09T08:37:00+00:00,2026-09-09,08:37:00,1033,1033,1032.3,1032.5,79803
2026-09-09T08:38:00+00:00,2026-09-09,08:38:00,1032.7,1033.1,1032.6,1033,39695
2026-09-09T08:39:00+00:00,2026-09-09,08:39:00,1033,1033.2,1032.7,1033,67514
2026-09-09T08:40:00+00:00,2026-09-09,08:40:00,1033,1033,1032.6,1032.7,26266
2026-09-09T08:41:00+00:00,2026-09-09,08:41:00,1032.7,1033.2,1032.6,1033.1,36300
2026-09-09T08:42:00+00:00,2026-09-09,08:42:00,1033.1,1033.1,1032.7,1032.7,29467
2026-09-09T08:43:00+00:00,2026-09-09,08:43:00,1032.8,1033,1032.5,1032.5,41709
2026-09-09T08:44:00+00:00,2026-09-09,08:44:00,1032.5,1032.7,1032.5,1032.6,19862
2026-09-09T08:45:00+00:00,2026-09-09,08:45:00,1032.6,1032.7,1032.2,1032.7,70453
2026-09-09T08:46:00+00:00,2026-09-09,08:46:00,1032.6,1033,1032.5,1032.7,23233
2026-09-09T08:47:00+00:00,2026-09-09,08:47:00,1032.7,1033,1032.6,1032.9,44055
2026-09-09T08:48:00+00:00,2026-09-09,08:48:00,1032.9,1032.9,1032.5,1032.7,26118
2026-09-09T08:49:00+00:00,2026-09-09,08:49:00,1032.7,1032.7,1032.4,1032.5,30449
2026-09-09T08:50:00+00:00,2026-09-09,08:50:00,1032.5,1033.1,1032.3,1032.6,80827
2026-09-09T08:51:00+00:00,2026-09-09,08:51:00,1032.6,1032.9,1032.5,1032.9,29400
2026-09-09T08:52:00+00:00,2026-09-09,08:52:00,1032.8,1032.9,1032.5,1032.6,22403
2026-09-09T08:53:00+00:00,2026-09-09,08:53:00,1032.6,1032.6,1032.1,1032.3,49848
2026-09-09T08:54:00+00:00,2026-09-09,08:54:00,1032.3,1032.3,1032.1,1032.3,29596
2026-09-09T08:55:00+00:00,2026-09-09,08:55:00,1032.3,1032.4,1032,1032.4,99037
2026-09-09T08:56:00+00:00,2026-09-09,08:56:00,1033,1033,1031.7,1032.5,57251
2026-09-09T08:57:00+00:00,2026-09-09,08:57:00,1032.1,1032.5,1032,1032.2,23653
2026-09-09T08:58:00+00:00,2026-09-09,08:58:00,1032.2,1032.7,1032,1032.7,85362
2026-09-09T08:59:00+00:00,2026-09-09,08:59:00,1032.7,1032.7,1032,1032.7,29227
2026-09-09T09:00:00+00:00,2026-09-09,09:00:00,1032.7,1032.7,1032,1032.3,21120
2026-09-09T09:01:00+00:00,2026-09-09,09:01:00,1032.1,1032.4,1032,1032.2,16262
2026-09-09T09:02:00+00:00,2026-09-09,09:02:00,1032.2,1032.5,1032,1032.2,17544
2026-09-09T09:03:00+00:00,2026-09-09,09:03:00,1032.2,1032.3,1032,1032,22753
2026-09-09T09:04:00+00:00,2026-09-09,09:04:00,1032,1032.2,1031.7,1032,14426
2026-09-09T09:05:00+00:00,2026-09-09,09:05:00,1031.7,1032,1031.5,1032,22984
2026-09-09T09:06:00+00:00,2026-09-09,09:06:00,1032,1032,1031.4,1031.4,20867
2026-09-09T09:07:00+00:00,2026-09-09,09:07:00,1031.7,1031.7,1031.2,1031.5,22460
2026-09-09T09:08:00+00:00,2026-09-09,09:08:00,1031.5,1031.6,1031.1,1031.2,24825
2026-09-09T09:09:00+00:00,2026-09-09,09:09:00,1031.3,1031.4,1030.5,1030.5,58951
2026-09-09T09:10:00+00:00,2026-09-09,09:10:00,1030.9,1031.1,1030.7,1031,25373
2026-09-09T09:11:00+00:00,2026-09-09,09:11:00,1031,1031.4,1030.8,1031.3,28664
2026-09-09T09:12:00+00:00,2026-09-09,09:12:00,1031.2,1031.4,1031,1031,20695
2026-09-09T09:13:00+00:00,2026-09-09,09:13:00,1031,1031.3,1031,1031.1,22686
2026-09-09T09:14:00+00:00,2026-09-09,09:14:00,1031.1,1031.3,1030.6,1031,33638
2026-09-09T09:15:00+00:00,2026-09-09,09:15:00,1031,1031.1,1030.2,1030.5,32636
2026-09-09T09:16:00+00:00,2026-09-09,09:16:00,1030.5,1030.7,1030.2,1030.2,29285
2026-09-09T09:17:00+00:00,2026-09-09,09:17:00,1030.4,1030.4,1030,1030.2,48938
2026-09-09T09:18:00+00:00,2026-09-09,09:18:00,1030.2,1030.5,1030.1,1030.2,52284
2026-09-09T09:19:00+00:00,2026-09-09,09:19:00,1030.2,1030.4,1030,1030.2,26409
2026-09-09T09:20:00+00:00,2026-09-09,09:20:00,1030.3,1030.3,1029.5,1030,144605
2026-09-09T09:21:00+00:00,2026-09-09,09:21:00,1030.1,1030.3,1029.8,1030.2,42137
2026-09-09T09:22:00+00:00,2026-09-09,09:22:00,1030.1,1030.6,1030.1,1030.2,54018
2026-09-09T09:23:00+00:00,2026-09-09,09:23:00,1030.1,1030.5,1030.1,1030.3,32245
2026-09-09T09:24:00+00:00,2026-09-09,09:24:00,1030.4,1030.5,1030.1,1030.1,22271
2026-09-09T09:25:00+00:00,2026-09-09,09:25:00,1030.2,1030.4,1029.8,1030,28348
2026-09-09T09:26:00+00:00,2026-09-09,09:26:00,1030,1030.1,1029.9,1030,34338
2026-09-09T09:27:00+00:00,2026-09-09,09:27:00,1030,1030.3,1030,1030.1,33532
2026-09-09T09:28:00+00:00,2026-09-09,09:28:00,1030.3,1030.3,1030,1030.1,27460
2026-09-09T09:29:00+00:00,2026-09-09,09:29:00,1030.2,1030.6,1030,1030.6,40790
2026-09-09T09:30:00+00:00,2026-09-09,09:30:00,1030.6,1030.6,1030.2,1030.4,28889
2026-09-09T09:31:00+00:00,2026-09-09,09:31:00,1030.2,1030.4,1029.9,1029.9,62244
2026-09-09T09:32:00+00:00,2026-09-09,09:32:00,1029.9,1030,1029.6,1029.7,37392
2026-09-09T09:33:00+00:00,2026-09-09,09:33:00,1029.7,1029.7,1029,1029.1,75246
2026-09-09T09:34:00+00:00,2026-09-09,09:34:00,1029.1,1029.1,1027.8,1028.1,71417
2026-09-09T09:35:00+00:00,2026-09-09,09:35:00,1028,1028,1027,1027.4,113635
2026-09-09T09:36:00+00:00,2026-09-09,09:36:00,1027.4,1028.5,1026.7,1028.4,126177
2026-09-09T09:37:00+00:00,2026-09-09,09:37:00,1028.2,1029.4,1028.1,1029.3,102574
2026-09-09T09:38:00+00:00,2026-09-09,09:38:00,1029.3,1029.9,1029.1,1029.3,116525
2026-09-09T09:39:00+00:00,2026-09-09,09:39:00,1029.2,1030.6,1028.4,1030.6,120460
2026-09-09T09:40:00+00:00,2026-09-09,09:40:00,1030.5,1030.6,1030.2,1030.5,71652
2026-09-09T09:41:00+00:00,2026-09-09,09:41:00,1030.5,1032,1030.5,1032,77200
2026-09-09T09:42:00+00:00,2026-09-09,09:42:00,1031.9,1032,1030.6,1031.7,164809
2026-09-09T09:43:00+00:00,2026-09-09,09:43:00,1031.9,1032.6,1030.9,1032.5,99927
2026-09-09T09:44:00+00:00,2026-09-09,09:44:00,1032.5,1033,1032,1032.8,32893
2026-09-09T09:45:00+00:00,2026-09-09,09:45:00,1032.5,1033,1032,1032.8,32893
2026-09-09T09:46:00+00:00,2026-09-09,09:46:00,1032.5,1033,1032,1032.8,32893
2026-09-09T09:47:00+00:00,2026-09-09,09:47:00,1032.5,1033,1032,1032.8,32893
2026-09-09T09:48:00+00:00,2026-09-09,09:48:00,1032.5,1033,1032,1032.8,32893
2026-09-09T09:49:00+00:00,2026-09-09,09:49:00,1032.5,1033,1032,1032.8,32893
2026-09-09T09:50:00+00:00,2026-09-09,09:50:00,1032.5,1033,1032,1032.8,32893
2026-09-09T09:51:00+00:00,2026-09-09,09:51:00,1032.5,1033,1032,1032.8,32893
2026-09-09T09:52:00+00:00,2026-09-09,09:52:00,1032.5,1033,1032,1032.8,32893
2026-09-09T09:53:00+00:00,2026-09-09,09:53:00,1032.5,1033,1032,1032.8,32893
2026-09-09T09:54:00+00:00,2026-09-09,09:54:00,1032.5,1033,1032,1032.8,32893
2026-09-09T09:55:00+00:00,2026-09-09,09:55:00,1032.5,1033,1032,1032.8,32893
2026-09-09T09:56:00+00:00,2026-09-09,09:56:00,1032.5,1033,1032,1032.8,32893
2026-09-09T09:57:00+00:00,2026-09-09,09:57:00,1032.5,1033,1032,1032.8,32893
2026-09-09T09:58:00+00:00,2026-09-09,09:58:00,1035,1035,1035,1035,0
2026-09-09T09:59:00+00:00,2026-09-09,09:59:00,1035,1035,1035,1035,0
2026-09-09T10:00:00+00:00,2026-09-09,10:00:00,1035,1035,1035,1035,0
2026-09-10T03:45:00+00:00,2026-09-10,03:45:00,1039.6,1040,1030.2,1030.6,227091
2026-09-10T03:46:00+00:00,2026-09-10,03:46:00,1029.7,1029.8,1027.8,1029.4,160372
2026-09-10T03:47:00+00:00,2026-09-10,03:47:00,1029.4,1036.5,1029.4,1036.1,120771
2026-09-10T03:48:00+00:00,2026-09-10,03:48:00,1036.2,1036.9,1035.3,1036.9,84356
2026-09-10T03:49:00+00:00,2026-09-10,03:49:00,1036.8,1037.7,1036.5,1037.6,67211
2026-09-10T03:50:00+00:00,2026-09-10,03:50:00,1037.6,1037.8,1034.2,1034.6,113736
2026-09-10T03:51:00+00:00,2026-09-10,03:51:00,1034.4,1036.4,1034.4,1036,65002
2026-09-10T03:52:00+00:00,2026-09-10,03:52:00,1036,1036,1033.6,1034.2,98369
2026-09-10T03:53:00+00:00,2026-09-10,03:53:00,1034.2,1038.2,1033.6,1037.3,114530
2026-09-10T03:54:00+00:00,2026-09-10,03:54:00,1037.5,1038.9,1037,1038.5,52053
2026-09-10T03:55:00+00:00,2026-09-10,03:55:00,1038.6,1038.6,1036.5,1037.9,56093
2026-09-10T03:56:00+00:00,2026-09-10,03:56:00,1038,1038,1036.4,1037.4,45081
2026-09-10T03:57:00+00:00,2026-09-10,03:57:00,1037.5,1038,1037.3,1037.5,36522
2026-09-10T03:58:00+00:00,2026-09-10,03:58:00,1037.5,1038.7,1037.4,1038.7,18398
2026-09-10T03:59:00+00:00,2026-09-10,03:59:00,1038.9,1039.5,1038.6,1038.8,48427
2026-09-10T04:00:00+00:00,2026-09-10,04:00:00,1038.9,1040.4,1038.7,1039.3,69365
2026-09-10T04:01:00+00:00,2026-09-10,04:01:00,1039.4,1039.6,1037.8,1038.2,35521
2026-09-10T04:02:00+00:00,2026-09-10,04:02:00,1038,1039.8,1037.9,1039.5,63293
2026-09-10T04:03:00+00:00,2026-09-10,04:03:00,1039.7,1041.9,1039.5,1041.1,147402
2026-09-10T04:04:00+00:00,2026-09-10,04:04:00,1041.2,1044.8,1041.2,1042.8,156793
2026-09-10T04:05:00+00:00,2026-09-10,04:05:00,1042.9,1043.7,1042.6,1042.8,48915
2026-09-10T04:06:00+00:00,2026-09-10,04:06:00,1042.7,1043.3,1042.4,1043.1,50010
2026-09-10T04:07:00+00:00,2026-09-10,04:07:00,1042.7,1044.5,1042,1044.5,85877
2026-09-10T04:08:00+00:00,2026-09-10,04:08:00,1044.6,1045.2,1043.3,1043.5,149084
2026-09-10T04:09:00+00:00,2026-09-10,04:09:00,1043.6,1043.6,1041.3,1041.3,35505
2026-09-10T04:10:00+00:00,2026-09-10,04:10:00,1041.2,1045.9,1041.1,1045.8,117493
2026-09-10T04:11:00+00:00,2026-09-10,04:11:00,1046.1,1046.3,1045.1,1045.6,41828
2026-09-10T04:12:00+00:00,2026-09-10,04:12:00,1045.7,1046.6,1044.1,1044.4,53536
2026-09-10T04:13:00+00:00,2026-09-10,04:13:00,1044.1,1044.3,1043.2,1043.4,29986
2026-09-10T04:14:00+00:00,2026-09-10,04:14:00,1043.4,1043.6,1042.8,1043.4,44077
2026-09-10T04:15:00+00:00,2026-09-10,04:15:00,1043.3,1044.4,1043,1043.4,33773
2026-09-10T04:16:00+00:00,2026-09-10,04:16:00,1043.5,1043.5,1041,1041.3,48442
2026-09-10T04:17:00+00:00,2026-09-10,04:17:00,1041.3,1041.3,1040,1040.2,48521
2026-09-10T04:18:00+00:00,2026-09-10,04:18:00,1040.2,1041.1,1040,1040.5,50971
2026-09-10T04:19:00+00:00,2026-09-10,04:19:00,1040.8,1042,1040.7,1041.8,28608
2026-09-10T04:20:00+00:00,2026-09-10,04:20:00,1041.8,1042.6,1041.6,1042.3,19093
2026-09-10T04:21:00+00:00,2026-09-10,04:21:00,1042.6,1042.6,1041.9,1042.3,20316
2026-09-10T04:22:00+00:00,2026-09-10,04:22:00,1042.1,1042.4,1041.3,1041.6,12735
2026-09-10T04:23:00+00:00,2026-09-10,04:23:00,1041.6,1042.3,1041.3,1041.8,26857
2026-09-10T04:24:00+00:00,2026-09-10,04:24:00,1041.8,1042.3,1041.6,1042,11427
2026-09-10T04:25:00+00:00,2026-09-10,04:25:00,1042,1042.3,1041.5,1041.8,29776
2026-09-10T04:26:00+00:00,2026-09-10,04:26:00,1041.6,1041.9,1041.2,1041.8,14708
2026-09-10T04:27:00+00:00,2026-09-10,04:27:00,1041.8,1041.8,1040.3,1040.4,17353
2026-09-10T04:28:00+00:00,2026-09-10,04:28:00,1040.4,1040.4,1039.3,1039.7,24309
2026-09-10T04:29:00+00:00,2026-09-10,04:29:00,1039.7,1040,1039.3,1039.5,29274
2026-09-10T04:30:00+00:00,2026-09-10,04:30:00,1039.4,1039.5,1039.1,1039.3,17907
2026-09-10T04:31:00+00:00,2026-09-10,04:31:00,1039.3,1039.3,1038.2,1038.2,16328
2026-09-10T04:32:00+00:00,2026-09-10,04:32:00,1038.3,1038.5,1037.8,1037.9,26627
2026-09-10T04:33:00+00:00,2026-09-10,04:33:00,1037.9,1039.2,1037.7,1039.2,32869
2026-09-10T04:34:00+00:00,2026-09-10,04:34:00,1039.3,1039.8,1039.1,1039.7,13539
2026-09-10T04:35:00+00:00,2026-09-10,04:35:00,1039.4,1039.4,1038.9,1039,15099
2026-09-10T04:36:00+00:00,2026-09-10,04:36:00,1039,1039.3,1038.8,1039,19332
2026-09-10T04:37:00+00:00,2026-09-10,04:37:00,1039.1,1039.2,1038.5,1038.7,12640
2026-09-10T04:38:00+00:00,2026-09-10,04:38:00,1038.7,1038.7,1038.5,1038.5,11659
2026-09-10T04:39:00+00:00,2026-09-10,04:39:00,1038.5,1038.8,1038.3,1038.8,18456
2026-09-10T04:40:00+00:00,2026-09-10,04:40:00,1038.8,1038.8,1038.2,1038.3,10859
2026-09-10T04:41:00+00:00,2026-09-10,04:41:00,1038.4,1038.4,1037.3,1037.8,23151
2026-09-10T04:42:00+00:00,2026-09-10,04:42:00,1037.8,1037.8,1037.3,1037.6,11383
2026-09-10T04:43:00+00:00,2026-09-10,04:43:00,1037.7,1038,1037.7,1037.9,10486
2026-09-10T04:44:00+00:00,2026-09-10,04:44:00,1038,1038,1037.5,1037.5,16262
2026-09-10T04:45:00+00:00,2026-09-10,04:45:00,1037.3,1037.4,1037.2,1037.3,6799
2026-09-10T04:46:00+00:00,2026-09-10,04:46:00,1037.3,1037.3,1037.1,1037.2,33563
2026-09-10T04:47:00+00:00,2026-09-10,04:47:00,1037.2,1037.5,1037.1,1037.4,7035
2026-09-10T04:48:00+00:00,2026-09-10,04:48:00,1037.5,1037.5,1036.9,1037.2,19494
2026-09-10T04:49:00+00:00,2026-09-10,04:49:00,1037.2,1037.5,1036.8,1037.2,12416
2026-09-10T04:50:00+00:00,2026-09-10,04:50:00,1037.2,1037.2,1036.3,1036.6,15772
2026-09-10T04:51:00+00:00,2026-09-10,04:51:00,1036.6,1037.1,1036.6,1037,8688
2026-09-10T04:52:00+00:00,2026-09-10,04:52:00,1037,1037,1036.8,1036.9,3160
2026-09-10T04:53:00+00:00,2026-09-10,04:53:00,1036.9,1036.9,1036.8,1036.9,5428
2026-09-10T04:54:00+00:00,2026-09-10,04:54:00,1036.9,1036.9,1035.7,1035.8,25102
2026-09-10T04:55:00+00:00,2026-09-10,04:55:00,1035.9,1036.5,1035.7,1036.5,30987
2026-09-10T04:56:00+00:00,2026-09-10,04:56:00,1036.9,1038,1036.6,1038,17872
2026-09-10T04:57:00+00:00,2026-09-10,04:57:00,1038,1038.1,1037,1037.1,18683
2026-09-10T04:58:00+00:00,2026-09-10,04:58:00,1037.2,1037.3,1036.6,1036.9,7897
2026-09-10T04:59:00+00:00,2026-09-10,04:59:00,1036.9,1037.6,1036.8,1036.9,12023
2026-09-10T05:00:00+00:00,2026-09-10,05:00:00,1036.9,1037.1,1036.3,1037.1,67194
2026-09-10T05:01:00+00:00,2026-09-10,05:01:00,1036.9,1037.5,1036.9,1037.1,20354
2026-09-10T05:02:00+00:00,2026-09-10,05:02:00,1037.1,1037.5,1037,1037.5,4361
2026-09-10T05:03:00+00:00,2026-09-10,05:03:00,1037.5,1037.7,1037.3,1037.5,6181
2026-09-10T05:04:00+00:00,2026-09-10,05:04:00,1037.5,1037.8,1037.3,1037.8,6438
2026-09-10T05:05:00+00:00,2026-09-10,05:05:00,1037.8,1037.8,1036.3,1036.5,22157
2026-09-10T05:06:00+00:00,2026-09-10,05:06:00,1036.5,1036.6,1035.8,1035.8,11372
2026-09-10T05:07:00+00:00,2026-09-10,05:07:00,1036.2,1036.8,1035.9,1036.8,9915
2026-09-10T05:08:00+00:00,2026-09-10,05:08:00,1036.6,1037,1036.6,1037,4357
2026-09-10T05:09:00+00:00,2026-09-10,05:09:00,1037,1037,1036.8,1036.9,5111
2026-09-10T05:10:00+00:00,2026-09-10,05:10:00,1037,1037,1036.9,1037,5721
2026-09-10T05:11:00+00:00,2026-09-10,05:11:00,1037,1037,1036.6,1036.8,18880
2026-09-10T05:12:00+00:00,2026-09-10,05:12:00,1036.8,1036.8,1036.6,1036.6,6942
2026-09-10T05:13:00+00:00,2026-09-10,05:13:00,1036.7,1036.7,1036.3,1036.3,8752
2026-09-10T05:14:00+00:00,2026-09-10,05:14:00,1036.3,1036.5,1036.1,1036.5,25810
2026-09-10T05:15:00+00:00,2026-09-10,05:15:00,1036.5,1036.5,1036.3,1036.5,6942
2026-09-10T05:16:00+00:00,2026-09-10,05:16:00,1036.5,1036.6,1036.4,1036.5,7677
2026-09-10T05:17:00+00:00,2026-09-10,05:17:00,1036.5,1037,1036.4,1036.8,15739
2026-09-10T05:18:00+00:00,2026-09-10,05:18:00,1036.8,1036.8,1036.1,1036.3,12232
2026-09-10T05:19:00+00:00,2026-09-10,05:19:00,1036.3,1036.3,1036.1,1036.2,2029
2026-09-10T05:20:00+00:00,2026-09-10,05:20:00,1036.2,1036.2,1036.1,1036.1,9313
2026-09-10T05:21:00+00:00,2026-09-10,05:21:00,1036.2,1036.2,1035.5,1035.6,15667
2026-09-10T05:22:00+00:00,2026-09-10,05:22:00,1035.5,1035.9,1035.5,1035.5,21773
2026-09-10T05:23:00+00:00,2026-09-10,05:23:00,1035.5,1035.6,1035.4,1035.6,6816
2026-09-10T05:24:00+00:00,2026-09-10,05:24:00,1035.6,1036.3,1035.5,1035.9,12370
2026-09-10T05:25:00+00:00,2026-09-10,05:25:00,1036,1036,1035.8,1035.9,3189
2026-09-10T05:26:00+00:00,2026-09-10,05:26:00,1035.8,1035.9,1035.6,1035.7,10999
2026-09-10T05:27:00+00:00,2026-09-10,05:27:00,1035.7,1035.8,1035.6,1035.8,19123
2026-09-10T05:28:00+00:00,2026-09-10,05:28:00,1035.8,1035.8,1035.5,1035.8,3343
2026-09-10T05:29:00+00:00,2026-09-10,05:29:00,1035.8,1036.2,1035.7,1036.2,12466
2026-09-10T05:30:00+00:00,2026-09-10,05:30:00,1036.2,1036.3,1036,1036.3,3066
2026-09-10T05:31:00+00:00,2026-09-10,05:31:00,1036.3,1036.8,1036.3,1036.8,5614
2026-09-10T05:32:00+00:00,2026-09-10,05:32:00,1036.8,1036.8,1035.4,1035.4,26014
2026-09-10T05:33:00+00:00,2026-09-10,05:33:00,1035.4,1035.8,1035.4,1035.6,11885
2026-09-10T05:34:00+00:00,2026-09-10,05:34:00,1035.7,1035.8,1034.3,1034.5,37161
2026-09-10T05:35:00+00:00,2026-09-10,05:35:00,1034.6,1034.6,1033.9,1034,29159
2026-09-10T05:36:00+00:00,2026-09-10,05:36:00,1033.9,1034.5,1032.8,1033,53577
2026-09-10T05:37:00+00:00,2026-09-10,05:37:00,1033.2,1033.2,1032,1032.5,49803
2026-09-10T05:38:00+00:00,2026-09-10,05:38:00,1032.5,1032.7,1031.7,1032.4,76505
2026-09-10T05:39:00+00:00,2026-09-10,05:39:00,1032.4,1032.5,1032.2,1032.3,38114
2026-09-10T05:40:00+00:00,2026-09-10,05:40:00,1032.5,1032.5,1032.3,1032.5,44799
2026-09-10T05:41:00+00:00,2026-09-10,05:41:00,1033.4,1034.2,1032.8,1032.8,73724
2026-09-10T05:42:00+00:00,2026-09-10,05:42:00,1032.9,1033,1032.7,1032.9,15916
2026-09-10T05:43:00+00:00,2026-09-10,05:43:00,1032.9,1033.6,1032.7,1033,39137
2026-09-10T05:44:00+00:00,2026-09-10,05:44:00,1033,1033,1032.9,1033,21114
2026-09-10T05:45:00+00:00,2026-09-10,05:45:00,1033,1033.1,1032.9,1032.9,75397
2026-09-10T05:46:00+00:00,2026-09-10,05:46:00,1033,1033,1032.9,1033,14351
2026-09-10T05:47:00+00:00,2026-09-10,05:47:00,1033,1033,1032.9,1033,17270
2026-09-10T05:48:00+00:00,2026-09-10,05:48:00,1033,1033.1,1032.9,1033,54079
2026-09-10T05:49:00+00:00,2026-09-10,05:49:00,1033,1033.9,1032.9,1033.7,116864
2026-09-10T05:50:00+00:00,2026-09-10,05:50:00,1033.7,1033.7,1032.5,1032.5,29695
2026-09-10T05:51:00+00:00,2026-09-10,05:51:00,1032.5,1032.5,1031.3,1031.3,48778
2026-09-10T05:52:00+00:00,2026-09-10,05:52:00,1031.5,1032,1031.3,1032,17493
2026-09-10T05:53:00+00:00,2026-09-10,05:53:00,1032,1033,1031.9,1033,45670
2026-09-10T05:54:00+00:00,2026-09-10,05:54:00,1033,1033,1032,1032.3,16348
2026-09-10T05:55:00+00:00,2026-09-10,05:55:00,1032.3,1032.8,1032.2,1032.4,6247
2026-09-10T05:56:00+00:00,2026-09-10,05:56:00,1032.3,1032.8,1032.3,1032.6,6761
2026-09-10T05:57:00+00:00,2026-09-10,05:57:00,1032.8,1032.8,1031.9,1032,18095
2026-09-10T05:58:00+00:00,2026-09-10,05:58:00,1032,1032,1031.9,1032,7330
2026-09-10T05:59:00+00:00,2026-09-10,05:59:00,1032,1032.8,1031.9,1032.6,24111
2026-09-10T06:00:00+00:00,2026-09-10,06:00:00,1032.7,1033,1032.6,1033,35477
2026-09-10T06:01:00+00:00,2026-09-10,06:01:00,1033,1034.4,1032.9,1034.3,16926
2026-09-10T06:02:00+00:00,2026-09-10,06:02:00,1034.3,1034.5,1032.7,1032.8,31806
2026-09-10T06:03:00+00:00,2026-09-10,06:03:00,1033,1033,1032.1,1032.4,13029
2026-09-10T06:04:00+00:00,2026-09-10,06:04:00,1032.4,1033,1032.3,1032.9,6243
2026-09-10T06:05:00+00:00,2026-09-10,06:05:00,1032.9,1032.9,1032.1,1032.3,11795
2026-09-10T06:06:00+00:00,2026-09-10,06:06:00,1032.3,1032.6,1032.3,1032.6,9204
2026-09-10T06:07:00+00:00,2026-09-10,06:07:00,1032.6,1032.7,1031.9,1031.9,34684
2026-09-10T06:08:00+00:00,2026-09-10,06:08:00,1032.2,1032.5,1031.9,1032.5,6839
2026-09-10T06:09:00+00:00,2026-09-10,06:09:00,1032.5,1032.5,1031.1,1031.1,20649
2026-09-10T06:10:00+00:00,2026-09-10,06:10:00,1031.3,1031.3,1030.5,1030.6,100242
2026-09-10T06:11:00+00:00,2026-09-10,06:11:00,1030.4,1031.2,1030.4,1031.2,51971
2026-09-10T06:12:00+00:00,2026-09-10,06:12:00,1031.1,1031.6,1030.8,1031.2,19886
2026-09-10T06:13:00+00:00,2026-09-10,06:13:00,1031.5,1031.5,1030.7,1031,9939
2026-09-10T06:14:00+00:00,2026-09-10,06:14:00,1031.1,1032.5,1031.1,1032.3,16440
2026-09-10T06:15:00+00:00,2026-09-10,06:15:00,1032.4,1032.4,1032,1032,9363
2026-09-10T06:16:00+00:00,2026-09-10,06:16:00,1032.2,1032.3,1031.9,1032,14786
2026-09-10T06:17:00+00:00,2026-09-10,06:17:00,1032.1,1032.9,1031.9,1032.7,13426
2026-09-10T06:18:00+00:00,2026-09-10,06:18:00,1032.9,1032.9,1032.6,1032.7,7707
2026-09-10T06:19:00+00:00,2026-09-10,06:19:00,1032.9,1033,1032.7,1032.7,10323
2026-09-10T06:20:00+00:00,2026-09-10,06:20:00,1032.8,1032.8,1032.5,1032.5,10129
2026-09-10T06:21:00+00:00,2026-09-10,06:21:00,1032.5,1032.5,1032.3,1032.4,3212
2026-09-10T06:22:00+00:00,2026-09-10,06:22:00,1032.5,1032.5,1032.3,1032.4,3659
2026-09-10T06:23:00+00:00,2026-09-10,06:23:00,1032.3,1032.4,1032.3,1032.3,15130
2026-09-10T06:24:00+00:00,2026-09-10,06:24:00,1032.4,1032.4,1032.3,1032.4,5103
2026-09-10T06:25:00+00:00,2026-09-10,06:25:00,1032.4,1032.4,1031.7,1031.8,24388
2026-09-10T06:26:00+00:00,2026-09-10,06:26:00,1031.8,1031.8,1031.7,1031.8,1543
2026-09-10T06:27:00+00:00,2026-09-10,06:27:00,1031.8,1031.8,1031.4,1031.4,9123
2026-09-10T06:28:00+00:00,2026-09-10,06:28:00,1031.5,1031.5,1031.4,1031.5,4741
2026-09-10T06:29:00+00:00,2026-09-10,06:29:00,1031.5,1031.5,1031.4,1031.5,4914
2026-09-10T06:30:00+00:00,2026-09-10,06:30:00,1031.5,1032.7,1031.5,1032.7,38485
2026-09-10T06:31:00+00:00,2026-09-10,06:31:00,1032.4,1032.7,1032.4,1032.4,5944
2026-09-10T06:32:00+00:00,2026-09-10,06:32:00,1032.5,1032.7,1032.4,1032.7,3241
2026-09-10T06:33:00+00:00,2026-09-10,06:33:00,1032.7,1032.7,1032.5,1032.5,4570
2026-09-10T06:34:00+00:00,2026-09-10,06:34:00,1032.6,1032.9,1032.1,1032.3,30590
2026-09-10T06:35:00+00:00,2026-09-10,06:35:00,1032.5,1032.5,1031.8,1032,11891
2026-09-10T06:36:00+00:00,2026-09-10,06:36:00,1032,1032,1031.7,1031.8,6744
2026-09-10T06:37:00+00:00,2026-09-10,06:37:00,1031.8,1032.7,1031.7,1032.5,14664
2026-09-10T06:38:00+00:00,2026-09-10,06:38:00,1032.7,1032.8,1032.6,1032.7,4437
2026-09-10T06:39:00+00:00,2026-09-10,06:39:00,1032.8,1032.9,1032.7,1032.8,11459
2026-09-10T06:40:00+00:00,2026-09-10,06:40:00,1032.9,1033.4,1032.8,1033.2,9190
2026-09-10T06:41:00+00:00,2026-09-10,06:41:00,1033.3,1033.3,1033.2,1033.2,6059
2026-09-10T06:42:00+00:00,2026-09-10,06:42:00,1033.3,1034.5,1033.2,1034.2,34150
2026-09-10T06:43:00+00:00,2026-09-10,06:43:00,1034.5,1035.9,1034.2,1035.8,138481
2026-09-10T06:44:00+00:00,2026-09-10,06:44:00,1036.2,1036.4,1035.6,1036.2,30998
2026-09-10T06:45:00+00:00,2026-09-10,06:45:00,1036.3,1036.7,1035,1035.4,36311
2026-09-10T06:46:00+00:00,2026-09-10,06:46:00,1035.4,1035.4,1035.1,1035.2,6497
2026-09-10T06:47:00+00:00,2026-09-10,06:47:00,1035.3,1036.3,1035.3,1035.7,18149
2026-09-10T06:48:00+00:00,2026-09-10,06:48:00,1035.8,1035.8,1035.2,1035.4,8113
2026-09-10T06:49:00+00:00,2026-09-10,06:49:00,1035.4,1035.4,1035,1035,7029
2026-09-10T06:50:00+00:00,2026-09-10,06:50:00,1035.2,1035.8,1035,1035.5,15140
2026-09-10T06:51:00+00:00,2026-09-10,06:51:00,1035.5,1035.5,1035.1,1035.1,5625
2026-09-10T06:52:00+00:00,2026-09-10,06:52:00,1035.2,1035.2,1035.1,1035.2,5819
2026-09-10T06:53:00+00:00,2026-09-10,06:53:00,1035.2,1035.2,1034.8,1034.9,11525
2026-09-10T06:54:00+00:00,2026-09-10,06:54:00,1034.9,1034.9,1033.6,1033.7,17492
2026-09-10T06:55:00+00:00,2026-09-10,06:55:00,1033.7,1034.5,1033.6,1034.5,12609
2026-09-10T06:56:00+00:00,2026-09-10,06:56:00,1034.5,1034.9,1034.4,1034.6,3915
2026-09-10T06:57:00+00:00,2026-09-10,06:57:00,1034.8,1035,1034.7,1034.9,8779
2026-09-10T06:58:00+00:00,2026-09-10,06:58:00,1034.9,1034.9,1034.7,1034.8,5586
2026-09-10T06:59:00+00:00,2026-09-10,06:59:00,1034.8,1034.8,1034.7,1034.7,2374
2026-09-10T07:00:00+00:00,2026-09-10,07:00:00,1034.8,1035,1034.7,1035,6199
2026-09-10T07:01:00+00:00,2026-09-10,07:01:00,1035,1035,1034.6,1034.7,13348
2026-09-10T07:02:00+00:00,2026-09-10,07:02:00,1034.7,1035.7,1034.7,1035.5,18033
2026-09-10T07:03:00+00:00,2026-09-10,07:03:00,1035.5,1035.8,1035.3,1035.6,8902
2026-09-10T07:04:00+00:00,2026-09-10,07:04:00,1035.6,1035.6,1034.6,1034.6,11936
2026-09-10T07:05:00+00:00,2026-09-10,07:05:00,1034.7,1034.7,1034.6,1034.7,2558
2026-09-10T07:06:00+00:00,2026-09-10,07:06:00,1034.7,1034.7,1033.9,1033.9,10353
2026-09-10T07:07:00+00:00,2026-09-10,07:07:00,1034,1034,1033.9,1033.9,2498
2026-09-10T07:08:00+00:00,2026-09-10,07:08:00,1034,1034,1033.6,1033.6,8295
2026-09-10T07:09:00+00:00,2026-09-10,07:09:00,1033.7,1033.7,1033.6,1033.7,6987
2026-09-10T07:10:00+00:00,2026-09-10,07:10:00,1033.6,1033.9,1033.6,1033.8,33944
2026-09-10T07:11:00+00:00,2026-09-10,07:11:00,1033.9,1034,1033.8,1033.8,8259
2026-09-10T07:12:00+00:00,2026-09-10,07:12:00,1033.9,1034.2,1033.6,1033.8,17103
2026-09-10T07:13:00+00:00,2026-09-10,07:13:00,1033.8,1034.1,1033.7,1033.8,6566
2026-09-10T07:14:00+00:00,2026-09-10,07:14:00,1034,1034.2,1033.8,1033.9,5306
2026-09-10T07:15:00+00:00,2026-09-10,07:15:00,1033.9,1034.1,1033.6,1034.1,9575
2026-09-10T07:16:00+00:00,2026-09-10,07:16:00,1034.1,1034.4,1033.8,1034.2,8979
2026-09-10T07:17:00+00:00,2026-09-10,07:17:00,1034.4,1034.4,1034,1034.2,5774
2026-09-10T07:18:00+00:00,2026-09-10,07:18:00,1034.2,1034.2,1034,1034,4579
2026-09-10T07:19:00+00:00,2026-09-10,07:19:00,1034.1,1034.1,1034,1034.1,3755
2026-09-10T07:20:00+00:00,2026-09-10,07:20:00,1034.1,1034.1,1034,1034.1,5205
2026-09-10T07:21:00+00:00,2026-09-10,07:21:00,1034.1,1034.4,1034.1,1034.4,12365
2026-09-10T07:22:00+00:00,2026-09-10,07:22:00,1034.5,1034.7,1034.1,1034.1,14866
2026-09-10T07:23:00+00:00,2026-09-10,07:23:00,1034.3,1034.3,1033.9,1034,7280
2026-09-10T07:24:00+00:00,2026-09-10,07:24:00,1034,1034.1,1033.8,1034,5300
2026-09-10T07:25:00+00:00,2026-09-10,07:25:00,1034.1,1034.1,1033.2,1033.5,9378
2026-09-10T07:26:00+00:00,2026-09-10,07:26:00,1033.5,1033.5,1033.1,1033.1,4705
2026-09-10T07:27:00+00:00,2026-09-10,07:27:00,1033.3,1033.3,1033.2,1033.3,1810
2026-09-10T07:28:00+00:00,2026-09-10,07:28:00,1033.3,1033.3,1033.2,1033.3,3583
2026-09-10T07:29:00+00:00,2026-09-10,07:29:00,1033.3,1033.3,1033.2,1033.3,7871
2026-09-10T07:30:00+00:00,2026-09-10,07:30:00,1033.3,1033.3,1033.2,1033.2,3442
2026-09-10T07:31:00+00:00,2026-09-10,07:31:00,1033.3,1033.3,1032.8,1032.8,16142
2026-09-10T07:32:00+00:00,2026-09-10,07:32:00,1032.9,1033.2,1032.6,1033.1,44303
2026-09-10T07:33:00+00:00,2026-09-10,07:33:00,1033.2,1033.2,1033.1,1033.2,5803
2026-09-10T07:34:00+00:00,2026-09-10,07:34:00,1033.2,1033.2,1032.4,1032.6,14319
2026-09-10T07:35:00+00:00,2026-09-10,07:35:00,1032.7,1032.7,1032.1,1032.4,11008
2026-09-10T07:36:00+00:00,2026-09-10,07:36:00,1032.4,1032.4,1031.4,1031.5,18716
2026-09-10T07:37:00+00:00,2026-09-10,07:37:00,1031.6,1031.9,1031.5,1031.8,3259
2026-09-10T07:38:00+00:00,2026-09-10,07:38:00,1031.9,1031.9,1031.8,1031.8,3352
2026-09-10T07:39:00+00:00,2026-09-10,07:39:00,1031.9,1032.3,1031.8,1032,17776
2026-09-10T07:40:00+00:00,2026-09-10,07:40:00,1032,1032,1031.6,1031.9,13587
2026-09-10T07:41:00+00:00,2026-09-10,07:41:00,1031.9,1032,1031.8,1031.9,6477
2026-09-10T07:42:00+00:00,2026-09-10,07:42:00,1031.9,1032,1031.8,1031.8,9232
2026-09-10T07:43:00+00:00,2026-09-10,07:43:00,1031.9,1031.9,1031.8,1031.9,3054
2026-09-10T07:44:00+00:00,2026-09-10,07:44:00,1031.9,1032,1031.8,1032,9617
2026-09-10T07:45:00+00:00,2026-09-10,07:45:00,1032,1032.7,1032,1032,20734
2026-09-10T07:46:00+00:00,2026-09-10,07:46:00,1032.2,1032.2,1032,1032,2897
2026-09-10T07:47:00+00:00,2026-09-10,07:47:00,1032.1,1032.3,1032,1032.2,8963
2026-09-10T07:48:00+00:00,2026-09-10,07:48:00,1032.3,1032.3,1032.1,1032.2,6268
2026-09-10T07:49:00+00:00,2026-09-10,07:49:00,1032.2,1032.2,1031.9,1031.9,11073
2026-09-10T07:50:00+00:00,2026-09-10,07:50:00,1032,1032,1031.3,1031.3,20122
2026-09-10T07:51:00+00:00,2026-09-10,07:51:00,1031.4,1031.5,1031.2,1031.5,6967
2026-09-10T07:52:00+00:00,2026-09-10,07:52:00,1031.5,1031.5,1031.4,1031.4,2799
2026-09-10T07:53:00+00:00,2026-09-10,07:53:00,1031.4,1031.5,1031.4,1031.4,5085
2026-09-10T07:54:00+00:00,2026-09-10,07:54:00,1031.5,1031.5,1031.4,1031.5,3483
2026-09-10T07:55:00+00:00,2026-09-10,07:55:00,1031.5,1031.5,1031.4,1031.5,4201
2026-09-10T07:56:00+00:00,2026-09-10,07:56:00,1031.4,1031.5,1031.4,1031.4,4285
2026-09-10T07:57:00+00:00,2026-09-10,07:57:00,1031.5,1031.5,1030.6,1030.7,55174
2026-09-10T07:58:00+00:00,2026-09-10,07:58:00,1030.7,1030.8,1030.2,1030.5,18234
2026-09-10T07:59:00+00:00,2026-09-10,07:59:00,1030.5,1030.5,1030.4,1030.5,12154
2026-09-10T08:00:00+00:00,2026-09-10,08:00:00,1030.5,1030.7,1030.4,1030.4,9424
2026-09-10T08:01:00+00:00,2026-09-10,08:01:00,1030.5,1030.9,1030.4,1030.8,15883
2026-09-10T08:02:00+00:00,2026-09-10,08:02:00,1030.9,1031,1030.8,1030.9,11056
2026-09-10T08:03:00+00:00,2026-09-10,08:03:00,1031.1,1031.3,1030.9,1031.2,8744
2026-09-10T08:04:00+00:00,2026-09-10,08:04:00,1031.2,1031.2,1031,1031.1,9907
2026-09-10T08:05:00+00:00,2026-09-10,08:05:00,1031.1,1032.1,1031.1,1031.7,12217
2026-09-10T08:06:00+00:00,2026-09-10,08:06:00,1032,1032.1,1031.6,1031.7,10609
2026-09-10T08:07:00+00:00,2026-09-10,08:07:00,1031.8,1031.8,1031.7,1031.7,4657
2026-09-10T08:08:00+00:00,2026-09-10,08:08:00,1031.8,1032.2,1031.7,1032.1,7658
2026-09-10T08:09:00+00:00,2026-09-10,08:09:00,1032.2,1032.4,1032,1032.3,13144
2026-09-10T08:10:00+00:00,2026-09-10,08:10:00,1032.3,1032.5,1032.1,1032.5,9678
2026-09-10T08:11:00+00:00,2026-09-10,08:11:00,1032.5,1032.7,1032.4,1032.5,12883
2026-09-10T08:12:00+00:00,2026-09-10,08:12:00,1032.7,1032.9,1032.6,1032.7,9377
2026-09-10T08:13:00+00:00,2026-09-10,08:13:00,1032.7,1032.7,1031.6,1032,25942
2026-09-10T08:14:00+00:00,2026-09-10,08:14:00,1032.3,1032.3,1031.8,1031.9,4669
2026-09-10T08:15:00+00:00,2026-09-10,08:15:00,1031.9,1031.9,1031.7,1031.7,3542
2026-09-10T08:16:00+00:00,2026-09-10,08:16:00,1031.8,1031.8,1031.7,1031.7,6954
2026-09-10T08:17:00+00:00,2026-09-10,08:17:00,1031.8,1032,1031.7,1031.9,16453
2026-09-10T08:18:00+00:00,2026-09-10,08:18:00,1031.9,1031.9,1031.7,1031.8,3832
2026-09-10T08:19:00+00:00,2026-09-10,08:19:00,1031.9,1032,1031.7,1031.9,8703
2026-09-10T08:20:00+00:00,2026-09-10,08:20:00,1031.9,1032,1031.7,1032,4434
2026-09-10T08:21:00+00:00,2026-09-10,08:21:00,1032,1032.4,1031.9,1032.4,11421
2026-09-10T08:22:00+00:00,2026-09-10,08:22:00,1032.4,1032.5,1032.2,1032.4,6377
2026-09-10T08:23:00+00:00,2026-09-10,08:23:00,1032.5,1032.5,1031.9,1032.2,21242
2026-09-10T08:24:00+00:00,2026-09-10,08:24:00,1032.2,1032.2,1031.9,1032,6031
2026-09-10T08:25:00+00:00,2026-09-10,08:25:00,1032.1,1032.3,1031.9,1032.2,8309
2026-09-10T08:26:00+00:00,2026-09-10,08:26:00,1032.2,1032.3,1032,1032.3,6918
2026-09-10T08:27:00+00:00,2026-09-10,08:27:00,1032.4,1032.5,1032.3,1032.4,8302
2026-09-10T08:28:00+00:00,2026-09-10,08:28:00,1032.4,1032.4,1032.2,1032.2,6512
2026-09-10T08:29:00+00:00,2026-09-10,08:29:00,1032.3,1032.3,1032,1032,7186
2026-09-10T08:30:00+00:00,2026-09-10,08:30:00,1032.1,1032.1,1031.7,1031.7,21892
2026-09-10T08:31:00+00:00,2026-09-10,08:31:00,1031.7,1032,1031.7,1032,6598
2026-09-10T08:32:00+00:00,2026-09-10,08:32:00,1032,1032,1031.8,1031.8,9201
2026-09-10T08:33:00+00:00,2026-09-10,08:33:00,1031.9,1031.9,1031.4,1031.6,12369
2026-09-10T08:34:00+00:00,2026-09-10,08:34:00,1031.7,1031.7,1031.2,1031.2,5966
2026-09-10T08:35:00+00:00,2026-09-10,08:35:00,1031.3,1031.3,1031.1,1031.1,12680
2026-09-10T08:36:00+00:00,2026-09-10,08:36:00,1031.2,1031.2,1031.1,1031.2,5878
2026-09-10T08:37:00+00:00,2026-09-10,08:37:00,1031.2,1031.2,1031,1031.1,5135
2026-09-10T08:38:00+00:00,2026-09-10,08:38:00,1031.1,1031.1,1031,1031.1,5277
2026-09-10T08:39:00+00:00,2026-09-10,08:39:00,1031,1031.4,1031,1031.4,25647
2026-09-10T08:40:00+00:00,2026-09-10,08:40:00,1031.4,1031.5,1031.3,1031.4,5801
2026-09-10T08:41:00+00:00,2026-09-10,08:41:00,1031.5,1031.8,1031.4,1031.8,10353
2026-09-10T08:42:00+00:00,2026-09-10,08:42:00,1031.8,1031.8,1031.4,1031.4,16349
2026-09-10T08:43:00+00:00,2026-09-10,08:43:00,1031.6,1031.6,1031.3,1031.3,7048
2026-09-10T08:44:00+00:00,2026-09-10,08:44:00,1031.6,1031.6,1031.4,1031.6,3076
2026-09-10T08:45:00+00:00,2026-09-10,08:45:00,1031.6,1031.6,1031.4,1031.5,8697
2026-09-10T08:46:00+00:00,2026-09-10,08:46:00,1031.4,1031.5,1031.4,1031.4,5395
2026-09-10T08:47:00+00:00,2026-09-10,08:47:00,1031.5,1031.5,1031.4,1031.5,6446
2026-09-10T08:48:00+00:00,2026-09-10,08:48:00,1031.5,1031.5,1031.4,1031.4,4302
2026-09-10T08:49:00+00:00,2026-09-10,08:49:00,1031.4,1031.5,1031.4,1031.5,4280
2026-09-10T08:50:00+00:00,2026-09-10,08:50:00,1031.5,1031.5,1031.4,1031.5,5701
2026-09-10T08:51:00+00:00,2026-09-10,08:51:00,1031.5,1031.8,1031.5,1031.7,28973
2026-09-10T08:52:00+00:00,2026-09-10,08:52:00,1031.8,1031.9,1031.4,1031.7,16265
2026-09-10T08:53:00+00:00,2026-09-10,08:53:00,1031.7,1031.8,1031.6,1031.8,4014
2026-09-10T08:54:00+00:00,2026-09-10,08:54:00,1031.7,1031.7,1031.6,1031.6,4124
2026-09-10T08:55:00+00:00,2026-09-10,08:55:00,1031.7,1031.9,1031.6,1031.9,7214
2026-09-10T08:56:00+00:00,2026-09-10,08:56:00,1031.8,1031.9,1031.5,1031.5,15889
2026-09-10T08:57:00+00:00,2026-09-10,08:57:00,1031.5,1031.6,1031.5,1031.6,6520
2026-09-10T08:58:00+00:00,2026-09-10,08:58:00,1031.6,1031.6,1030.7,1030.9,29172
2026-09-10T08:59:00+00:00,2026-09-10,08:59:00,1030.9,1031.3,1030.8,1031.2,23340
2026-09-10T09:00:00+00:00,2026-09-10,09:00:00,1031.3,1031.4,1031.2,1031.3,9420
2026-09-10T09:01:00+00:00,2026-09-10,09:01:00,1031.6,1031.8,1031.2,1031.3,19275
2026-09-10T09:02:00+00:00,2026-09-10,09:02:00,1031.3,1031.8,1031.2,1031.8,16130
2026-09-10T09:03:00+00:00,2026-09-10,09:03:00,1031.8,1032.4,1031.7,1032.4,9667
2026-09-10T09:04:00+00:00,2026-09-10,09:04:00,1032.3,1032.4,1032.1,1032.4,12639
2026-09-10T09:05:00+00:00,2026-09-10,09:05:00,1032.4,1032.5,1031.8,1031.8,23330
2026-09-10T09:06:00+00:00,2026-09-10,09:06:00,1031.9,1032,1031.8,1031.8,9030
2026-09-10T09:07:00+00:00,2026-09-10,09:07:00,1031.9,1031.9,1031.7,1031.7,8130
2026-09-10T09:08:00+00:00,2026-09-10,09:08:00,1031.8,1032,1031.6,1031.8,25097
2026-09-10T09:09:00+00:00,2026-09-10,09:09:00,1032,1032,1031.8,1031.9,4040
2026-09-10T09:10:00+00:00,2026-09-10,09:10:00,1031.9,1031.9,1031.2,1031.4,14916
2026-09-10T09:11:00+00:00,2026-09-10,09:11:00,1031.4,1031.9,1031.3,1031.8,22289
2026-09-10T09:12:00+00:00,2026-09-10,09:12:00,1031.8,1031.9,1031.8,1031.8,5551
2026-09-10T09:13:00+00:00,2026-09-10,09:13:00,1031.9,1031.9,1031.8,1031.9,4490
2026-09-10T09:14:00+00:00,2026-09-10,09:14:00,1031.9,1031.9,1031.8,1031.9,4510
2026-09-10T09:15:00+00:00,2026-09-10,09:15:00,1031.9,1031.9,1031.6,1031.6,21899
2026-09-10T09:16:00+00:00,2026-09-10,09:16:00,1031.7,1031.7,1031.3,1031.5,18306
2026-09-10T09:17:00+00:00,2026-09-10,09:17:00,1031.5,1031.5,1031.3,1031.4,15244
2026-09-10T09:18:00+00:00,2026-09-10,09:18:00,1031.5,1031.5,1030.4,1030.6,45231
2026-09-10T09:19:00+00:00,2026-09-10,09:19:00,1030.8,1031.3,1030.6,1031.3,12424
2026-09-10T09:20:00+00:00,2026-09-10,09:20:00,1031.3,1031.4,1030.7,1031.4,24085
2026-09-10T09:21:00+00:00,2026-09-10,09:21:00,1031.4,1031.5,1031.3,1031.5,10837
2026-09-10T09:22:00+00:00,2026-09-10,09:22:00,1031.4,1031.7,1031.4,1031.5,13541
2026-09-10T09:23:00+00:00,2026-09-10,09:23:00,1031.6,1031.6,1031.5,1031.5,14489
2026-09-10T09:24:00+00:00,2026-09-10,09:24:00,1031.5,1031.6,1031.5,1031.6,20606
2026-09-10T09:25:00+00:00,2026-09-10,09:25:00,1031.6,1031.7,1031.5,1031.6,17888
2026-09-10T09:26:00+00:00,2026-09-10,09:26:00,1031.7,1031.7,1031.5,1031.7,19942
2026-09-10T09:27:00+00:00,2026-09-10,09:27:00,1031.7,1031.7,1031.4,1031.5,22700
2026-09-10T09:28:00+00:00,2026-09-10,09:28:00,1031.4,1031.5,1031.2,1031.3,21334
2026-09-10T09:29:00+00:00,2026-09-10,09:29:00,1031.4,1031.4,1031.1,1031.2,13859
2026-09-10T09:30:00+00:00,2026-09-10,09:30:00,1030.9,1030.9,1029.8,1029.9,62338
2026-09-10T09:31:00+00:00,2026-09-10,09:31:00,1029.8,1030.5,1029.4,1030.4,71580
2026-09-10T09:32:00+00:00,2026-09-10,09:32:00,1030.4,1030.4,1029.7,1029.7,35534
2026-09-10T09:33:00+00:00,2026-09-10,09:33:00,1029.5,1029.5,1029.3,1029.5,25249
2026-09-10T09:34:00+00:00,2026-09-10,09:34:00,1029.4,1029.5,1029.4,1029.5,20552
2026-09-10T09:35:00+00:00,2026-09-10,09:35:00,1029.5,1029.5,1029.3,1029.3,32185
2026-09-10T09:36:00+00:00,2026-09-10,09:36:00,1029.2,1029.5,1029,1029.5,128293
2026-09-10T09:37:00+00:00,2026-09-10,09:37:00,1029.5,1029.6,1029.4,1029.4,23993
2026-09-10T09:38:00+00:00,2026-09-10,09:38:00,1029.5,1029.5,1029.4,1029.4,21862
2026-09-10T09:39:00+00:00,2026-09-10,09:39:00,1029.5,1029.7,1029.4,1029.7,49666
2026-09-10T09:40:00+00:00,2026-09-10,09:40:00,1029.6,1029.7,1029.6,1029.7,20229
2026-09-10T09:41:00+00:00,2026-09-10,09:41:00,1029.7,1029.7,1029.5,1029.5,102098
2026-09-10T09:42:00+00:00,2026-09-10,09:42:00,1029.7,1031.4,1029.7,1031.4,108647
2026-09-10T09:43:00+00:00,2026-09-10,09:43:00,1031.8,1032.3,1031.2,1031.6,49358
2026-09-10T09:44:00+00:00,2026-09-10,09:44:00,1031.8,1032.5,1031.5,1032.5,22029
2026-09-10T09:45:00+00:00,2026-09-10,09:45:00,1031.8,1032.5,1031.5,1032.5,22029
2026-09-10T09:46:00+00:00,2026-09-10,09:46:00,1031.8,1032.5,1031.5,1032.5,22029
2026-09-10T09:47:00+00:00,2026-09-10,09:47:00,1031.8,1032.5,1031.5,1032.5,22029
2026-09-10T09:48:00+00:00,2026-09-10,09:48:00,1031.8,1032.5,1031.5,1032.5,22029
2026-09-10T09:49:00+00:00,2026-09-10,09:49:00,1031.8,1032.5,1031.5,1032.5,22029
2026-09-10T09:50:00+00:00,2026-09-10,09:50:00,1031.8,1032.5,1031.5,1032.5,22029
2026-09-10T09:51:00+00:00,2026-09-10,09:51:00,1031.8,1032.5,1031.5,1032.5,22029
2026-09-10T09:52:00+00:00,2026-09-10,09:52:00,1031.8,1032.5,1031.5,1032.5,22029
2026-09-10T09:53:00+00:00,2026-09-10,09:53:00,1031.8,1032.5,1031.5,1032.5,22029
2026-09-10T09:54:00+00:00,2026-09-10,09:54:00,1031.8,1032.5,1031.5,1032.5,22029
2026-09-10T09:55:00+00:00,2026-09-10,09:55:00,1031.8,1032.5,1031.5,1032.5,22029
2026-09-10T09:56:00+00:00,2026-09-10,09:56:00,1031.8,1032.5,1031.5,1032.5,22029
2026-09-10T09:57:00+00:00,2026-09-10,09:57:00,1031.8,1032.5,1031.5,1032.5,22029
2026-09-10T09:58:00+00:00,2026-09-10,09:58:00,1031.8,1032.5,1031.5,1032.5,22029
2026-09-10T09:59:00+00:00,2026-09-10,09:59:00,1036.5,1036.5,1036.5,1036.5,4464
2026-09-10T10:00:00+00:00,2026-09-10,10:00:00,1036.5,1036.5,1036.5,1036.5,4464
2026-09-11T03:45:00+00:00,2026-09-11,03:45:00,1032.4,1039.6,1029.7,1039.2,178578
2026-09-11T03:46:00+00:00,2026-09-11,03:46:00,1039.4,1041.3,1037,1037.4,87406
2026-09-11T03:47:00+00:00,2026-09-11,03:47:00,1037.1,1042.5,1036.3,1042.3,64577
2026-09-11T03:48:00+00:00,2026-09-11,03:48:00,1042,1044.9,1041.9,1043.4,94395
2026-09-11T03:49:00+00:00,2026-09-11,03:49:00,1043.5,1045.9,1042.5,1045.7,99742
2026-09-11T03:50:00+00:00,2026-09-11,03:50:00,1045.5,1046.4,1044.7,1045.3,72649
2026-09-11T03:51:00+00:00,2026-09-11,03:51:00,1045,1047.2,1045,1046,78433
2026-09-11T03:52:00+00:00,2026-09-11,03:52:00,1046.4,1047,1045.5,1045.7,59927
2026-09-11T03:53:00+00:00,2026-09-11,03:53:00,1045.7,1046.3,1041.4,1041.8,52188
2026-09-11T03:54:00+00:00,2026-09-11,03:54:00,1041.8,1043.9,1041.2,1042.3,35766
2026-09-11T03:55:00+00:00,2026-09-11,03:55:00,1042.1,1042.5,1038.1,1038.1,61892
2026-09-11T03:56:00+00:00,2026-09-11,03:56:00,1038.4,1038.4,1036.9,1037.3,31033
2026-09-11T03:57:00+00:00,2026-09-11,03:57:00,1037.2,1039.2,1036.8,1039.2,24428
2026-09-11T03:58:00+00:00,2026-09-11,03:58:00,1039.4,1040.4,1038.3,1039.8,28144
2026-09-11T03:59:00+00:00,2026-09-11,03:59:00,1039.9,1041.2,1039.3,1040.8,30390
2026-09-11T04:00:00+00:00,2026-09-11,04:00:00,1041.3,1041.5,1039.7,1041,24435
2026-09-11T04:01:00+00:00,2026-09-11,04:01:00,1041.4,1041.9,1040.1,1040.3,13911
2026-09-11T04:02:00+00:00,2026-09-11,04:02:00,1039.9,1041.4,1038,1038.2,29998
2026-09-11T04:03:00+00:00,2026-09-11,04:03:00,1038,1040.9,1037.7,1040.9,20758
2026-09-11T04:04:00+00:00,2026-09-11,04:04:00,1040.8,1041.5,1039.5,1040.3,19500
2026-09-11T04:05:00+00:00,2026-09-11,04:05:00,1040,1041.5,1040,1040.8,11122
2026-09-11T04:06:00+00:00,2026-09-11,04:06:00,1040.8,1041.5,1040.6,1041.4,15551
2026-09-11T04:07:00+00:00,2026-09-11,04:07:00,1041.5,1041.9,1040.9,1041,12465
2026-09-11T04:08:00+00:00,2026-09-11,04:08:00,1041.5,1042.6,1041,1042.6,25438
2026-09-11T04:09:00+00:00,2026-09-11,04:09:00,1042.1,1043,1042.1,1042.7,16747
2026-09-11T04:10:00+00:00,2026-09-11,04:10:00,1042.8,1043,1042.3,1042.5,15980
2026-09-11T04:11:00+00:00,2026-09-11,04:11:00,1042.3,1042.6,1041.3,1041.8,16191
2026-09-11T04:12:00+00:00,2026-09-11,04:12:00,1041.8,1043,1041.8,1042.3,25335
2026-09-11T04:13:00+00:00,2026-09-11,04:13:00,1042.3,1042.7,1042,1042.5,9072
2026-09-11T04:14:00+00:00,2026-09-11,04:14:00,1042.3,1042.5,1042,1042.2,4857
2026-09-11T04:15:00+00:00,2026-09-11,04:15:00,1042.4,1043.3,1042.1,1042.8,26720
2026-09-11T04:16:00+00:00,2026-09-11,04:16:00,1043,1043,1042.7,1042.7,6671
2026-09-11T04:17:00+00:00,2026-09-11,04:17:00,1042.9,1042.9,1041.3,1041.6,14414
2026-09-11T04:18:00+00:00,2026-09-11,04:18:00,1041.7,1041.9,1041.2,1041.6,9603
2026-09-11T04:19:00+00:00,2026-09-11,04:19:00,1041.5,1042.4,1041.2,1042,12543
2026-09-11T04:20:00+00:00,2026-09-11,04:20:00,1042,1042,1041.5,1041.6,10017
2026-09-11T04:21:00+00:00,2026-09-11,04:21:00,1041.7,1041.7,1040.9,1041.2,11877
2026-09-11T04:22:00+00:00,2026-09-11,04:22:00,1041.5,1041.5,1040.8,1041.1,13556
2026-09-11T04:23:00+00:00,2026-09-11,04:23:00,1041.3,1041.3,1040.4,1040.4,5822
2026-09-11T04:24:00+00:00,2026-09-11,04:24:00,1040.4,1041,1040.1,1040.9,14743
2026-09-11T04:25:00+00:00,2026-09-11,04:25:00,1040.7,1040.9,1040,1040,20541
2026-09-11T04:26:00+00:00,2026-09-11,04:26:00,1039.7,1040.3,1039.3,1039.8,16045
2026-09-11T04:27:00+00:00,2026-09-11,04:27:00,1039.9,1040,1039.6,1039.8,10289
2026-09-11T04:28:00+00:00,2026-09-11,04:28:00,1039.8,1041,1039.8,1041,8925
2026-09-11T04:29:00+00:00,2026-09-11,04:29:00,1041,1041.3,1040.7,1040.8,9372
2026-09-11T04:30:00+00:00,2026-09-11,04:30:00,1040.8,1041.3,1040,1041,7461
2026-09-11T04:31:00+00:00,2026-09-11,04:31:00,1041,1041.8,1040.8,1041.5,7652
2026-09-11T04:32:00+00:00,2026-09-11,04:32:00,1041.8,1042,1041.5,1042,9178
2026-09-11T04:33:00+00:00,2026-09-11,04:33:00,1041.9,1042.8,1041.9,1042.5,11139
2026-09-11T04:34:00+00:00,2026-09-11,04:34:00,1042.7,1042.7,1041.8,1042,10694
2026-09-11T04:35:00+00:00,2026-09-11,04:35:00,1042,1042.2,1041.2,1041.2,27878
2026-09-11T04:36:00+00:00,2026-09-11,04:36:00,1041.5,1041.6,1041.2,1041.4,3664
2026-09-11T04:37:00+00:00,2026-09-11,04:37:00,1041.5,1041.5,1041.1,1041.2,6325
2026-09-11T04:38:00+00:00,2026-09-11,04:38:00,1041.1,1041.1,1039.1,1039.9,20961
2026-09-11T04:39:00+00:00,2026-09-11,04:39:00,1040,1040.4,1039,1039.6,10566
2026-09-11T04:40:00+00:00,2026-09-11,04:40:00,1039.6,1040.1,1038.9,1040.1,21488
2026-09-11T04:41:00+00:00,2026-09-11,04:41:00,1040.1,1040.1,1039.4,1039.5,12317
2026-09-11T04:42:00+00:00,2026-09-11,04:42:00,1039.6,1040,1039.2,1039.3,10924
2026-09-11T04:43:00+00:00,2026-09-11,04:43:00,1039.1,1039.7,1039,1039.4,3907
2026-09-11T04:44:00+00:00,2026-09-11,04:44:00,1039.7,1039.9,1039.3,1039.6,22659
2026-09-11T04:45:00+00:00,2026-09-11,04:45:00,1039.6,1039.6,1038.8,1038.8,10149
2026-09-11T04:46:00+00:00,2026-09-11,04:46:00,1038.9,1038.9,1037.5,1037.8,22558
2026-09-11T04:47:00+00:00,2026-09-11,04:47:00,1037.9,1038.4,1037.7,1038.2,4346
2026-09-11T04:48:00+00:00,2026-09-11,04:48:00,1038.4,1039,1038.4,1038.9,4350
2026-09-11T04:49:00+00:00,2026-09-11,04:49:00,1038.9,1039.5,1038.5,1039,8850
2026-09-11T04:50:00+00:00,2026-09-11,04:50:00,1039.4,1040,1039.3,1039.8,8416
2026-09-11T04:51:00+00:00,2026-09-11,04:51:00,1040,1040.3,1039.2,1039.3,23530
2026-09-11T04:52:00+00:00,2026-09-11,04:52:00,1039.4,1039.7,1039,1039.4,3437
2026-09-11T04:53:00+00:00,2026-09-11,04:53:00,1039.5,1039.7,1038.7,1038.8,11025
2026-09-11T04:54:00+00:00,2026-09-11,04:54:00,1039,1039.4,1038.1,1038.8,11607
2026-09-11T04:55:00+00:00,2026-09-11,04:55:00,1038.8,1039,1038.5,1039,5211
2026-09-11T04:56:00+00:00,2026-09-11,04:56:00,1039,1039.5,1038.8,1039.2,5403
2026-09-11T04:57:00+00:00,2026-09-11,04:57:00,1039.5,1039.6,1038.8,1038.8,13336
2026-09-11T04:58:00+00:00,2026-09-11,04:58:00,1038.8,1039.3,1038,1038,11029
2026-09-11T04:59:00+00:00,2026-09-11,04:59:00,1038,1038.5,1037.7,1038.2,7079
2026-09-11T05:00:00+00:00,2026-09-11,05:00:00,1038.5,1039.9,1038.1,1038.9,23659
2026-09-11T05:01:00+00:00,2026-09-11,05:01:00,1039.4,1039.8,1038.5,1038.9,24636
2026-09-11T05:02:00+00:00,2026-09-11,05:02:00,1038.9,1039.2,1038.5,1039,10463
2026-09-11T05:03:00+00:00,2026-09-11,05:03:00,1038.9,1039.4,1038.9,1038.9,6203
2026-09-11T05:04:00+00:00,2026-09-11,05:04:00,1039,1039.1,1038.7,1038.9,4301
2026-09-11T05:05:00+00:00,2026-09-11,05:05:00,1038.9,1039,1038.2,1038.8,19325
2026-09-11T05:06:00+00:00,2026-09-11,05:06:00,1038.8,1039,1037.7,1038,16476
2026-09-11T05:07:00+00:00,2026-09-11,05:07:00,1038,1039.1,1037.7,1038.2,30211
2026-09-11T05:08:00+00:00,2026-09-11,05:08:00,1038.2,1038.4,1037.9,1038.1,6872
2026-09-11T05:09:00+00:00,2026-09-11,05:09:00,1038.1,1038.5,1037.9,1037.9,8499
2026-09-11T05:10:00+00:00,2026-09-11,05:10:00,1038,1038.1,1037.9,1037.9,10679
2026-09-11T05:11:00+00:00,2026-09-11,05:11:00,1038.1,1038.3,1037,1037.3,19816
2026-09-11T05:12:00+00:00,2026-09-11,05:12:00,1037.1,1037.9,1037,1037.5,9812
2026-09-11T05:13:00+00:00,2026-09-11,05:13:00,1037.7,1038.5,1037.6,1038,11626
2026-09-11T05:14:00+00:00,2026-09-11,05:14:00,1038.1,1040,1038.1,1039.7,15125
2026-09-11T05:15:00+00:00,2026-09-11,05:15:00,1040.4,1040.8,1038.8,1039.1,68686
2026-09-11T05:16:00+00:00,2026-09-11,05:16:00,1039.1,1039.7,1039.1,1039.6,3672
2026-09-11T05:17:00+00:00,2026-09-11,05:17:00,1039.6,1039.7,1038.3,1038.4,12075
2026-09-11T05:18:00+00:00,2026-09-11,05:18:00,1038.5,1038.6,1037.6,1037.8,15844
2026-09-11T05:19:00+00:00,2026-09-11,05:19:00,1037.8,1038,1037.6,1037.9,4575
2026-09-11T05:20:00+00:00,2026-09-11,05:20:00,1037.9,1038.2,1037.1,1037.2,13489
2026-09-11T05:21:00+00:00,2026-09-11,05:21:00,1037.5,1037.7,1037.2,1037.4,6861
2026-09-11T05:22:00+00:00,2026-09-11,05:22:00,1037.7,1037.7,1037.2,1037.7,3301
2026-09-11T05:23:00+00:00,2026-09-11,05:23:00,1037.7,1038,1037.4,1037.7,6841
2026-09-11T05:24:00+00:00,2026-09-11,05:24:00,1037.9,1038.1,1037.8,1037.9,2083
2026-09-11T05:25:00+00:00,2026-09-11,05:25:00,1038,1038.4,1037.9,1038,3492
2026-09-11T05:26:00+00:00,2026-09-11,05:26:00,1038.4,1038.5,1037.8,1038.1,7791
2026-09-11T05:27:00+00:00,2026-09-11,05:27:00,1038.5,1038.9,1038.1,1038.6,4238
2026-09-11T05:28:00+00:00,2026-09-11,05:28:00,1038.9,1038.9,1038.5,1038.8,5486
2026-09-11T05:29:00+00:00,2026-09-11,05:29:00,1038.8,1039,1038,1038.4,7721
2026-09-11T05:30:00+00:00,2026-09-11,05:30:00,1038.5,1038.5,1037.8,1037.9,7213
2026-09-11T05:31:00+00:00,2026-09-11,05:31:00,1037.9,1038.6,1037.9,1038.5,3556
2026-09-11T05:32:00+00:00,2026-09-11,05:32:00,1038.4,1038.7,1037.7,1038.6,46701
2026-09-11T05:33:00+00:00,2026-09-11,05:33:00,1038.6,1038.9,1038.3,1038.6,4326
2026-09-11T05:34:00+00:00,2026-09-11,05:34:00,1038.8,1039.5,1038.8,1039,3832
2026-09-11T05:35:00+00:00,2026-09-11,05:35:00,1039.4,1039.9,1039,1039.7,4847
2026-09-11T05:36:00+00:00,2026-09-11,05:36:00,1039.9,1040.3,1039.6,1039.7,15274
2026-09-11T05:37:00+00:00,2026-09-11,05:37:00,1039.9,1039.9,1039.4,1039.5,4909
2026-09-11T05:38:00+00:00,2026-09-11,05:38:00,1039.8,1039.9,1039.5,1039.5,3060
2026-09-11T05:39:00+00:00,2026-09-11,05:39:00,1039.8,1040,1039.4,1039.8,13682
2026-09-11T05:40:00+00:00,2026-09-11,05:40:00,1039.8,1040,1039.4,1039.8,8339
2026-09-11T05:41:00+00:00,2026-09-11,05:41:00,1039.9,1040.1,1039.8,1039.9,7496
2026-09-11T05:42:00+00:00,2026-09-11,05:42:00,1040,1040.4,1039.6,1040,10044
2026-09-11T05:43:00+00:00,2026-09-11,05:43:00,1039.8,1040.1,1039.5,1040.1,4925
2026-09-11T05:44:00+00:00,2026-09-11,05:44:00,1040.1,1040.7,1039.9,1040,58002
2026-09-11T05:45:00+00:00,2026-09-11,05:45:00,1040.2,1040.5,1039.9,1039.9,44654
2026-09-11T05:46:00+00:00,2026-09-11,05:46:00,1040.1,1040.3,1039.8,1039.8,11476
2026-09-11T05:47:00+00:00,2026-09-11,05:47:00,1040.1,1041.1,1039.8,1041,21249
2026-09-11T05:48:00+00:00,2026-09-11,05:48:00,1041,1041,1040,1040,20744
2026-09-11T05:49:00+00:00,2026-09-11,05:49:00,1040,1040.3,1039.6,1040.1,14070
2026-09-11T05:50:00+00:00,2026-09-11,05:50:00,1040.4,1040.7,1040.1,1040.1,14673
2026-09-11T05:51:00+00:00,2026-09-11,05:51:00,1040.2,1040.5,1039.7,1039.7,9993
2026-09-11T05:52:00+00:00,2026-09-11,05:52:00,1039.8,1040,1039.7,1039.7,6750
2026-09-11T05:53:00+00:00,2026-09-11,05:53:00,1039.7,1039.7,1039,1039.2,7758
2026-09-11T05:54:00+00:00,2026-09-11,05:54:00,1039.3,1039.9,1039.3,1039.3,10397
2026-09-11T05:55:00+00:00,2026-09-11,05:55:00,1039.4,1039.9,1038.7,1038.7,19829
2026-09-11T05:56:00+00:00,2026-09-11,05:56:00,1038.9,1039.4,1038.7,1039.2,9300
2026-09-11T05:57:00+00:00,2026-09-11,05:57:00,1039.3,1039.5,1039.1,1039.4,15930
2026-09-11T05:58:00+00:00,2026-09-11,05:58:00,1039.4,1039.5,1039.2,1039.2,5862
2026-09-11T05:59:00+00:00,2026-09-11,05:59:00,1039.2,1039.5,1039.2,1039.4,10897
2026-09-11T06:00:00+00:00,2026-09-11,06:00:00,1039.4,1039.5,1039.3,1039.4,12229
2026-09-11T06:01:00+00:00,2026-09-11,06:01:00,1039.5,1039.8,1039.3,1039.3,134371
2026-09-11T06:02:00+00:00,2026-09-11,06:02:00,1039.4,1040.9,1039.3,1040.7,17176
2026-09-11T06:03:00+00:00,2026-09-11,06:03:00,1041.3,1041.4,1040.8,1040.8,20742
2026-09-11T06:04:00+00:00,2026-09-11,06:04:00,1040.9,1040.9,1040.1,1040.4,14269
2026-09-11T06:05:00+00:00,2026-09-11,06:05:00,1040.4,1040.7,1039.5,1039.5,22033
2026-09-11T06:06:00+00:00,2026-09-11,06:06:00,1040,1041.2,1039.6,1041.2,14658
2026-09-11T06:07:00+00:00,2026-09-11,06:07:00,1041.2,1041.8,1041.2,1041.6,9377
2026-09-11T06:08:00+00:00,2026-09-11,06:08:00,1041.8,1042,1041.4,1041.8,15282
2026-09-11T06:09:00+00:00,2026-09-11,06:09:00,1041.9,1043,1041.7,1043,23565
2026-09-11T06:10:00+00:00,2026-09-11,06:10:00,1043,1044.5,1042.5,1044.1,43803
2026-09-11T06:11:00+00:00,2026-09-11,06:11:00,1044.2,1044.4,1042.5,1042.7,25837
2026-09-11T06:12:00+00:00,2026-09-11,06:12:00,1042.7,1043.6,1042.3,1042.6,13428
2026-09-11T06:13:00+00:00,2026-09-11,06:13:00,1042.6,1042.7,1041.4,1041.8,24905
2026-09-11T06:14:00+00:00,2026-09-11,06:14:00,1041.8,1042.3,1041.3,1041.3,16353
2026-09-11T06:15:00+00:00,2026-09-11,06:15:00,1041.3,1042.2,1041,1041,18107
2026-09-11T06:16:00+00:00,2026-09-11,06:16:00,1041.2,1041.2,1040.8,1041,15372
2026-09-11T06:17:00+00:00,2026-09-11,06:17:00,1041.2,1041.6,1041.1,1041.6,7906
2026-09-11T06:18:00+00:00,2026-09-11,06:18:00,1041.5,1041.8,1040.9,1041,13661
2026-09-11T06:19:00+00:00,2026-09-11,06:19:00,1041,1041.2,1040.9,1041,5548
2026-09-11T06:20:00+00:00,2026-09-11,06:20:00,1041,1041.2,1040.9,1041,6364
2026-09-11T06:21:00+00:00,2026-09-11,06:21:00,1041,1041.6,1040.9,1041.2,8755
2026-09-11T06:22:00+00:00,2026-09-11,06:22:00,1041.4,1041.4,1040.7,1041,15553
2026-09-11T06:23:00+00:00,2026-09-11,06:23:00,1041,1041,1040.8,1040.9,2826
2026-09-11T06:24:00+00:00,2026-09-11,06:24:00,1041,1041.3,1040.9,1041.1,8261
2026-09-11T06:25:00+00:00,2026-09-11,06:25:00,1041.2,1041.5,1041,1041.3,6330
2026-09-11T06:26:00+00:00,2026-09-11,06:26:00,1041.3,1041.7,1041.2,1041.4,8760
2026-09-11T06:27:00+00:00,2026-09-11,06:27:00,1041.4,1042,1041.3,1041.4,12346
2026-09-11T06:28:00+00:00,2026-09-11,06:28:00,1041.5,1042,1041.3,1041.6,8011
2026-09-11T06:29:00+00:00,2026-09-11,06:29:00,1041.8,1042,1041.6,1042,5657
2026-09-11T06:30:00+00:00,2026-09-11,06:30:00,1042,1042,1041.1,1041.4,22546
2026-09-11T06:31:00+00:00,2026-09-11,06:31:00,1041.5,1041.5,1040.4,1040.7,10134
2026-09-11T06:32:00+00:00,2026-09-11,06:32:00,1040.7,1040.7,1040.3,1040.4,4307
2026-09-11T06:33:00+00:00,2026-09-11,06:33:00,1040.3,1040.3,1039.2,1039.6,17058
2026-09-11T06:34:00+00:00,2026-09-11,06:34:00,1039.8,1040.7,1039.6,1040.7,5118
2026-09-11T06:35:00+00:00,2026-09-11,06:35:00,1040.5,1040.8,1040.5,1040.7,6462
2026-09-11T06:36:00+00:00,2026-09-11,06:36:00,1040.7,1040.7,1040.4,1040.4,5836
2026-09-11T06:37:00+00:00,2026-09-11,06:37:00,1040.5,1040.7,1040.4,1040.5,5040
2026-09-11T06:38:00+00:00,2026-09-11,06:38:00,1040.6,1040.7,1039.8,1040,17456
2026-09-11T06:39:00+00:00,2026-09-11,06:39:00,1040,1040.7,1039.8,1040,14008
2026-09-11T06:40:00+00:00,2026-09-11,06:40:00,1040.1,1040.4,1039.9,1040.2,10108
2026-09-11T06:41:00+00:00,2026-09-11,06:41:00,1040,1040.5,1039.9,1040,9383
2026-09-11T06:42:00+00:00,2026-09-11,06:42:00,1040.1,1040.1,1039.8,1039.9,8088
2026-09-11T06:43:00+00:00,2026-09-11,06:43:00,1040,1040.1,1039.9,1040.1,7920
2026-09-11T06:44:00+00:00,2026-09-11,06:44:00,1040.1,1040.8,1040,1040.8,6345
2026-09-11T06:45:00+00:00,2026-09-11,06:45:00,1040.8,1040.8,1039.9,1040.2,27737
2026-09-11T06:46:00+00:00,2026-09-11,06:46:00,1040.1,1040.3,1039.8,1040,9097
2026-09-11T06:47:00+00:00,2026-09-11,06:47:00,1040,1040.3,1039.9,1040.2,3854
2026-09-11T06:48:00+00:00,2026-09-11,06:48:00,1040.3,1040.5,1040.2,1040.4,4660
2026-09-11T06:49:00+00:00,2026-09-11,06:49:00,1040.5,1040.5,1040.1,1040.3,8743
2026-09-11T06:50:00+00:00,2026-09-11,06:50:00,1040.4,1040.4,1040.2,1040.2,3951
2026-09-11T06:51:00+00:00,2026-09-11,06:51:00,1040.4,1040.6,1040.3,1040.4,7549
2026-09-11T06:52:00+00:00,2026-09-11,06:52:00,1040.5,1040.6,1040.3,1040.6,4390
2026-09-11T06:53:00+00:00,2026-09-11,06:53:00,1040.6,1041,1040.5,1041,8045
2026-09-11T06:54:00+00:00,2026-09-11,06:54:00,1040.8,1040.8,1040.4,1040.4,6068
2026-09-11T06:55:00+00:00,2026-09-11,06:55:00,1040.6,1040.6,1040.3,1040.3,4407
2026-09-11T06:56:00+00:00,2026-09-11,06:56:00,1040.4,1040.9,1040.3,1040.7,6697
2026-09-11T06:57:00+00:00,2026-09-11,06:57:00,1040.7,1041,1040.7,1041,5064
2026-09-11T06:58:00+00:00,2026-09-11,06:58:00,1040.9,1041,1040.5,1040.5,9982
2026-09-11T06:59:00+00:00,2026-09-11,06:59:00,1040.6,1040.6,1040.2,1040.3,5415
2026-09-11T07:00:00+00:00,2026-09-11,07:00:00,1040.4,1040.4,1040.2,1040.2,3699
2026-09-11T07:01:00+00:00,2026-09-11,07:01:00,1040.3,1040.5,1040.2,1040.4,6729
2026-09-11T07:02:00+00:00,2026-09-11,07:02:00,1040.5,1040.6,1040.4,1040.5,9214
2026-09-11T07:03:00+00:00,2026-09-11,07:03:00,1040.6,1040.6,1039.9,1040,8647
2026-09-11T07:04:00+00:00,2026-09-11,07:04:00,1040.1,1040.2,1039.9,1040.1,6986
2026-09-11T07:05:00+00:00,2026-09-11,07:05:00,1040.2,1040.6,1040.1,1040.6,5435
2026-09-11T07:06:00+00:00,2026-09-11,07:06:00,1040.5,1040.8,1039.6,1040,13134
2026-09-11T07:07:00+00:00,2026-09-11,07:07:00,1040,1040.3,1039.7,1040.2,5816
2026-09-11T07:08:00+00:00,2026-09-11,07:08:00,1040.3,1040.7,1040,1040,7980
2026-09-11T07:09:00+00:00,2026-09-11,07:09:00,1040.1,1040.2,1040,1040.1,3289
2026-09-11T07:10:00+00:00,2026-09-11,07:10:00,1040.2,1040.2,1039.8,1039.9,6678
2026-09-11T07:11:00+00:00,2026-09-11,07:11:00,1040,1040.4,1039.9,1040.4,12429
2026-09-11T07:12:00+00:00,2026-09-11,07:12:00,1040.3,1040.4,1039.9,1040,5593
2026-09-11T07:13:00+00:00,2026-09-11,07:13:00,1040.2,1040.3,1039.7,1039.7,13948
2026-09-11T07:14:00+00:00,2026-09-11,07:14:00,1039.7,1039.9,1039.5,1039.8,5396
2026-09-11T07:15:00+00:00,2026-09-11,07:15:00,1039.9,1039.9,1039.7,1039.7,5088
2026-09-11T07:16:00+00:00,2026-09-11,07:16:00,1039.7,1039.8,1039.5,1039.6,9153
2026-09-11T07:17:00+00:00,2026-09-11,07:17:00,1039.8,1040,1039.7,1040,6831
2026-09-11T07:18:00+00:00,2026-09-11,07:18:00,1040,1040,1038.8,1039.3,25778
2026-09-11T07:19:00+00:00,2026-09-11,07:19:00,1039.3,1039.4,1038.9,1038.9,7616
2026-09-11T07:20:00+00:00,2026-09-11,07:20:00,1039.2,1039.3,1038.9,1039.2,11025
2026-09-11T07:21:00+00:00,2026-09-11,07:21:00,1039.1,1039.6,1038.9,1039,44614
2026-09-11T07:22:00+00:00,2026-09-11,07:22:00,1039,1040.2,1039,1040.2,9396
2026-09-11T07:23:00+00:00,2026-09-11,07:23:00,1040.2,1040.7,1040.1,1040.5,4699
2026-09-11T07:24:00+00:00,2026-09-11,07:24:00,1040.5,1042.3,1040.5,1042,7885
2026-09-11T07:25:00+00:00,2026-09-11,07:25:00,1042.3,1042.9,1042,1042.9,10457
2026-09-11T07:26:00+00:00,2026-09-11,07:26:00,1042.9,1042.9,1042.2,1042.2,12345
2026-09-11T07:27:00+00:00,2026-09-11,07:27:00,1042.7,1042.8,1042.2,1042.5,4342
2026-09-11T07:28:00+00:00,2026-09-11,07:28:00,1042.5,1042.7,1042.3,1042.4,8746
2026-09-11T07:29:00+00:00,2026-09-11,07:29:00,1042.5,1042.6,1042.4,1042.5,6781
2026-09-11T07:30:00+00:00,2026-09-11,07:30:00,1042.6,1042.7,1042.5,1042.7,3791
2026-09-11T07:31:00+00:00,2026-09-11,07:31:00,1042.7,1042.7,1041.7,1042.2,14273
2026-09-11T07:32:00+00:00,2026-09-11,07:32:00,1042.1,1042.2,1042,1042.1,3192
2026-09-11T07:33:00+00:00,2026-09-11,07:33:00,1042.1,1042.1,1041.9,1041.9,6313
2026-09-11T07:34:00+00:00,2026-09-11,07:34:00,1041.9,1042,1041.9,1042,4038
2026-09-11T07:35:00+00:00,2026-09-11,07:35:00,1041.8,1041.8,1041.5,1041.7,7014
2026-09-11T07:36:00+00:00,2026-09-11,07:36:00,1041.7,1041.7,1041.5,1041.5,4766
2026-09-11T07:37:00+00:00,2026-09-11,07:37:00,1041.6,1041.8,1041.5,1041.8,8174
2026-09-11T07:38:00+00:00,2026-09-11,07:38:00,1041.8,1042.2,1041.8,1042,8052
2026-09-11T07:39:00+00:00,2026-09-11,07:39:00,1042.2,1042.2,1040.7,1041.1,16107
2026-09-11T07:40:00+00:00,2026-09-11,07:40:00,1041.2,1041.2,1040.7,1040.7,8851
2026-09-11T07:41:00+00:00,2026-09-11,07:41:00,1041,1042,1040.6,1042,15619
2026-09-11T07:42:00+00:00,2026-09-11,07:42:00,1041.7,1042.3,1041.7,1042,5324
2026-09-11T07:43:00+00:00,2026-09-11,07:43:00,1042.3,1042.3,1042,1042.1,6191
2026-09-11T07:44:00+00:00,2026-09-11,07:44:00,1042.2,1042.2,1041.2,1041.5,12241
2026-09-11T07:45:00+00:00,2026-09-11,07:45:00,1041.5,1041.5,1041.1,1041.2,2446
2026-09-11T07:46:00+00:00,2026-09-11,07:46:00,1041.2,1041.3,1041.1,1041.2,2780
2026-09-11T07:47:00+00:00,2026-09-11,07:47:00,1041.3,1041.4,1041.2,1041.2,4872
2026-09-11T07:48:00+00:00,2026-09-11,07:48:00,1041.3,1041.3,1040.6,1040.8,12507
2026-09-11T07:49:00+00:00,2026-09-11,07:49:00,1040.8,1040.9,1040.5,1040.8,5351
2026-09-11T07:50:00+00:00,2026-09-11,07:50:00,1040.9,1041.2,1040.6,1041,7687
2026-09-11T07:51:00+00:00,2026-09-11,07:51:00,1041.1,1041.3,1041,1041.1,2880
2026-09-11T07:52:00+00:00,2026-09-11,07:52:00,1041.1,1041.1,1040.7,1040.8,7837
2026-09-11T07:53:00+00:00,2026-09-11,07:53:00,1040.8,1041,1040.7,1041,6372
2026-09-11T07:54:00+00:00,2026-09-11,07:54:00,1041,1041,1040.7,1040.8,6358
2026-09-11T07:55:00+00:00,2026-09-11,07:55:00,1040.8,1040.8,1040.6,1040.7,7060
2026-09-11T07:56:00+00:00,2026-09-11,07:56:00,1040.7,1040.7,1040.6,1040.7,3598
2026-09-11T07:57:00+00:00,2026-09-11,07:57:00,1040.7,1040.7,1040.5,1040.6,8105
2026-09-11T07:58:00+00:00,2026-09-11,07:58:00,1040.7,1040.7,1040,1040.2,12582
2026-09-11T07:59:00+00:00,2026-09-11,07:59:00,1040.2,1040.2,1039.7,1039.8,8440
2026-09-11T08:00:00+00:00,2026-09-11,08:00:00,1039.8,1039.9,1039.7,1039.9,5248
2026-09-11T08:01:00+00:00,2026-09-11,08:01:00,1039.8,1040.2,1039.8,1040.1,6700
2026-09-11T08:02:00+00:00,2026-09-11,08:02:00,1040.1,1040.6,1040,1040.5,5830
2026-09-11T08:03:00+00:00,2026-09-11,08:03:00,1040.5,1040.7,1040,1040.1,11841
2026-09-11T08:04:00+00:00,2026-09-11,08:04:00,1040.1,1040.1,1040,1040.1,2708
2026-09-11T08:05:00+00:00,2026-09-11,08:05:00,1040.1,1040.1,1039.9,1040,2560
2026-09-11T08:06:00+00:00,2026-09-11,08:06:00,1040,1040,1039.4,1039.8,17021
2026-09-11T08:07:00+00:00,2026-09-11,08:07:00,1039.8,1039.8,1039.5,1039.8,4265
2026-09-11T08:08:00+00:00,2026-09-11,08:08:00,1039.8,1040.4,1039.7,1040.3,17859
2026-09-11T08:09:00+00:00,2026-09-11,08:09:00,1040.1,1040.5,1040,1040.2,5540
2026-09-11T08:10:00+00:00,2026-09-11,08:10:00,1040.4,1040.7,1040.2,1040.3,8976
2026-09-11T08:11:00+00:00,2026-09-11,08:11:00,1040.3,1040.6,1038.7,1039,19961
2026-09-11T08:12:00+00:00,2026-09-11,08:12:00,1039.4,1039.5,1039,1039.5,3074
2026-09-11T08:13:00+00:00,2026-09-11,08:13:00,1039.5,1039.6,1039.4,1039.6,3307
2026-09-11T08:14:00+00:00,2026-09-11,08:14:00,1039.6,1039.7,1039.5,1039.7,3377
2026-09-11T08:15:00+00:00,2026-09-11,08:15:00,1039.7,1039.8,1039.6,1039.8,6695
2026-09-11T08:16:00+00:00,2026-09-11,08:16:00,1039.7,1039.8,1039,1039.1,7644
2026-09-11T08:17:00+00:00,2026-09-11,08:17:00,1039.1,1039.8,1038.8,1039.5,102429
2026-09-11T08:18:00+00:00,2026-09-11,08:18:00,1039.5,1039.5,1038.8,1039.3,8339
2026-09-11T08:19:00+00:00,2026-09-11,08:19:00,1039.3,1039.3,1038.8,1038.8,5614
2026-09-11T08:20:00+00:00,2026-09-11,08:20:00,1039.2,1039.2,1038.8,1038.8,6930
2026-09-11T08:21:00+00:00,2026-09-11,08:21:00,1038.9,1039,1037.7,1038.4,33557
2026-09-11T08:22:00+00:00,2026-09-11,08:22:00,1038.4,1038.4,1037.9,1038.1,5630
2026-09-11T08:23:00+00:00,2026-09-11,08:23:00,1038.3,1038.6,1038,1038.6,8772
2026-09-11T08:24:00+00:00,2026-09-11,08:24:00,1038.6,1039.8,1038,1038.3,23332
2026-09-11T08:25:00+00:00,2026-09-11,08:25:00,1038.3,1039.3,1038,1039.1,12879
2026-09-11T08:26:00+00:00,2026-09-11,08:26:00,1039.1,1039.7,1038.7,1039.7,13912
2026-09-11T08:27:00+00:00,2026-09-11,08:27:00,1039.7,1039.7,1038.7,1038.8,12579
2026-09-11T08:28:00+00:00,2026-09-11,08:28:00,1038.9,1038.9,1038.7,1038.8,9016
2026-09-11T08:29:00+00:00,2026-09-11,08:29:00,1038.8,1038.8,1038.7,1038.7,7490
2026-09-11T08:30:00+00:00,2026-09-11,08:30:00,1038.8,1039.7,1038.8,1039.5,23885
2026-09-11T08:31:00+00:00,2026-09-11,08:31:00,1039.6,1039.6,1038.8,1039,12824
2026-09-11T08:32:00+00:00,2026-09-11,08:32:00,1039,1039.9,1038.9,1039.9,8469
2026-09-11T08:33:00+00:00,2026-09-11,08:33:00,1039.9,1040.5,1039.5,1039.9,21557
2026-09-11T08:34:00+00:00,2026-09-11,08:34:00,1040.1,1040.3,1039.3,1039.6,9810
2026-09-11T08:35:00+00:00,2026-09-11,08:35:00,1039.6,1039.6,1039.1,1039.1,20559
2026-09-11T08:36:00+00:00,2026-09-11,08:36:00,1039.1,1039.8,1039,1039.7,7355
2026-09-11T08:37:00+00:00,2026-09-11,08:37:00,1039.8,1039.8,1039.3,1039.6,7411
2026-09-11T08:38:00+00:00,2026-09-11,08:38:00,1039.5,1039.8,1039.5,1039.8,11248
2026-09-11T08:39:00+00:00,2026-09-11,08:39:00,1039.8,1039.9,1039.1,1039.4,14395
2026-09-11T08:40:00+00:00,2026-09-11,08:40:00,1039.3,1039.3,1039,1039.3,7035
2026-09-11T08:41:00+00:00,2026-09-11,08:41:00,1039.3,1039.7,1039.2,1039.6,5480
2026-09-11T08:42:00+00:00,2026-09-11,08:42:00,1039.4,1039.8,1039.4,1039.6,5342
2026-09-11T08:43:00+00:00,2026-09-11,08:43:00,1039.7,1039.9,1039.6,1039.7,7461
2026-09-11T08:44:00+00:00,2026-09-11,08:44:00,1039.8,1039.8,1039.6,1039.7,6307
2026-09-11T08:45:00+00:00,2026-09-11,08:45:00,1039.6,1039.7,1039.6,1039.7,5419
2026-09-11T08:46:00+00:00,2026-09-11,08:46:00,1039.7,1039.7,1039.6,1039.6,4144
2026-09-11T08:47:00+00:00,2026-09-11,08:47:00,1039.7,1039.9,1039.3,1039.6,19784
2026-09-11T08:48:00+00:00,2026-09-11,08:48:00,1039.9,1040.1,1039.6,1039.8,9335
2026-09-11T08:49:00+00:00,2026-09-11,08:49:00,1039.9,1039.9,1039.3,1039.3,7815
2026-09-11T08:50:00+00:00,2026-09-11,08:50:00,1039.4,1039.5,1039.3,1039.5,4851
2026-09-11T08:51:00+00:00,2026-09-11,08:51:00,1039.5,1039.6,1039.4,1039.6,6484
2026-09-11T08:52:00+00:00,2026-09-11,08:52:00,1039.5,1039.8,1039,1039.5,17883
2026-09-11T08:53:00+00:00,2026-09-11,08:53:00,1039.7,1039.7,1039.5,1039.5,5713
2026-09-11T08:54:00+00:00,2026-09-11,08:54:00,1039.5,1039.6,1039.4,1039.4,4523
2026-09-11T08:55:00+00:00,2026-09-11,08:55:00,1039.4,1039.5,1039.3,1039.4,6716
2026-09-11T08:56:00+00:00,2026-09-11,08:56:00,1039.4,1039.4,1039,1039.1,12361
2026-09-11T08:57:00+00:00,2026-09-11,08:57:00,1039.1,1039.1,1038.8,1039.1,8064
2026-09-11T08:58:00+00:00,2026-09-11,08:58:00,1039.1,1039.1,1038.8,1039,8121
2026-09-11T08:59:00+00:00,2026-09-11,08:59:00,1039,1039.1,1038.9,1039.1,12114
2026-09-11T09:00:00+00:00,2026-09-11,09:00:00,1039.1,1039.4,1038.7,1038.8,50958
2026-09-11T09:01:00+00:00,2026-09-11,09:01:00,1038.8,1039.1,1038.8,1038.9,8109
2026-09-11T09:02:00+00:00,2026-09-11,09:02:00,1039,1039.1,1038.9,1038.9,11631
2026-09-11T09:03:00+00:00,2026-09-11,09:03:00,1039,1039.5,1038.9,1039.4,8628
2026-09-11T09:04:00+00:00,2026-09-11,09:04:00,1039.4,1039.4,1038.1,1038.2,20985
2026-09-11T09:05:00+00:00,2026-09-11,09:05:00,1038.2,1038.6,1037.7,1038.2,32867
2026-09-11T09:06:00+00:00,2026-09-11,09:06:00,1038.3,1038.5,1038.2,1038.5,4164
2026-09-11T09:07:00+00:00,2026-09-11,09:07:00,1038.4,1038.5,1038.2,1038.4,8900
2026-09-11T09:08:00+00:00,2026-09-11,09:08:00,1038.4,1038.6,1038.3,1038.4,13064
2026-09-11T09:09:00+00:00,2026-09-11,09:09:00,1038.5,1038.6,1038.3,1038.6,8017
2026-09-11T09:10:00+00:00,2026-09-11,09:10:00,1038.5,1038.6,1038.4,1038.4,5744
2026-09-11T09:11:00+00:00,2026-09-11,09:11:00,1038.5,1038.5,1038.1,1038.1,11630
2026-09-11T09:12:00+00:00,2026-09-11,09:12:00,1038.1,1038.3,1038,1038.2,8982
2026-09-11T09:13:00+00:00,2026-09-11,09:13:00,1038.1,1038.5,1038.1,1038.3,6318
2026-09-11T09:14:00+00:00,2026-09-11,09:14:00,1038.1,1038.1,1037.6,1037.9,10448
2026-09-11T09:15:00+00:00,2026-09-11,09:15:00,1038,1038,1037.3,1037.5,10993
2026-09-11T09:16:00+00:00,2026-09-11,09:16:00,1037.6,1037.7,1037.3,1037.7,4217
2026-09-11T09:17:00+00:00,2026-09-11,09:17:00,1037.7,1037.7,1037.6,1037.7,7975
2026-09-11T09:18:00+00:00,2026-09-11,09:18:00,1037.7,1037.8,1037.5,1037.7,12516
2026-09-11T09:19:00+00:00,2026-09-11,09:19:00,1037.7,1037.9,1037.5,1037.9,8032
2026-09-11T09:20:00+00:00,2026-09-11,09:20:00,1037.9,1037.9,1037.5,1037.7,19988
2026-09-11T09:21:00+00:00,2026-09-11,09:21:00,1037.6,1038.1,1037.2,1038.1,26724
2026-09-11T09:22:00+00:00,2026-09-11,09:22:00,1038,1038.4,1037.8,1038,32804
2026-09-11T09:23:00+00:00,2026-09-11,09:23:00,1038.4,1038.8,1038,1038.5,14899
2026-09-11T09:24:00+00:00,2026-09-11,09:24:00,1038.7,1038.7,1037.9,1038,27098
2026-09-11T09:25:00+00:00,2026-09-11,09:25:00,1038.2,1038.2,1037.4,1037.4,20147
2026-09-11T09:26:00+00:00,2026-09-11,09:26:00,1037.5,1038.2,1037.4,1038,90876
2026-09-11T09:27:00+00:00,2026-09-11,09:27:00,1038,1038.3,1037.9,1038,24799
2026-09-11T09:28:00+00:00,2026-09-11,09:28:00,1038.1,1038.1,1037.9,1038.1,7787
2026-09-11T09:29:00+00:00,2026-09-11,09:29:00,1038,1038,1037.9,1037.9,7532
2026-09-11T09:30:00+00:00,2026-09-11,09:30:00,1038,1038,1037.5,1037.6,27059
2026-09-11T09:31:00+00:00,2026-09-11,09:31:00,1037.6,1037.6,1037,1037,35762
2026-09-11T09:32:00+00:00,2026-09-11,09:32:00,1037.1,1037.9,1036.9,1037.6,33446
2026-09-11T09:33:00+00:00,2026-09-11,09:33:00,1037.8,1038,1037.6,1037.9,13292
2026-09-11T09:34:00+00:00,2026-09-11,09:34:00,1038,1038,1037.5,1037.6,21468
2026-09-11T09:35:00+00:00,2026-09-11,09:35:00,1037.6,1037.6,1037,1037.3,21640
2026-09-11T09:36:00+00:00,2026-09-11,09:36:00,1037.3,1037.3,1037,1037.2,20278
2026-09-11T09:37:00+00:00,2026-09-11,09:37:00,1037.2,1037.2,1037,1037.1,11538
2026-09-11T09:38:00+00:00,2026-09-11,09:38:00,1037.2,1037.2,1037.1,1037.1,20797
2026-09-11T09:39:00+00:00,2026-09-11,09:39:00,1037.2,1037.3,1037,1037.3,20428
2026-09-11T09:40:00+00:00,2026-09-11,09:40:00,1037.3,1037.3,1037.2,1037.3,34083
2026-09-11T09:41:00+00:00,2026-09-11,09:41:00,1037.3,1037.5,1037.3,1037.5,38203
2026-09-11T09:42:00+00:00,2026-09-11,09:42:00,1037.5,1038.3,1037.4,1038,87071
2026-09-11T09:43:00+00:00,2026-09-11,09:43:00,1038.1,1038.5,1037.5,1037.9,67913
2026-09-11T09:44:00+00:00,2026-09-11,09:44:00,1038,1038.7,1037.8,1038.7,27243
2026-09-11T09:45:00+00:00,2026-09-11,09:45:00,1038,1038.7,1037.8,1038.7,27243
2026-09-11T09:46:00+00:00,2026-09-11,09:46:00,1038,1038.7,1037.8,1038.7,27243
2026-09-11T09:47:00+00:00,2026-09-11,09:47:00,1038,1038.7,1037.8,1038.7,27243
2026-09-11T09:48:00+00:00,2026-09-11,09:48:00,1038,1038.7,1037.8,1038.7,27243
2026-09-11T09:49:00+00:00,2026-09-11,09:49:00,1038,1038.7,1037.8,1038.7,27243
2026-09-11T09:50:00+00:00,2026-09-11,09:50:00,1038,1038.7,1037.8,1038.7,27243
2026-09-11T09:51:00+00:00,2026-09-11,09:51:00,1038,1038.7,1037.8,1038.7,27243
2026-09-11T09:52:00+00:00,2026-09-11,09:52:00,1038,1038.7,1037.8,1038.7,27243
2026-09-11T09:53:00+00:00,2026-09-11,09:53:00,1038,1038.7,1037.8,1038.7,27243
2026-09-11T09:54:00+00:00,2026-09-11,09:54:00,1038,1038.7,1037.8,1038.7,27243
2026-09-11T09:55:00+00:00,2026-09-11,09:55:00,1038,1038.7,1037.8,1038.7,27243
2026-09-11T09:56:00+00:00,2026-09-11,09:56:00,1038,1038.7,1037.8,1038.7,27243
2026-09-11T09:57:00+00:00,2026-09-11,09:57:00,1038,1038.7,1037.8,1038.7,27243
2026-09-11T09:58:00+00:00,2026-09-11,09:58:00,1038,1038.7,1037.8,1038.7,27243
2026-09-11T09:59:00+00:00,2026-09-11,09:59:00,1037.7,1037.7,1037.7,1037.7,0
2026-09-11T10:00:00+00:00,2026-09-11,10:00:00,1037.7,1037.7,1037.7,1037.7,0
2026-09-15T03:45:00+00:00,2026-09-15,03:45:00,1085,1086.5,1075,1084.8,997035
2026-09-15T03:46:00+00:00,2026-09-15,03:46:00,1085.1,1092.7,1085.1,1090.8,406834
2026-09-15T03:47:00+00:00,2026-09-15,03:47:00,1091.1,1091.1,1087,1087,436064
2026-09-15T03:48:00+00:00,2026-09-15,03:48:00,1086.8,1090.5,1085.3,1089.3,256715
2026-09-15T03:49:00+00:00,2026-09-15,03:49:00,1089.1,1094.4,1088.6,1093.1,337948
2026-09-15T03:50:00+00:00,2026-09-15,03:50:00,1092.6,1095.7,1091.7,1095.2,289263
2026-09-15T03:51:00+00:00,2026-09-15,03:51:00,1095.6,1095.6,1093.2,1095,167615
2026-09-15T03:52:00+00:00,2026-09-15,03:52:00,1095,1095.6,1093.5,1093.7,145909
2026-09-15T03:53:00+00:00,2026-09-15,03:53:00,1094.1,1096.9,1093.6,1096.6,143740
2026-09-15T03:54:00+00:00,2026-09-15,03:54:00,1096.3,1097.2,1095,1095.1,65126
2026-09-15T03:55:00+00:00,2026-09-15,03:55:00,1095.4,1097.6,1094.8,1095.9,109281
2026-09-15T03:56:00+00:00,2026-09-15,03:56:00,1095.9,1096.7,1093.3,1093.7,168006
2026-09-15T03:57:00+00:00,2026-09-15,03:57:00,1093.7,1096.4,1092.5,1095.1,126185
2026-09-15T03:58:00+00:00,2026-09-15,03:58:00,1095.2,1096.6,1095,1095.9,126937
2026-09-15T03:59:00+00:00,2026-09-15,03:59:00,1095.7,1096.2,1094.7,1095,120484
2026-09-15T04:00:00+00:00,2026-09-15,04:00:00,1095,1096.2,1092.6,1093,169039
2026-09-15T04:01:00+00:00,2026-09-15,04:01:00,1092.6,1092.9,1089.6,1090.4,138893
2026-09-15T04:02:00+00:00,2026-09-15,04:02:00,1090.1,1091.1,1089.7,1089.7,87668
2026-09-15T04:03:00+00:00,2026-09-15,04:03:00,1090.1,1090.7,1089.1,1089.3,108927
2026-09-15T04:04:00+00:00,2026-09-15,04:04:00,1089.7,1090.9,1089.3,1089.7,89945
2026-09-15T04:05:00+00:00,2026-09-15,04:05:00,1089.7,1091,1089.5,1090,47534
2026-09-15T04:06:00+00:00,2026-09-15,04:06:00,1089.4,1089.8,1088,1088.6,99080
2026-09-15T04:07:00+00:00,2026-09-15,04:07:00,1088.4,1088.7,1087.4,1087.4,72784
2026-09-15T04:08:00+00:00,2026-09-15,04:08:00,1087.6,1091,1087.1,1090.5,100074
2026-09-15T04:09:00+00:00,2026-09-15,04:09:00,1090.1,1090.4,1087.3,1088,53718
2026-09-15T04:10:00+00:00,2026-09-15,04:10:00,1087.9,1088.7,1087.1,1087.2,38158
2026-09-15T04:11:00+00:00,2026-09-15,04:11:00,1087.2,1087.3,1086.5,1086.7,56956
2026-09-15T04:12:00+00:00,2026-09-15,04:12:00,1086.9,1087,1085.5,1085.9,94236
2026-09-15T04:13:00+00:00,2026-09-15,04:13:00,1085.9,1088.9,1085.2,1088.8,181608
2026-09-15T04:14:00+00:00,2026-09-15,04:14:00,1088.5,1088.7,1087.3,1087.5,71996
2026-09-15T04:15:00+00:00,2026-09-15,04:15:00,1087.1,1087.1,1084,1085.2,135393
2026-09-15T04:16:00+00:00,2026-09-15,04:16:00,1085.2,1085.6,1084.3,1085.1,54212
2026-09-15T04:17:00+00:00,2026-09-15,04:17:00,1085,1085.2,1084,1084,52115
2026-09-15T04:18:00+00:00,2026-09-15,04:18:00,1084,1084.9,1083.3,1084.6,34354
2026-09-15T04:19:00+00:00,2026-09-15,04:19:00,1084.9,1084.9,1083.7,1084.2,33987
2026-09-15T04:20:00+00:00,2026-09-15,04:20:00,1084.2,1084.5,1083.6,1084.1,49934
2026-09-15T04:21:00+00:00,2026-09-15,04:21:00,1083.8,1084.2,1081.1,1082.6,122429
2026-09-15T04:22:00+00:00,2026-09-15,04:22:00,1082.2,1082.6,1080.5,1081,59832
2026-09-15T04:23:00+00:00,2026-09-15,04:23:00,1081.3,1081.7,1080.1,1080.4,98004
2026-09-15T04:24:00+00:00,2026-09-15,04:24:00,1080.4,1081.7,1079.3,1079.3,133532
2026-09-15T04:25:00+00:00,2026-09-15,04:25:00,1079.2,1079.4,1077,1077.3,66280
2026-09-15T04:26:00+00:00,2026-09-15,04:26:00,1077.2,1077.7,1074.1,1074.4,69143
2026-09-15T04:27:00+00:00,2026-09-15,04:27:00,1073.8,1075.3,1073.5,1074.8,75037
2026-09-15T04:28:00+00:00,2026-09-15,04:28:00,1074.6,1076.9,1074.3,1076.7,33550
2026-09-15T04:29:00+00:00,2026-09-15,04:29:00,1076.7,1077.7,1076.3,1077.2,23248
2026-09-15T04:30:00+00:00,2026-09-15,04:30:00,1077.3,1078.8,1077.1,1078.3,46103
2026-09-15T04:31:00+00:00,2026-09-15,04:31:00,1078.4,1079.3,1078.2,1079,27704
2026-09-15T04:32:00+00:00,2026-09-15,04:32:00,1079.4,1080.5,1079,1080.4,96827
2026-09-15T04:33:00+00:00,2026-09-15,04:33:00,1080.3,1081,1079,1079.7,40213
2026-09-15T04:34:00+00:00,2026-09-15,04:34:00,1079.5,1081.3,1079.5,1081.1,30350
2026-09-15T04:35:00+00:00,2026-09-15,04:35:00,1081.1,1081.9,1081,1081.2,43033
2026-09-15T04:36:00+00:00,2026-09-15,04:36:00,1081.2,1081.9,1080.5,1081.8,33429
2026-09-15T04:37:00+00:00,2026-09-15,04:37:00,1082,1083,1082,1082.9,35443
2026-09-15T04:38:00+00:00,2026-09-15,04:38:00,1083,1083,1082.3,1082.6,20066
2026-09-15T04:39:00+00:00,2026-09-15,04:39:00,1082.6,1083.4,1082,1083.2,30588
2026-09-15T04:40:00+00:00,2026-09-15,04:40:00,1083.2,1083.5,1082.4,1082.4,19395
2026-09-15T04:41:00+00:00,2026-09-15,04:41:00,1082.7,1082.7,1082.1,1082.4,12901
2026-09-15T04:42:00+00:00,2026-09-15,04:42:00,1082.4,1083,1081.2,1081.5,22736
2026-09-15T04:43:00+00:00,2026-09-15,04:43:00,1081.5,1083.3,1081.5,1082.7,15683
2026-09-15T04:44:00+00:00,2026-09-15,04:44:00,1082.7,1083.9,1082.3,1083.7,23598
2026-09-15T04:45:00+00:00,2026-09-15,04:45:00,1083.5,1084.8,1083.1,1083.6,26782
2026-09-15T04:46:00+00:00,2026-09-15,04:46:00,1083.6,1085.2,1083.3,1085,42299
2026-09-15T04:47:00+00:00,2026-09-15,04:47:00,1084.8,1085.6,1084.5,1085.2,24019
2026-09-15T04:48:00+00:00,2026-09-15,04:48:00,1085.4,1087.7,1085.4,1087.5,38925
2026-09-15T04:49:00+00:00,2026-09-15,04:49:00,1087.4,1088.9,1086.4,1088.6,30964
2026-09-15T04:50:00+00:00,2026-09-15,04:50:00,1088.6,1089.8,1086.5,1086.5,29793
2026-09-15T04:51:00+00:00,2026-09-15,04:51:00,1086.5,1086.9,1085.6,1086.1,18222
2026-09-15T04:52:00+00:00,2026-09-15,04:52:00,1086,1087,1086,1086.4,25347
2026-09-15T04:53:00+00:00,2026-09-15,04:53:00,1086.9,1088,1086.5,1087.8,10056
2026-09-15T04:54:00+00:00,2026-09-15,04:54:00,1087.7,1088.4,1086.6,1086.6,18932
2026-09-15T04:55:00+00:00,2026-09-15,04:55:00,1087,1087.4,1086.6,1086.9,11357
2026-09-15T04:56:00+00:00,2026-09-15,04:56:00,1087.3,1087.9,1087,1087.4,13713
2026-09-15T04:57:00+00:00,2026-09-15,04:57:00,1087.5,1088.7,1086.4,1086.4,25795
2026-09-15T04:58:00+00:00,2026-09-15,04:58:00,1086.8,1086.8,1084.2,1084.5,47247
2026-09-15T04:59:00+00:00,2026-09-15,04:59:00,1084.6,1085.3,1084.4,1084.5,16512
2026-09-15T05:00:00+00:00,2026-09-15,05:00:00,1084.5,1085.5,1084.1,1084.7,16272
2026-09-15T05:01:00+00:00,2026-09-15,05:01:00,1085.4,1086,1084.5,1084.9,31801
2026-09-15T05:02:00+00:00,2026-09-15,05:02:00,1084.7,1085.6,1084.1,1085.5,15128
2026-09-15T05:03:00+00:00,2026-09-15,05:03:00,1085.6,1086.3,1085.6,1086.1,12369
2026-09-15T05:04:00+00:00,2026-09-15,05:04:00,1086,1086.4,1085.1,1085.3,11691
2026-09-15T05:05:00+00:00,2026-09-15,05:05:00,1085,1085.5,1084.9,1085.2,10549
2026-09-15T05:06:00+00:00,2026-09-15,05:06:00,1085.4,1086.5,1084.7,1086.1,16872
2026-09-15T05:07:00+00:00,2026-09-15,05:07:00,1086.1,1086.6,1085.4,1085.8,11882
2026-09-15T05:08:00+00:00,2026-09-15,05:08:00,1085.8,1086.3,1085.7,1086,6240
2026-09-15T05:09:00+00:00,2026-09-15,05:09:00,1085.8,1085.8,1084.7,1084.7,11983
2026-09-15T05:10:00+00:00,2026-09-15,05:10:00,1084.7,1085.1,1084.3,1085,12709
2026-09-15T05:11:00+00:00,2026-09-15,05:11:00,1084.9,1085,1084.6,1085,7050
2026-09-15T05:12:00+00:00,2026-09-15,05:12:00,1085.1,1085.2,1084.2,1084.3,10435
2026-09-15T05:13:00+00:00,2026-09-15,05:13:00,1084.6,1085.9,1084.1,1085.7,15786
2026-09-15T05:14:00+00:00,2026-09-15,05:14:00,1085.7,1086.1,1085.2,1085.2,9855
2026-09-15T05:15:00+00:00,2026-09-15,05:15:00,1085.1,1085.9,1084.7,1085.5,18155
2026-09-15T05:16:00+00:00,2026-09-15,05:16:00,1085.5,1085.7,1084.2,1084.5,8583
2026-09-15T05:17:00+00:00,2026-09-15,05:17:00,1084.4,1085.3,1084.1,1084.8,23316
2026-09-15T05:18:00+00:00,2026-09-15,05:18:00,1084.5,1085.4,1084.3,1084.4,19484
2026-09-15T05:19:00+00:00,2026-09-15,05:19:00,1084.4,1086.9,1084,1086.6,57998
2026-09-15T05:20:00+00:00,2026-09-15,05:20:00,1086.6,1089.4,1086.3,1088.7,45935
2026-09-15T05:21:00+00:00,2026-09-15,05:21:00,1088.6,1088.9,1087.1,1087.5,15346
2026-09-15T05:22:00+00:00,2026-09-15,05:22:00,1087.4,1087.7,1086.2,1086.2,9811
2026-09-15T05:23:00+00:00,2026-09-15,05:23:00,1086.2,1086.8,1086,1086.5,8433
2026-09-15T05:24:00+00:00,2026-09-15,05:24:00,1086.5,1086.5,1085.6,1086.2,10622
2026-09-15T05:25:00+00:00,2026-09-15,05:25:00,1086,1086.6,1085.6,1086.2,26482
2026-09-15T05:26:00+00:00,2026-09-15,05:26:00,1086.4,1087.1,1086.3,1086.8,14769
2026-09-15T05:27:00+00:00,2026-09-15,05:27:00,1087,1087,1086.4,1086.5,10289
2026-09-15T05:28:00+00:00,2026-09-15,05:28:00,1086.4,1089.3,1085.8,1088.9,31271
2026-09-15T05:29:00+00:00,2026-09-15,05:29:00,1088.9,1089.5,1088.3,1089.4,24155
2026-09-15T05:30:00+00:00,2026-09-15,05:30:00,1089.4,1089.6,1088.8,1089.3,41307
2026-09-15T05:31:00+00:00,2026-09-15,05:31:00,1088.8,1091,1088.8,1090.4,106053
2026-09-15T05:32:00+00:00,2026-09-15,05:32:00,1090.4,1090.7,1090.1,1090.2,13518
2026-09-15T05:33:00+00:00,2026-09-15,05:33:00,1090.2,1091.1,1090,1090.3,38853
2026-09-15T05:34:00+00:00,2026-09-15,05:34:00,1090.7,1090.9,1090.6,1090.6,9698
2026-09-15T05:35:00+00:00,2026-09-15,05:35:00,1091.4,1092.6,1091.4,1091.4,34193
2026-09-15T05:36:00+00:00,2026-09-15,05:36:00,1091.5,1091.5,1090,1090.1,19927
2026-09-15T05:37:00+00:00,2026-09-15,05:37:00,1090.1,1090.1,1088.1,1088.7,19553
2026-09-15T05:38:00+00:00,2026-09-15,05:38:00,1089,1091.3,1089,1089.8,26076
2026-09-15T05:39:00+00:00,2026-09-15,05:39:00,1089.8,1089.8,1088.8,1089.1,14410
2026-09-15T05:40:00+00:00,2026-09-15,05:40:00,1089.5,1089.6,1088.5,1088.5,13133
2026-09-15T05:41:00+00:00,2026-09-15,05:41:00,1088.5,1089.3,1088.2,1088.5,14457
2026-09-15T05:42:00+00:00,2026-09-15,05:42:00,1088.5,1088.7,1088,1088,10558
2026-09-15T05:43:00+00:00,2026-09-15,05:43:00,1088,1088.5,1088,1088.4,12138
2026-09-15T05:44:00+00:00,2026-09-15,05:44:00,1088.4,1088.4,1087.2,1087.8,13296
2026-09-15T05:45:00+00:00,2026-09-15,05:45:00,1087.8,1088.2,1087.2,1087.7,8346
2026-09-15T05:46:00+00:00,2026-09-15,05:46:00,1087.7,1087.7,1085.2,1085.6,38489
2026-09-15T05:47:00+00:00,2026-09-15,05:47:00,1086,1086.6,1084.2,1084.8,104833
2026-09-15T05:48:00+00:00,2026-09-15,05:48:00,1084.7,1085.5,1084.5,1085,15379
2026-09-15T05:49:00+00:00,2026-09-15,05:49:00,1085,1086.1,1084.9,1086.1,21793
2026-09-15T05:50:00+00:00,2026-09-15,05:50:00,1086,1086,1085,1085.2,31920
2026-09-15T05:51:00+00:00,2026-09-15,05:51:00,1085.2,1085.7,1084.7,1085.5,22143
2026-09-15T05:52:00+00:00,2026-09-15,05:52:00,1085.5,1086.2,1085.3,1085.6,11589
2026-09-15T05:53:00+00:00,2026-09-15,05:53:00,1085.6,1085.8,1085.2,1085.4,7658
2026-09-15T05:54:00+00:00,2026-09-15,05:54:00,1085.8,1085.9,1085.1,1085.1,11515
2026-09-15T05:55:00+00:00,2026-09-15,05:55:00,1085.1,1086.4,1085,1085.4,10612
2026-09-15T05:56:00+00:00,2026-09-15,05:56:00,1085.4,1086,1085.4,1085.5,7129
2026-09-15T05:57:00+00:00,2026-09-15,05:57:00,1085.5,1085.5,1084.9,1085,26224
2026-09-15T05:58:00+00:00,2026-09-15,05:58:00,1085,1086,1085,1085.3,12913
2026-09-15T05:59:00+00:00,2026-09-15,05:59:00,1085.3,1085.7,1084.7,1084.7,11420
2026-09-15T06:00:00+00:00,2026-09-15,06:00:00,1084.7,1085.6,1084.7,1085.5,65703
2026-09-15T06:01:00+00:00,2026-09-15,06:01:00,1085.5,1085.9,1085.3,1085.7,10898
2026-09-15T06:02:00+00:00,2026-09-15,06:02:00,1085.5,1086.9,1085.2,1085.2,24102
2026-09-15T06:03:00+00:00,2026-09-15,06:03:00,1085.3,1085.3,1084.5,1084.7,10143
2026-09-15T06:04:00+00:00,2026-09-15,06:04:00,1084.7,1085.1,1084.1,1084.1,13812
2026-09-15T06:05:00+00:00,2026-09-15,06:05:00,1084.1,1084.7,1084,1084.2,37908
2026-09-15T06:06:00+00:00,2026-09-15,06:06:00,1084.2,1086,1084.2,1085.7,10907
2026-09-15T06:07:00+00:00,2026-09-15,06:07:00,1085.6,1086.3,1085.5,1085.5,13482
2026-09-15T06:08:00+00:00,2026-09-15,06:08:00,1085.6,1086.7,1085.4,1085.7,11399
2026-09-15T06:09:00+00:00,2026-09-15,06:09:00,1085.7,1086.7,1085.5,1085.7,18746
2026-09-15T06:10:00+00:00,2026-09-15,06:10:00,1085.7,1086.4,1085.1,1085.5,14485
2026-09-15T06:11:00+00:00,2026-09-15,06:11:00,1085.2,1085.6,1085,1085,8839
2026-09-15T06:12:00+00:00,2026-09-15,06:12:00,1085.1,1085.7,1084.8,1084.8,14821
2026-09-15T06:13:00+00:00,2026-09-15,06:13:00,1084.9,1085,1084.3,1084.6,10469
2026-09-15T06:14:00+00:00,2026-09-15,06:14:00,1084.3,1084.6,1084.1,1084.2,7465
2026-09-15T06:15:00+00:00,2026-09-15,06:15:00,1084.2,1085,1084.2,1085,8404
2026-09-15T06:16:00+00:00,2026-09-15,06:16:00,1084.8,1085,1084.2,1084.5,13008
2026-09-15T06:17:00+00:00,2026-09-15,06:17:00,1084.5,1084.9,1084.3,1084.3,5178
2026-09-15T06:18:00+00:00,2026-09-15,06:18:00,1084.3,1084.8,1084.3,1084.4,7822
2026-09-15T06:19:00+00:00,2026-09-15,06:19:00,1084.6,1084.7,1083.3,1084,32230
2026-09-15T06:20:00+00:00,2026-09-15,06:20:00,1084,1084.2,1083.1,1083.1,11039
2026-09-15T06:21:00+00:00,2026-09-15,06:21:00,1083.4,1084,1083.1,1083.7,9291
2026-09-15T06:22:00+00:00,2026-09-15,06:22:00,1083.7,1084,1083,1083.1,13947
2026-09-15T06:23:00+00:00,2026-09-15,06:23:00,1083.1,1083.2,1082.3,1082.3,23171
2026-09-15T06:24:00+00:00,2026-09-15,06:24:00,1082.3,1082.9,1080,1081.5,138569
2026-09-15T06:25:00+00:00,2026-09-15,06:25:00,1080.8,1081.9,1080,1080.6,38547
2026-09-15T06:26:00+00:00,2026-09-15,06:26:00,1080.1,1080.8,1079.8,1080.2,73942
2026-09-15T06:27:00+00:00,2026-09-15,06:27:00,1079.9,1082,1079.9,1079.9,132934
2026-09-15T06:28:00+00:00,2026-09-15,06:28:00,1080,1081,1079.8,1080.2,95525
2026-09-15T06:29:00+00:00,2026-09-15,06:29:00,1080.4,1081.8,1080.4,1081.6,18169
2026-09-15T06:30:00+00:00,2026-09-15,06:30:00,1081.6,1082.1,1080.2,1080.4,24729
2026-09-15T06:31:00+00:00,2026-09-15,06:31:00,1080.7,1081.8,1080.4,1081.3,11263
2026-09-15T06:32:00+00:00,2026-09-15,06:32:00,1081.5,1081.6,1081,1081.5,12085
2026-09-15T06:33:00+00:00,2026-09-15,06:33:00,1081.4,1082.3,1081.3,1082,12788
2026-09-15T06:34:00+00:00,2026-09-15,06:34:00,1082.1,1082.6,1081.6,1081.6,16160
2026-09-15T06:35:00+00:00,2026-09-15,06:35:00,1081.7,1082.7,1081.7,1082,12759
2026-09-15T06:36:00+00:00,2026-09-15,06:36:00,1082.1,1082.1,1081.5,1081.7,16073
2026-09-15T06:37:00+00:00,2026-09-15,06:37:00,1081.7,1081.7,1081,1081.1,13953
2026-09-15T06:38:00+00:00,2026-09-15,06:38:00,1081.5,1082,1081.3,1081.5,9751
2026-09-15T06:39:00+00:00,2026-09-15,06:39:00,1081.5,1081.6,1081.1,1081.2,11847
2026-09-15T06:40:00+00:00,2026-09-15,06:40:00,1081.1,1081.1,1080.9,1081,9659
2026-09-15T06:41:00+00:00,2026-09-15,06:41:00,1081,1082,1081,1081.7,9600
2026-09-15T06:42:00+00:00,2026-09-15,06:42:00,1081.8,1082,1081.4,1082,9953
2026-09-15T06:43:00+00:00,2026-09-15,06:43:00,1081.7,1082,1081.5,1081.6,8655
2026-09-15T06:44:00+00:00,2026-09-15,06:44:00,1081.6,1081.9,1081.4,1081.5,10681
2026-09-15T06:45:00+00:00,2026-09-15,06:45:00,1081.5,1082.2,1081.5,1082.1,13383
2026-09-15T06:46:00+00:00,2026-09-15,06:46:00,1082.2,1082.9,1082.2,1082.8,10189
2026-09-15T06:47:00+00:00,2026-09-15,06:47:00,1082.8,1083,1082.6,1083,17042
2026-09-15T06:48:00+00:00,2026-09-15,06:48:00,1083,1083.4,1082,1082.9,39707
2026-09-15T06:49:00+00:00,2026-09-15,06:49:00,1083,1085.4,1082.8,1084.5,55182
2026-09-15T06:50:00+00:00,2026-09-15,06:50:00,1084.5,1084.8,1082.7,1082.9,30312
2026-09-15T06:51:00+00:00,2026-09-15,06:51:00,1082.9,1083.3,1082.7,1082.9,7525
2026-09-15T06:52:00+00:00,2026-09-15,06:52:00,1082.7,1083.1,1082.6,1082.6,21631
2026-09-15T06:53:00+00:00,2026-09-15,06:53:00,1082.6,1083.2,1082.6,1083,6986
2026-09-15T06:54:00+00:00,2026-09-15,06:54:00,1082.8,1083,1081.5,1081.6,79093
2026-09-15T06:55:00+00:00,2026-09-15,06:55:00,1081.7,1081.7,1081,1081.3,11751
2026-09-15T06:56:00+00:00,2026-09-15,06:56:00,1081.4,1081.4,1080.8,1081,33646
2026-09-15T06:57:00+00:00,2026-09-15,06:57:00,1081,1081,1080.7,1080.7,28934
2026-09-15T06:58:00+00:00,2026-09-15,06:58:00,1080.8,1081,1080.7,1080.7,12328
2026-09-15T06:59:00+00:00,2026-09-15,06:59:00,1080.9,1080.9,1080.6,1080.6,10162
2026-09-15T07:00:00+00:00,2026-09-15,07:00:00,1080.6,1080.7,1079.7,1079.9,28637
2026-09-15T07:01:00+00:00,2026-09-15,07:01:00,1080,1080,1078.4,1078.7,15652
2026-09-15T07:02:00+00:00,2026-09-15,07:02:00,1078.7,1079.3,1078.5,1078.9,12466
2026-09-15T07:03:00+00:00,2026-09-15,07:03:00,1079.2,1079.3,1078.6,1078.9,7090
2026-09-15T07:04:00+00:00,2026-09-15,07:04:00,1078.7,1079,1078.5,1078.9,15665
2026-09-15T07:05:00+00:00,2026-09-15,07:05:00,1078.5,1079.5,1077.9,1078,104560
2026-09-15T07:06:00+00:00,2026-09-15,07:06:00,1078,1079,1077.9,1078.8,30380
2026-09-15T07:07:00+00:00,2026-09-15,07:07:00,1078.7,1079.2,1078.7,1079,8476
2026-09-15T07:08:00+00:00,2026-09-15,07:08:00,1079.2,1079.8,1079.1,1079.2,19214
2026-09-15T07:09:00+00:00,2026-09-15,07:09:00,1079.1,1079.5,1079,1079.3,7986
2026-09-15T07:10:00+00:00,2026-09-15,07:10:00,1079.1,1079.4,1079.1,1079.1,21357
2026-09-15T07:11:00+00:00,2026-09-15,07:11:00,1079.1,1079.5,1079.1,1079.1,5030
2026-09-15T07:12:00+00:00,2026-09-15,07:12:00,1079.1,1080,1079.1,1079.4,8230
2026-09-15T07:13:00+00:00,2026-09-15,07:13:00,1079.6,1079.8,1078.3,1079.1,20294
2026-09-15T07:14:00+00:00,2026-09-15,07:14:00,1078.8,1079.7,1078.8,1079.1,10037
2026-09-15T07:15:00+00:00,2026-09-15,07:15:00,1079.1,1079.6,1079,1079.3,4423
2026-09-15T07:16:00+00:00,2026-09-15,07:16:00,1079.3,1079.9,1078.8,1079,13644
2026-09-15T07:17:00+00:00,2026-09-15,07:17:00,1078.8,1079.1,1078.3,1078.9,8942
2026-09-15T07:18:00+00:00,2026-09-15,07:18:00,1078.9,1079.3,1078.9,1078.9,6356
2026-09-15T07:19:00+00:00,2026-09-15,07:19:00,1078.9,1079.4,1078.9,1078.9,5407
2026-09-15T07:20:00+00:00,2026-09-15,07:20:00,1078.9,1079.5,1078.9,1079.4,4097
2026-09-15T07:21:00+00:00,2026-09-15,07:21:00,1079.2,1079.4,1078.4,1078.7,10365
2026-09-15T07:22:00+00:00,2026-09-15,07:22:00,1078.7,1078.7,1078,1078,22331
2026-09-15T07:23:00+00:00,2026-09-15,07:23:00,1078,1078.4,1077.9,1078.2,5394
2026-09-15T07:24:00+00:00,2026-09-15,07:24:00,1078.1,1078.6,1078,1078.1,8205
2026-09-15T07:25:00+00:00,2026-09-15,07:25:00,1078.1,1078.6,1078,1078,6865
2026-09-15T07:26:00+00:00,2026-09-15,07:26:00,1078.1,1078.9,1078.1,1078.9,7132
2026-09-15T07:27:00+00:00,2026-09-15,07:27:00,1078.5,1078.9,1076.5,1076.5,44326
2026-09-15T07:28:00+00:00,2026-09-15,07:28:00,1076.7,1076.8,1075.8,1076.1,24098
2026-09-15T07:29:00+00:00,2026-09-15,07:29:00,1076,1076.4,1076,1076,13366
2026-09-15T07:30:00+00:00,2026-09-15,07:30:00,1076,1076.5,1076,1076.1,8118
2026-09-15T07:31:00+00:00,2026-09-15,07:31:00,1076.1,1076.4,1076,1076,9816
2026-09-15T07:32:00+00:00,2026-09-15,07:32:00,1076,1076.5,1076,1076.1,7323
2026-09-15T07:33:00+00:00,2026-09-15,07:33:00,1076.1,1076.5,1076,1076.3,8749
2026-09-15T07:34:00+00:00,2026-09-15,07:34:00,1076.5,1076.7,1076.1,1076.5,8091
2026-09-15T07:35:00+00:00,2026-09-15,07:35:00,1076.2,1076.8,1076.2,1076.5,8750
2026-09-15T07:36:00+00:00,2026-09-15,07:36:00,1076.9,1076.9,1075.5,1075.6,11540
2026-09-15T07:37:00+00:00,2026-09-15,07:37:00,1075.6,1076,1075.6,1076,13273
2026-09-15T07:38:00+00:00,2026-09-15,07:38:00,1075.9,1076.1,1075.9,1076,9978
2026-09-15T07:39:00+00:00,2026-09-15,07:39:00,1076,1076.8,1076,1076.2,10962
2026-09-15T07:40:00+00:00,2026-09-15,07:40:00,1076.2,1076.7,1076.2,1076.2,9157
2026-09-15T07:41:00+00:00,2026-09-15,07:41:00,1076.1,1076.6,1075,1076.2,44985
2026-09-15T07:42:00+00:00,2026-09-15,07:42:00,1076.2,1077.5,1075.7,1075.7,18608
2026-09-15T07:43:00+00:00,2026-09-15,07:43:00,1075.7,1076.2,1075.4,1075.5,10798
2026-09-15T07:44:00+00:00,2026-09-15,07:44:00,1075.5,1075.8,1075,1075.2,14493
2026-09-15T07:45:00+00:00,2026-09-15,07:45:00,1075.1,1075.5,1074.7,1075,40809
2026-09-15T07:46:00+00:00,2026-09-15,07:46:00,1075,1075,1074.1,1074.4,15102
2026-09-15T07:47:00+00:00,2026-09-15,07:47:00,1074.6,1074.6,1073.7,1074.3,17818
2026-09-15T07:48:00+00:00,2026-09-15,07:48:00,1074.3,1074.7,1074.1,1074.7,16841
2026-09-15T07:49:00+00:00,2026-09-15,07:49:00,1074.4,1075,1073.9,1074,62942
2026-09-15T07:50:00+00:00,2026-09-15,07:50:00,1073.9,1074,1073.3,1073.4,23397
2026-09-15T07:51:00+00:00,2026-09-15,07:51:00,1073.3,1073.5,1072,1072.3,107320
2026-09-15T07:52:00+00:00,2026-09-15,07:52:00,1072.3,1073,1071.9,1073,13882
2026-09-15T07:53:00+00:00,2026-09-15,07:53:00,1073,1073.6,1072.8,1073.6,12461
2026-09-15T07:54:00+00:00,2026-09-15,07:54:00,1073.3,1074,1073.3,1074,10673
2026-09-15T07:55:00+00:00,2026-09-15,07:55:00,1073.8,1074.6,1073.8,1074.4,21148
2026-09-15T07:56:00+00:00,2026-09-15,07:56:00,1074.3,1074.8,1074.2,1074.2,12759
2026-09-15T07:57:00+00:00,2026-09-15,07:57:00,1074.2,1075,1074.2,1074.5,10332
2026-09-15T07:58:00+00:00,2026-09-15,07:58:00,1074.5,1074.7,1074.3,1074.7,8780
2026-09-15T07:59:00+00:00,2026-09-15,07:59:00,1074.5,1074.7,1074.3,1074.3,10767
2026-09-15T08:00:00+00:00,2026-09-15,08:00:00,1074.4,1074.4,1074,1074.1,15118
2026-09-15T08:01:00+00:00,2026-09-15,08:01:00,1074.1,1074.4,1073.6,1074.1,17335
2026-09-15T08:02:00+00:00,2026-09-15,08:02:00,1074.1,1074.6,1074.1,1074.1,7902
2026-09-15T08:03:00+00:00,2026-09-15,08:03:00,1074.1,1074.5,1074.1,1074.3,9786
2026-09-15T08:04:00+00:00,2026-09-15,08:04:00,1074.2,1074.5,1072.9,1073.8,40578
2026-09-15T08:05:00+00:00,2026-09-15,08:05:00,1073.7,1074.1,1073.4,1073.8,21973
2026-09-15T08:06:00+00:00,2026-09-15,08:06:00,1073.5,1073.9,1073.4,1073.7,10300
2026-09-15T08:07:00+00:00,2026-09-15,08:07:00,1073.7,1074.2,1073.3,1073.6,9842
2026-09-15T08:08:00+00:00,2026-09-15,08:08:00,1073.6,1073.9,1073.4,1073.6,9429
2026-09-15T08:09:00+00:00,2026-09-15,08:09:00,1073.6,1073.9,1073.6,1073.7,12171
2026-09-15T08:10:00+00:00,2026-09-15,08:10:00,1073.7,1074,1073.3,1073.3,10846
2026-09-15T08:11:00+00:00,2026-09-15,08:11:00,1073.2,1073.8,1072.6,1073.4,12583
2026-09-15T08:12:00+00:00,2026-09-15,08:12:00,1073.4,1074,1073.3,1073.8,9027
2026-09-15T08:13:00+00:00,2026-09-15,08:13:00,1073.5,1074.2,1073.1,1073.2,13662
2026-09-15T08:14:00+00:00,2026-09-15,08:14:00,1073.2,1073.9,1072.6,1072.6,20390
2026-09-15T08:15:00+00:00,2026-09-15,08:15:00,1072.9,1073.4,1072.6,1073,10568
2026-09-15T08:16:00+00:00,2026-09-15,08:16:00,1073,1073.3,1072.6,1073.1,7146
2026-09-15T08:17:00+00:00,2026-09-15,08:17:00,1073.1,1073.5,1072.9,1072.9,7322
2026-09-15T08:18:00+00:00,2026-09-15,08:18:00,1073,1073.5,1073,1073.2,4858
2026-09-15T08:19:00+00:00,2026-09-15,08:19:00,1073.4,1074,1073.4,1073.9,6365
2026-09-15T08:20:00+00:00,2026-09-15,08:20:00,1073.7,1074.3,1073.3,1073.5,115241
2026-09-15T08:21:00+00:00,2026-09-15,08:21:00,1073.4,1073.5,1073,1073.5,48597
2026-09-15T08:22:00+00:00,2026-09-15,08:22:00,1073.9,1074.9,1073.8,1074.7,12821
2026-09-15T08:23:00+00:00,2026-09-15,08:23:00,1074.8,1076,1074.1,1074.4,35725
2026-09-15T08:24:00+00:00,2026-09-15,08:24:00,1074.1,1074.5,1073.5,1073.5,17431
2026-09-15T08:25:00+00:00,2026-09-15,08:25:00,1073.8,1075.3,1073.5,1075.1,14138
2026-09-15T08:26:00+00:00,2026-09-15,08:26:00,1075.1,1075.5,1074.3,1074.3,17078
2026-09-15T08:27:00+00:00,2026-09-15,08:27:00,1074.2,1074.9,1074,1074.9,19627
2026-09-15T08:28:00+00:00,2026-09-15,08:28:00,1074.9,1075.2,1074.3,1074.9,23710
2026-09-15T08:29:00+00:00,2026-09-15,08:29:00,1074.5,1075.2,1074.5,1075,13416
2026-09-15T08:30:00+00:00,2026-09-15,08:30:00,1074.8,1075.2,1074.6,1075,12082
2026-09-15T08:31:00+00:00,2026-09-15,08:31:00,1074.6,1075,1074.3,1074.4,14188
2026-09-15T08:32:00+00:00,2026-09-15,08:32:00,1074.4,1075.2,1074.3,1075.1,10767
2026-09-15T08:33:00+00:00,2026-09-15,08:33:00,1075.1,1075.8,1075.1,1075.8,11645
2026-09-15T08:34:00+00:00,2026-09-15,08:34:00,1075.6,1075.8,1074.5,1074.6,27191
2026-09-15T08:35:00+00:00,2026-09-15,08:35:00,1074.5,1074.9,1074.4,1074.6,7519
2026-09-15T08:36:00+00:00,2026-09-15,08:36:00,1074.6,1075.9,1074.6,1075.6,22835
2026-09-15T08:37:00+00:00,2026-09-15,08:37:00,1075.8,1076.3,1075.5,1076,16401
2026-09-15T08:38:00+00:00,2026-09-15,08:38:00,1076,1076.1,1075.9,1076,12924
2026-09-15T08:39:00+00:00,2026-09-15,08:39:00,1075.9,1076.2,1075.8,1076.1,8849
2026-09-15T08:40:00+00:00,2026-09-15,08:40:00,1076,1076.4,1076,1076.2,11999
2026-09-15T08:41:00+00:00,2026-09-15,08:41:00,1076.2,1076.9,1076.2,1076.6,21987
2026-09-15T08:42:00+00:00,2026-09-15,08:42:00,1076.6,1076.9,1076.3,1076.7,11639
2026-09-15T08:43:00+00:00,2026-09-15,08:43:00,1076.8,1076.9,1075,1075,37221
2026-09-15T08:44:00+00:00,2026-09-15,08:44:00,1074.9,1075.2,1074.9,1075,18517
2026-09-15T08:45:00+00:00,2026-09-15,08:45:00,1074.9,1075.4,1074.8,1074.9,19080
2026-09-15T08:46:00+00:00,2026-09-15,08:46:00,1074.9,1075,1074.6,1074.8,14163
2026-09-15T08:47:00+00:00,2026-09-15,08:47:00,1074.6,1075.5,1074.6,1075,24048
2026-09-15T08:48:00+00:00,2026-09-15,08:48:00,1075,1075.5,1074.8,1074.9,42584
2026-09-15T08:49:00+00:00,2026-09-15,08:49:00,1074.7,1075,1074.5,1074.6,12268
2026-09-15T08:50:00+00:00,2026-09-15,08:50:00,1074.6,1075.5,1074.6,1075,23316
2026-09-15T08:51:00+00:00,2026-09-15,08:51:00,1075,1077.3,1074.9,1076.5,63461
2026-09-15T08:52:00+00:00,2026-09-15,08:52:00,1076,1076.9,1075.7,1076.3,60090
2026-09-15T08:53:00+00:00,2026-09-15,08:53:00,1076.3,1076.6,1075.5,1075.8,30203
2026-09-15T08:54:00+00:00,2026-09-15,08:54:00,1075.7,1075.9,1075.2,1075.2,20211
2026-09-15T08:55:00+00:00,2026-09-15,08:55:00,1075.7,1075.8,1075.2,1075.2,11169
2026-09-15T08:56:00+00:00,2026-09-15,08:56:00,1075.2,1076.7,1075.2,1076.7,19591
2026-09-15T08:57:00+00:00,2026-09-15,08:57:00,1076.4,1076.7,1076.1,1076.3,26166
2026-09-15T08:58:00+00:00,2026-09-15,08:58:00,1076.1,1076.5,1075.2,1075.2,42815
2026-09-15T08:59:00+00:00,2026-09-15,08:59:00,1075.2,1076.3,1075.2,1075.7,12724
2026-09-15T09:00:00+00:00,2026-09-15,09:00:00,1075.7,1075.8,1075.6,1075.7,13495
2026-09-15T09:01:00+00:00,2026-09-15,09:01:00,1075.7,1075.9,1075.4,1075.4,11937
2026-09-15T09:02:00+00:00,2026-09-15,09:02:00,1075.7,1075.7,1075.3,1075.7,8882
2026-09-15T09:03:00+00:00,2026-09-15,09:03:00,1075.6,1076.7,1075.6,1075.9,34198
2026-09-15T09:04:00+00:00,2026-09-15,09:04:00,1076,1076.9,1075.9,1076.4,24484
2026-09-15T09:05:00+00:00,2026-09-15,09:05:00,1076.5,1076.5,1076,1076,12215
2026-09-15T09:06:00+00:00,2026-09-15,09:06:00,1076,1076.5,1075.7,1075.7,14495
2026-09-15T09:07:00+00:00,2026-09-15,09:07:00,1075.7,1075.9,1075.3,1075.5,18423
2026-09-15T09:08:00+00:00,2026-09-15,09:08:00,1075.7,1076.5,1075.7,1076.5,11853
2026-09-15T09:09:00+00:00,2026-09-15,09:09:00,1076.2,1077,1076.2,1076.2,24101
2026-09-15T09:10:00+00:00,2026-09-15,09:10:00,1076.5,1076.9,1076.1,1076.2,14422
2026-09-15T09:11:00+00:00,2026-09-15,09:11:00,1076.5,1076.5,1076.1,1076.3,9788
2026-09-15T09:12:00+00:00,2026-09-15,09:12:00,1076.2,1076.5,1076,1076.2,17552
2026-09-15T09:13:00+00:00,2026-09-15,09:13:00,1076.1,1076.2,1075.4,1075.6,24191
2026-09-15T09:14:00+00:00,2026-09-15,09:14:00,1075.9,1076.2,1075.6,1075.7,22979
2026-09-15T09:15:00+00:00,2026-09-15,09:15:00,1075.7,1075.9,1075.4,1075.5,13001
2026-09-15T09:16:00+00:00,2026-09-15,09:16:00,1075.5,1075.9,1075.5,1075.5,15710
2026-09-15T09:17:00+00:00,2026-09-15,09:17:00,1075.5,1076.5,1075.5,1076.3,44466
2026-09-15T09:18:00+00:00,2026-09-15,09:18:00,1076.3,1076.5,1075.9,1076.3,38230
2026-09-15T09:19:00+00:00,2026-09-15,09:19:00,1076.3,1078.1,1076.3,1077.8,48710
2026-09-15T09:20:00+00:00,2026-09-15,09:20:00,1077.8,1079.7,1077.8,1079.7,29689
2026-09-15T09:21:00+00:00,2026-09-15,09:21:00,1079.6,1080,1079,1079.3,33053
2026-09-15T09:22:00+00:00,2026-09-15,09:22:00,1079.3,1079.9,1079,1079.6,33162
2026-09-15T09:23:00+00:00,2026-09-15,09:23:00,1079.6,1079.9,1079,1079.4,26607
2026-09-15T09:24:00+00:00,2026-09-15,09:24:00,1079.2,1079.7,1078.8,1078.9,23474
2026-09-15T09:25:00+00:00,2026-09-15,09:25:00,1079,1079.6,1078.5,1078.5,25899
2026-09-15T09:26:00+00:00,2026-09-15,09:26:00,1078.7,1079,1078,1078.4,17964
2026-09-15T09:27:00+00:00,2026-09-15,09:27:00,1078.2,1078.5,1078.2,1078.5,15194
2026-09-15T09:28:00+00:00,2026-09-15,09:28:00,1078.5,1079,1078.1,1078.1,39269
2026-09-15T09:29:00+00:00,2026-09-15,09:29:00,1078.4,1079,1078.1,1078.1,23323
2026-09-15T09:30:00+00:00,2026-09-15,09:30:00,1078.1,1078.1,1077.3,1077.5,23348
2026-09-15T09:31:00+00:00,2026-09-15,09:31:00,1077.5,1077.7,1076.6,1077.6,23403
2026-09-15T09:32:00+00:00,2026-09-15,09:32:00,1077.6,1077.7,1076.2,1076.3,49964
2026-09-15T09:33:00+00:00,2026-09-15,09:33:00,1076.3,1076.4,1075.1,1075.1,43214
2026-09-15T09:34:00+00:00,2026-09-15,09:34:00,1075.1,1076,1075,1075,42009
2026-09-15T09:35:00+00:00,2026-09-15,09:35:00,1075.1,1075.9,1074.6,1075.8,58622
2026-09-15T09:36:00+00:00,2026-09-15,09:36:00,1075.9,1076.6,1075,1075.6,52839
2026-09-15T09:37:00+00:00,2026-09-15,09:37:00,1076.2,1077.1,1075.8,1075.8,43308
2026-09-15T09:38:00+00:00,2026-09-15,09:38:00,1076.6,1076.6,1075.3,1075.5,35191
2026-09-15T09:39:00+00:00,2026-09-15,09:39:00,1075.6,1077.1,1075.4,1076,80729
2026-09-15T09:40:00+00:00,2026-09-15,09:40:00,1076.1,1076.2,1075.1,1075.3,60774
2026-09-15T09:41:00+00:00,2026-09-15,09:41:00,1075.3,1076.8,1075,1076.4,87336
2026-09-15T09:42:00+00:00,2026-09-15,09:42:00,1076.8,1078.4,1075.4,1077.4,103646
2026-09-15T09:43:00+00:00,2026-09-15,09:43:00,1078.1,1078.1,1075.7,1075.9,89844
2026-09-15T09:44:00+00:00,2026-09-15,09:44:00,1075.9,1077.5,1075.7,1076.1,70750
2026-09-15T09:45:00+00:00,2026-09-15,09:45:00,1075.9,1077.5,1075.7,1076.1,70750
2026-09-15T09:46:00+00:00,2026-09-15,09:46:00,1075.9,1077.5,1075.7,1076.1,70750
2026-09-15T09:47:00+00:00,2026-09-15,09:47:00,1075.9,1077.5,1075.7,1076.1,70750
2026-09-15T09:48:00+00:00,2026-09-15,09:48:00,1075.9,1077.5,1075.7,1076.1,70750
2026-09-15T09:49:00+00:00,2026-09-15,09:49:00,1075.9,1077.5,1075.7,1076.1,70750
2026-09-15T09:50:00+00:00,2026-09-15,09:50:00,1075.9,1077.5,1075.7,1076.1,70750
2026-09-15T09:51:00+00:00,2026-09-15,09:51:00,1075.9,1077.5,1075.7,1076.1,70750
2026-09-15T09:52:00+00:00,2026-09-15,09:52:00,1075.9,1077.5,1075.7,1076.1,70750
2026-09-15T09:53:00+00:00,2026-09-15,09:53:00,1075.9,1077.5,1075.7,1076.1,70750
2026-09-15T09:54:00+00:00,2026-09-15,09:54:00,1075.9,1077.5,1075.7,1076.1,70750
2026-09-15T09:55:00+00:00,2026-09-15,09:55:00,1075.9,1077.5,1075.7,1076.1,70750
2026-09-15T09:56:00+00:00,2026-09-15,09:56:00,1075.9,1077.5,1075.7,1076.1,70750
2026-09-15T09:57:00+00:00,2026-09-15,09:57:00,1075.9,1077.5,1075.7,1076.1,70750
2026-09-15T09:58:00+00:00,2026-09-15,09:58:00,1075.9,1077.5,1075.7,1076.1,70750
2026-09-15T09:59:00+00:00,2026-09-15,09:59:00,1077,1077,1077,1077,0
2026-09-15T10:00:00+00:00,2026-09-15,10:00:00,1077,1077,1077,1077,0
2026-09-16T03:45:00+00:00,2026-09-16,03:45:00,1084.8,1085.1,1075,1075.3,109382
2026-09-16T03:46:00+00:00,2026-09-16,03:46:00,1075.7,1083.6,1074,1081.9,68236
2026-09-16T03:47:00+00:00,2026-09-16,03:47:00,1082.5,1083.5,1080.5,1081.5,41659
2026-09-16T03:48:00+00:00,2026-09-16,03:48:00,1080.6,1081,1078.1,1078.5,106228
2026-09-16T03:49:00+00:00,2026-09-16,03:49:00,1078.1,1079,1076.2,1077.6,36094
2026-09-16T03:50:00+00:00,2026-09-16,03:50:00,1077.5,1080,1077.3,1079.7,22806
2026-09-16T03:51:00+00:00,2026-09-16,03:51:00,1079.7,1079.7,1077.5,1078.5,29704
2026-09-16T03:52:00+00:00,2026-09-16,03:52:00,1078.4,1079.7,1077.3,1077.9,51955
2026-09-16T03:53:00+00:00,2026-09-16,03:53:00,1078.4,1080.4,1078.4,1080.4,18822
2026-09-16T03:54:00+00:00,2026-09-16,03:54:00,1080.7,1080.7,1079,1079.2,14032
2026-09-16T03:55:00+00:00,2026-09-16,03:55:00,1079.2,1080,1079,1079.4,11924
2026-09-16T03:56:00+00:00,2026-09-16,03:56:00,1079.3,1079.6,1078.2,1079.3,12796
2026-09-16T03:57:00+00:00,2026-09-16,03:57:00,1079.1,1079.3,1077.9,1078.1,11779
2026-09-16T03:58:00+00:00,2026-09-16,03:58:00,1078.1,1078.9,1077.5,1077.5,10963
2026-09-16T03:59:00+00:00,2026-09-16,03:59:00,1077.5,1078.8,1077.2,1078.7,25731
2026-09-16T04:00:00+00:00,2026-09-16,04:00:00,1078.7,1078.7,1077.1,1077.4,16333
2026-09-16T04:01:00+00:00,2026-09-16,04:01:00,1077.3,1077.8,1075.8,1075.9,34683
2026-09-16T04:02:00+00:00,2026-09-16,04:02:00,1075.5,1077.6,1075.2,1077.5,17659
2026-09-16T04:03:00+00:00,2026-09-16,04:03:00,1077.5,1080,1077.5,1079.4,38523
2026-09-16T04:04:00+00:00,2026-09-16,04:04:00,1079.6,1080.5,1078.3,1078.3,28963
2026-09-16T04:05:00+00:00,2026-09-16,04:05:00,1078.3,1078.6,1076.3,1076.4,21696
2026-09-16T04:06:00+00:00,2026-09-16,04:06:00,1076.4,1076.6,1075.5,1076.1,16254
2026-09-16T04:07:00+00:00,2026-09-16,04:07:00,1076.1,1076.6,1074.7,1075.6,16493
2026-09-16T04:08:00+00:00,2026-09-16,04:08:00,1075.5,1075.5,1074.1,1074.6,22357
2026-09-16T04:09:00+00:00,2026-09-16,04:09:00,1074.5,1074.5,1072.2,1072.6,35240
2026-09-16T04:10:00+00:00,2026-09-16,04:10:00,1072.9,1075,1072.8,1074.6,11342
2026-09-16T04:11:00+00:00,2026-09-16,04:11:00,1074.5,1074.5,1073.5,1073.9,11452
2026-09-16T04:12:00+00:00,2026-09-16,04:12:00,1073.9,1074.7,1073.2,1073.7,21758
2026-09-16T04:13:00+00:00,2026-09-16,04:13:00,1073.6,1074,1072,1072.4,29821
2026-09-16T04:14:00+00:00,2026-09-16,04:14:00,1072.3,1072.3,1071,1071,19096
2026-09-16T04:15:00+00:00,2026-09-16,04:15:00,1071,1073.3,1070.7,1073,22465
2026-09-16T04:16:00+00:00,2026-09-16,04:16:00,1072.7,1074.6,1072.7,1074.1,24764
2026-09-16T04:17:00+00:00,2026-09-16,04:17:00,1074.3,1074.3,1072.4,1073.5,22244
2026-09-16T04:18:00+00:00,2026-09-16,04:18:00,1073.5,1075,1073.5,1074.9,15002
2026-09-16T04:19:00+00:00,2026-09-16,04:19:00,1074.6,1075.5,1074.6,1075,15227
2026-09-16T04:20:00+00:00,2026-09-16,04:20:00,1074.8,1076.5,1074.6,1076.5,26882
2026-09-16T04:21:00+00:00,2026-09-16,04:21:00,1076.4,1078,1076.1,1078,29149
2026-09-16T04:22:00+00:00,2026-09-16,04:22:00,1077.6,1078.5,1077.3,1078.3,23166
2026-09-16T04:23:00+00:00,2026-09-16,04:23:00,1078.1,1078.3,1077,1077.5,18731
2026-09-16T04:24:00+00:00,2026-09-16,04:24:00,1077.7,1078.2,1076.5,1077,26445
2026-09-16T04:25:00+00:00,2026-09-16,04:25:00,1077.2,1077.8,1076.6,1077.3,17173
2026-09-16T04:26:00+00:00,2026-09-16,04:26:00,1077.3,1078.3,1077.3,1077.6,25115
2026-09-16T04:27:00+00:00,2026-09-16,04:27:00,1077.8,1078.2,1077.6,1078,8048
2026-09-16T04:28:00+00:00,2026-09-16,04:28:00,1078.2,1078.3,1077.6,1078,7364
2026-09-16T04:29:00+00:00,2026-09-16,04:29:00,1078,1080,1078,1080,28874
2026-09-16T04:30:00+00:00,2026-09-16,04:30:00,1079.8,1080,1078.4,1079.1,16829
2026-09-16T04:31:00+00:00,2026-09-16,04:31:00,1079.2,1079.5,1078,1078,13905
2026-09-16T04:32:00+00:00,2026-09-16,04:32:00,1078.1,1079.4,1077.5,1078.9,31903
2026-09-16T04:33:00+00:00,2026-09-16,04:33:00,1079,1079.7,1078.4,1078.5,14934
2026-09-16T04:34:00+00:00,2026-09-16,04:34:00,1078.3,1078.6,1077.2,1077.4,11178
2026-09-16T04:35:00+00:00,2026-09-16,04:35:00,1077.8,1078.1,1076.8,1077.9,20276
2026-09-16T04:36:00+00:00,2026-09-16,04:36:00,1078.1,1080,1077,1079.3,45782
2026-09-16T04:37:00+00:00,2026-09-16,04:37:00,1079.5,1079.5,1077.9,1078.7,14128
2026-09-16T04:38:00+00:00,2026-09-16,04:38:00,1079,1079.4,1078.1,1078.6,20132
2026-09-16T04:39:00+00:00,2026-09-16,04:39:00,1078.6,1078.6,1077.8,1078.3,11052
2026-09-16T04:40:00+00:00,2026-09-16,04:40:00,1078.6,1078.8,1078.3,1078.7,8978
2026-09-16T04:41:00+00:00,2026-09-16,04:41:00,1078.6,1079.4,1078.6,1078.9,7604
2026-09-16T04:42:00+00:00,2026-09-16,04:42:00,1078.9,1080.5,1078.9,1080.5,47221
2026-09-16T04:43:00+00:00,2026-09-16,04:43:00,1080.6,1080.6,1078.7,1078.8,11905
2026-09-16T04:44:00+00:00,2026-09-16,04:44:00,1078.8,1079.4,1078.8,1079,9381
2026-09-16T04:45:00+00:00,2026-09-16,04:45:00,1079,1079,1077.4,1077.6,7981
2026-09-16T04:46:00+00:00,2026-09-16,04:46:00,1077.7,1078.2,1077.1,1078.1,8990
2026-09-16T04:47:00+00:00,2026-09-16,04:47:00,1078.2,1078.7,1077,1077,10648
2026-09-16T04:48:00+00:00,2026-09-16,04:48:00,1077,1077.6,1076.8,1077,12116
2026-09-16T04:49:00+00:00,2026-09-16,04:49:00,1077.4,1078,1076.8,1076.8,9695
2026-09-16T04:50:00+00:00,2026-09-16,04:50:00,1076.9,1077.8,1076.9,1077.6,4702
2026-09-16T04:51:00+00:00,2026-09-16,04:51:00,1077.6,1078.1,1077.2,1077.8,4292
2026-09-16T04:52:00+00:00,2026-09-16,04:52:00,1077.9,1078.7,1077.8,1078.5,17278
2026-09-16T04:53:00+00:00,2026-09-16,04:53:00,1078.4,1078.8,1078.2,1078.6,4775
2026-09-16T04:54:00+00:00,2026-09-16,04:54:00,1078.7,1079.7,1078.3,1079.4,16416
2026-09-16T04:55:00+00:00,2026-09-16,04:55:00,1079.2,1079.2,1078,1078.4,8628
2026-09-16T04:56:00+00:00,2026-09-16,04:56:00,1078.4,1078.7,1077.1,1078,13694
2026-09-16T04:57:00+00:00,2026-09-16,04:57:00,1077.7,1078.3,1077.2,1078.3,11262
2026-09-16T04:58:00+00:00,2026-09-16,04:58:00,1078.4,1078.9,1078.2,1078.5,5044
2026-09-16T04:59:00+00:00,2026-09-16,04:59:00,1078.7,1079,1078.2,1078.4,8758
2026-09-16T05:00:00+00:00,2026-09-16,05:00:00,1078.4,1078.7,1076.1,1077.2,24175
2026-09-16T05:01:00+00:00,2026-09-16,05:01:00,1077.1,1077.1,1076.4,1076.7,8123
2026-09-16T05:02:00+00:00,2026-09-16,05:02:00,1076.7,1077,1076,1076.6,12883
2026-09-16T05:03:00+00:00,2026-09-16,05:03:00,1076.5,1077,1075.8,1076.5,12040
2026-09-16T05:04:00+00:00,2026-09-16,05:04:00,1076.5,1077.5,1076.2,1077.5,5333
2026-09-16T05:05:00+00:00,2026-09-16,05:05:00,1077.5,1077.5,1077,1077.5,9592
2026-09-16T05:06:00+00:00,2026-09-16,05:06:00,1077.4,1077.4,1076.4,1076.9,6150
2026-09-16T05:07:00+00:00,2026-09-16,05:07:00,1077.1,1077.4,1076.5,1077.4,6157
2026-09-16T05:08:00+00:00,2026-09-16,05:08:00,1077.5,1078.3,1077.3,1078.3,11646
2026-09-16T05:09:00+00:00,2026-09-16,05:09:00,1078.3,1078.6,1078,1078.2,6439
2026-09-16T05:10:00+00:00,2026-09-16,05:10:00,1078.2,1078.6,1077.4,1077.4,15669
2026-09-16T05:11:00+00:00,2026-09-16,05:11:00,1077.5,1077.5,1076.8,1077.1,15966
2026-09-16T05:12:00+00:00,2026-09-16,05:12:00,1077.1,1077.1,1074.4,1074.7,34868
2026-09-16T05:13:00+00:00,2026-09-16,05:13:00,1074.5,1075.7,1074.4,1075.4,4276
2026-09-16T05:14:00+00:00,2026-09-16,05:14:00,1075.3,1075.4,1074,1075,16223
2026-09-16T05:15:00+00:00,2026-09-16,05:15:00,1075,1075.3,1074.9,1075.3,7395
2026-09-16T05:16:00+00:00,2026-09-16,05:16:00,1075.3,1075.8,1075.1,1075.2,4359
2026-09-16T05:17:00+00:00,2026-09-16,05:17:00,1075.2,1075.7,1075,1075,6550
2026-09-16T05:18:00+00:00,2026-09-16,05:18:00,1074.9,1075.9,1074.9,1075.8,9388
2026-09-16T05:19:00+00:00,2026-09-16,05:19:00,1075.8,1076.1,1074.6,1074.8,11270
2026-09-16T05:20:00+00:00,2026-09-16,05:20:00,1074.8,1075,1074,1074,11062
2026-09-16T05:21:00+00:00,2026-09-16,05:21:00,1074.4,1075.1,1074.1,1075,5048
2026-09-16T05:22:00+00:00,2026-09-16,05:22:00,1075,1075.4,1075,1075,2955
2026-09-16T05:23:00+00:00,2026-09-16,05:23:00,1075.1,1075.1,1074.9,1075,3976
2026-09-16T05:24:00+00:00,2026-09-16,05:24:00,1074.9,1075.8,1074.9,1075.7,12872
2026-09-16T05:25:00+00:00,2026-09-16,05:25:00,1075.6,1076.1,1075.5,1075.7,7892
2026-09-16T05:26:00+00:00,2026-09-16,05:26:00,1075.7,1076.1,1075.7,1075.9,4887
2026-09-16T05:27:00+00:00,2026-09-16,05:27:00,1075.9,1076.4,1075.6,1075.7,8406
2026-09-16T05:28:00+00:00,2026-09-16,05:28:00,1075.7,1076.1,1074.6,1074.9,9707
2026-09-16T05:29:00+00:00,2026-09-16,05:29:00,1075,1075.3,1075,1075,4071
2026-09-16T05:30:00+00:00,2026-09-16,05:30:00,1075.2,1075.3,1074.6,1075.1,10201
2026-09-16T05:31:00+00:00,2026-09-16,05:31:00,1075.1,1076.1,1075.1,1076,7060
2026-09-16T05:32:00+00:00,2026-09-16,05:32:00,1075.8,1076,1075.5,1075.9,4252
2026-09-16T05:33:00+00:00,2026-09-16,05:33:00,1075.8,1076,1075.5,1075.8,13111
2026-09-16T05:34:00+00:00,2026-09-16,05:34:00,1075.9,1075.9,1073.2,1073.7,40531
2026-09-16T05:35:00+00:00,2026-09-16,05:35:00,1073.7,1074,1073.1,1073.7,26607
2026-09-16T05:36:00+00:00,2026-09-16,05:36:00,1073.7,1074,1073.5,1073.6,6661
2026-09-16T05:37:00+00:00,2026-09-16,05:37:00,1073.6,1074,1072.9,1072.9,22452
2026-09-16T05:38:00+00:00,2026-09-16,05:38:00,1072.9,1073.1,1072.1,1072.5,12224
2026-09-16T05:39:00+00:00,2026-09-16,05:39:00,1072.5,1072.9,1071.9,1072.8,15678
2026-09-16T05:40:00+00:00,2026-09-16,05:40:00,1072.7,1074.4,1072.7,1074.2,8172
2026-09-16T05:41:00+00:00,2026-09-16,05:41:00,1074.2,1074.9,1073.8,1074.6,4956
2026-09-16T05:42:00+00:00,2026-09-16,05:42:00,1074.7,1075.4,1074.6,1075.4,12494
2026-09-16T05:43:00+00:00,2026-09-16,05:43:00,1075.3,1075.3,1073.2,1073.2,13574
2026-09-16T05:44:00+00:00,2026-09-16,05:44:00,1073.2,1073.5,1072.5,1073.1,8801
2026-09-16T05:45:00+00:00,2026-09-16,05:45:00,1072.7,1073.5,1072.7,1073,8772
2026-09-16T05:46:00+00:00,2026-09-16,05:46:00,1073,1073.4,1072.5,1072.5,8539
2026-09-16T05:47:00+00:00,2026-09-16,05:47:00,1072.5,1073,1072.5,1072.5,3291
2026-09-16T05:48:00+00:00,2026-09-16,05:48:00,1072.5,1072.7,1072.1,1072.2,5069
2026-09-16T05:49:00+00:00,2026-09-16,05:49:00,1071.8,1071.8,1070,1070.1,37098
2026-09-16T05:50:00+00:00,2026-09-16,05:50:00,1070.1,1070.5,1070,1070.4,10118
2026-09-16T05:51:00+00:00,2026-09-16,05:51:00,1070.4,1070.4,1069.4,1069.5,12273
2026-09-16T05:52:00+00:00,2026-09-16,05:52:00,1069.6,1070.2,1069.4,1070,7574
2026-09-16T05:53:00+00:00,2026-09-16,05:53:00,1070.2,1070.5,1069.4,1069.9,14557
2026-09-16T05:54:00+00:00,2026-09-16,05:54:00,1069.5,1070.1,1067.7,1067.9,87018
2026-09-16T05:55:00+00:00,2026-09-16,05:55:00,1068.2,1068.3,1067.6,1067.6,6540
2026-09-16T05:56:00+00:00,2026-09-16,05:56:00,1067.6,1067.9,1067.6,1067.7,5812
2026-09-16T05:57:00+00:00,2026-09-16,05:57:00,1067.7,1068.1,1067.7,1067.9,7675
2026-09-16T05:58:00+00:00,2026-09-16,05:58:00,1067.8,1068.2,1066.8,1067.1,17239
2026-09-16T05:59:00+00:00,2026-09-16,05:59:00,1067.1,1067.7,1067.1,1067.1,3386
2026-09-16T06:00:00+00:00,2026-09-16,06:00:00,1067.1,1067.6,1065.8,1066.4,29361
2026-09-16T06:01:00+00:00,2026-09-16,06:01:00,1066.2,1066.5,1065.5,1066,33995
2026-09-16T06:02:00+00:00,2026-09-16,06:02:00,1065.8,1066,1065.6,1065.7,6052
2026-09-16T06:03:00+00:00,2026-09-16,06:03:00,1065.7,1065.8,1064.2,1064.8,21154
2026-09-16T06:04:00+00:00,2026-09-16,06:04:00,1064.8,1065.2,1064.7,1065.1,7712
2026-09-16T06:05:00+00:00,2026-09-16,06:05:00,1065.1,1065.3,1064.3,1064.8,11474
2026-09-16T06:06:00+00:00,2026-09-16,06:06:00,1064.6,1064.8,1064.1,1064.4,20459
2026-09-16T06:07:00+00:00,2026-09-16,06:07:00,1064.4,1064.7,1063.5,1063.9,14713
2026-09-16T06:08:00+00:00,2026-09-16,06:08:00,1063.9,1065.3,1063.9,1064.4,18952
2026-09-16T06:09:00+00:00,2026-09-16,06:09:00,1064.6,1064.8,1064.1,1064.2,5277
2026-09-16T06:10:00+00:00,2026-09-16,06:10:00,1064.2,1064.9,1064.2,1064.8,8184
2026-09-16T06:11:00+00:00,2026-09-16,06:11:00,1064.5,1065,1064.5,1064.7,3930
2026-09-16T06:12:00+00:00,2026-09-16,06:12:00,1064.8,1065.2,1064.4,1065.1,9326
2026-09-16T06:13:00+00:00,2026-09-16,06:13:00,1065.1,1065.9,1064.9,1065.6,10362
2026-09-16T06:14:00+00:00,2026-09-16,06:14:00,1065.4,1065.7,1064.7,1064.7,10681
2026-09-16T06:15:00+00:00,2026-09-16,06:15:00,1064.9,1065.4,1064.8,1065.2,6412
2026-09-16T06:16:00+00:00,2026-09-16,06:16:00,1065.4,1065.5,1065,1065.4,8761
2026-09-16T06:17:00+00:00,2026-09-16,06:17:00,1065.4,1065.8,1065.1,1065.4,7875
2026-09-16T06:18:00+00:00,2026-09-16,06:18:00,1065.4,1066.4,1065.4,1066.4,6328
2026-09-16T06:19:00+00:00,2026-09-16,06:19:00,1066.4,1067.3,1066,1066.5,20660
2026-09-16T06:20:00+00:00,2026-09-16,06:20:00,1066.5,1067.7,1065.8,1066,20924
2026-09-16T06:21:00+00:00,2026-09-16,06:21:00,1066,1066.3,1065.5,1065.6,10033
2026-09-16T06:22:00+00:00,2026-09-16,06:22:00,1065.9,1066,1065.2,1065.5,12328
2026-09-16T06:23:00+00:00,2026-09-16,06:23:00,1065.6,1066.2,1064.8,1065.7,85417
2026-09-16T06:24:00+00:00,2026-09-16,06:24:00,1065.7,1066.4,1065.4,1065.6,8124
2026-09-16T06:25:00+00:00,2026-09-16,06:25:00,1065.6,1066.2,1065.4,1066.1,6838
2026-09-16T06:26:00+00:00,2026-09-16,06:26:00,1066,1066.2,1065.3,1065.8,34438
2026-09-16T06:27:00+00:00,2026-09-16,06:27:00,1065.7,1066.9,1065.7,1066.9,8940
2026-09-16T06:28:00+00:00,2026-09-16,06:28:00,1066.9,1066.9,1066.3,1066.6,6652
2026-09-16T06:29:00+00:00,2026-09-16,06:29:00,1066.4,1067,1066.4,1066.6,6709
2026-09-16T06:30:00+00:00,2026-09-16,06:30:00,1066.6,1067.1,1066,1066.4,22089
2026-09-16T06:31:00+00:00,2026-09-16,06:31:00,1066.4,1066.7,1066.4,1066.6,5184
2026-09-16T06:32:00+00:00,2026-09-16,06:32:00,1066.4,1066.6,1065.4,1065.5,7349
2026-09-16T06:33:00+00:00,2026-09-16,06:33:00,1065.8,1066.3,1065.6,1066,5450
2026-09-16T06:34:00+00:00,2026-09-16,06:34:00,1065.8,1066,1065.5,1065.5,6113
2026-09-16T06:35:00+00:00,2026-09-16,06:35:00,1065.4,1065.8,1065.2,1065.3,4511
2026-09-16T06:36:00+00:00,2026-09-16,06:36:00,1065.3,1065.7,1065.3,1065.4,2526
2026-09-16T06:37:00+00:00,2026-09-16,06:37:00,1065.4,1065.7,1065.3,1065.7,6603
2026-09-16T06:38:00+00:00,2026-09-16,06:38:00,1065.7,1065.8,1065.4,1065.6,4245
2026-09-16T06:39:00+00:00,2026-09-16,06:39:00,1065.6,1065.6,1064,1064.5,21056
2026-09-16T06:40:00+00:00,2026-09-16,06:40:00,1064.8,1065,1064.5,1065,3316
2026-09-16T06:41:00+00:00,2026-09-16,06:41:00,1064.9,1065,1064.7,1065,5109
2026-09-16T06:42:00+00:00,2026-09-16,06:42:00,1064.9,1065.6,1064.8,1065.1,11186
2026-09-16T06:43:00+00:00,2026-09-16,06:43:00,1065,1065.6,1065,1065.5,6206
2026-09-16T06:44:00+00:00,2026-09-16,06:44:00,1065.4,1065.5,1064.7,1064.8,4301
2026-09-16T06:45:00+00:00,2026-09-16,06:45:00,1064.6,1064.6,1064.1,1064.2,15244
2026-09-16T06:46:00+00:00,2026-09-16,06:46:00,1064.2,1064.4,1064.2,1064.3,8316
2026-09-16T06:47:00+00:00,2026-09-16,06:47:00,1064.4,1065,1064.3,1064.9,3607
2026-09-16T06:48:00+00:00,2026-09-16,06:48:00,1064.5,1065,1064.5,1064.9,3419
2026-09-16T06:49:00+00:00,2026-09-16,06:49:00,1064.9,1066.4,1064.9,1065.9,9469
2026-09-16T06:50:00+00:00,2026-09-16,06:50:00,1066.3,1066.7,1065.6,1066.1,7343
2026-09-16T06:51:00+00:00,2026-09-16,06:51:00,1066.1,1066.9,1066.1,1066.7,10345
2026-09-16T06:52:00+00:00,2026-09-16,06:52:00,1066.6,1067,1066.4,1067,7038
2026-09-16T06:53:00+00:00,2026-09-16,06:53:00,1066.9,1067,1066.5,1067,6320
2026-09-16T06:54:00+00:00,2026-09-16,06:54:00,1067,1067,1066.8,1067,6084
2026-09-16T06:55:00+00:00,2026-09-16,06:55:00,1066.8,1067,1066.7,1067,3338
2026-09-16T06:56:00+00:00,2026-09-16,06:56:00,1066.7,1067.4,1065.9,1066.7,17899
2026-09-16T06:57:00+00:00,2026-09-16,06:57:00,1066.5,1067.2,1066.5,1066.8,39327
2026-09-16T06:58:00+00:00,2026-09-16,06:58:00,1066.8,1067,1066,1066.8,14542
2026-09-16T06:59:00+00:00,2026-09-16,06:59:00,1066.7,1067,1066.7,1066.9,3884
2026-09-16T07:00:00+00:00,2026-09-16,07:00:00,1066.9,1067.2,1066.9,1066.9,9282
2026-09-16T07:01:00+00:00,2026-09-16,07:01:00,1067.1,1067.2,1066.7,1066.8,9289
2026-09-16T07:02:00+00:00,2026-09-16,07:02:00,1067,1067.2,1066.8,1066.9,10576
2026-09-16T07:03:00+00:00,2026-09-16,07:03:00,1067,1069.5,1066.7,1068.3,90735
2026-09-16T07:04:00+00:00,2026-09-16,07:04:00,1067.9,1068.5,1067.9,1068.4,3706
2026-09-16T07:05:00+00:00,2026-09-16,07:05:00,1068.3,1069.2,1068.3,1069,14056
2026-09-16T07:06:00+00:00,2026-09-16,07:06:00,1069,1069.4,1068.6,1068.9,12018
2026-09-16T07:07:00+00:00,2026-09-16,07:07:00,1068.9,1068.9,1067.6,1067.6,13591
2026-09-16T07:08:00+00:00,2026-09-16,07:08:00,1067.6,1067.8,1067.4,1067.4,6403
2026-09-16T07:09:00+00:00,2026-09-16,07:09:00,1067.8,1067.8,1065.4,1065.7,55283
2026-09-16T07:10:00+00:00,2026-09-16,07:10:00,1065.5,1067.4,1065.5,1067.3,9237
2026-09-16T07:11:00+00:00,2026-09-16,07:11:00,1067.3,1067.8,1067.1,1067.4,4177
2026-09-16T07:12:00+00:00,2026-09-16,07:12:00,1067.6,1067.6,1066,1066.3,5704
2026-09-16T07:13:00+00:00,2026-09-16,07:13:00,1066,1067,1066,1066.6,5801
2026-09-16T07:14:00+00:00,2026-09-16,07:14:00,1067,1067.2,1066.6,1066.6,3431
2026-09-16T07:15:00+00:00,2026-09-16,07:15:00,1066.7,1066.7,1065.3,1065.4,8060
2026-09-16T07:16:00+00:00,2026-09-16,07:16:00,1065.4,1065.6,1065,1065.1,7993
2026-09-16T07:17:00+00:00,2026-09-16,07:17:00,1065.1,1065.3,1064.7,1065.1,3263
2026-09-16T07:18:00+00:00,2026-09-16,07:18:00,1065.1,1065.6,1064.5,1064.7,8237
2026-09-16T07:19:00+00:00,2026-09-16,07:19:00,1064.5,1064.8,1064.1,1064.1,10063
2026-09-16T07:20:00+00:00,2026-09-16,07:20:00,1064.1,1064.3,1063.7,1064.2,12020
2026-09-16T07:21:00+00:00,2026-09-16,07:21:00,1064.1,1064.3,1064.1,1064.3,2938
2026-09-16T07:22:00+00:00,2026-09-16,07:22:00,1064.1,1064.3,1064,1064.1,3692
2026-09-16T07:23:00+00:00,2026-09-16,07:23:00,1064.1,1064.7,1064.1,1064.5,5080
2026-09-16T07:24:00+00:00,2026-09-16,07:24:00,1064.2,1064.9,1064.2,1064.8,4598
2026-09-16T07:25:00+00:00,2026-09-16,07:25:00,1064.6,1064.9,1064.3,1064.3,6273
2026-09-16T07:26:00+00:00,2026-09-16,07:26:00,1064.3,1064.5,1064.2,1064.2,2385
2026-09-16T07:27:00+00:00,2026-09-16,07:27:00,1064.2,1065.5,1064.2,1065.4,6388
2026-09-16T07:28:00+00:00,2026-09-16,07:28:00,1065,1065.4,1065,1065.1,3189
2026-09-16T07:29:00+00:00,2026-09-16,07:29:00,1065.3,1065.5,1065,1065.1,4819
2026-09-16T07:30:00+00:00,2026-09-16,07:30:00,1065,1065.1,1064.5,1064.7,5252
2026-09-16T07:31:00+00:00,2026-09-16,07:31:00,1064.4,1064.5,1063.3,1063.4,14000
2026-09-16T07:32:00+00:00,2026-09-16,07:32:00,1063.4,1064.1,1063.4,1063.9,4523
2026-09-16T07:33:00+00:00,2026-09-16,07:33:00,1063.8,1064,1063.2,1063.7,4791
2026-09-16T07:34:00+00:00,2026-09-16,07:34:00,1063.5,1064.4,1063.5,1064.4,5081
2026-09-16T07:35:00+00:00,2026-09-16,07:35:00,1064.1,1065,1064,1064.6,10813
2026-09-16T07:36:00+00:00,2026-09-16,07:36:00,1064.6,1064.8,1064.1,1064.6,7343
2026-09-16T07:37:00+00:00,2026-09-16,07:37:00,1064.7,1065.6,1064.6,1065.6,4993
2026-09-16T07:38:00+00:00,2026-09-16,07:38:00,1065.6,1065.8,1065.1,1065.3,5539
2026-09-16T07:39:00+00:00,2026-09-16,07:39:00,1065.5,1065.9,1065,1065.4,5804
2026-09-16T07:40:00+00:00,2026-09-16,07:40:00,1065,1065.4,1065,1065.3,1650
2026-09-16T07:41:00+00:00,2026-09-16,07:41:00,1065.3,1065.5,1064.9,1064.9,3967
2026-09-16T07:42:00+00:00,2026-09-16,07:42:00,1064.9,1065.2,1064.5,1064.7,18869
2026-09-16T07:43:00+00:00,2026-09-16,07:43:00,1064.7,1064.8,1064.1,1064.4,4744
2026-09-16T07:44:00+00:00,2026-09-16,07:44:00,1064.5,1064.7,1064.1,1064.6,6691
2026-09-16T07:45:00+00:00,2026-09-16,07:45:00,1064.6,1064.7,1064,1064.5,6386
2026-09-16T07:46:00+00:00,2026-09-16,07:46:00,1064.5,1065,1064.1,1064.1,9734
2026-09-16T07:47:00+00:00,2026-09-16,07:47:00,1064.2,1064.9,1064.1,1064.7,5429
2026-09-16T07:48:00+00:00,2026-09-16,07:48:00,1064.9,1065.5,1064.7,1065.5,7944
2026-09-16T07:49:00+00:00,2026-09-16,07:49:00,1065.5,1066,1065.4,1065.8,4114
2026-09-16T07:50:00+00:00,2026-09-16,07:50:00,1065.8,1065.8,1065,1065.3,4563
2026-09-16T07:51:00+00:00,2026-09-16,07:51:00,1065.3,1065.5,1064.3,1064.6,4192
2026-09-16T07:52:00+00:00,2026-09-16,07:52:00,1064.6,1064.8,1063.8,1064,7373
2026-09-16T07:53:00+00:00,2026-09-16,07:53:00,1063.8,1064.1,1062.7,1062.7,11697
2026-09-16T07:54:00+00:00,2026-09-16,07:54:00,1062.7,1062.8,1061.5,1061.6,12541
2026-09-16T07:55:00+00:00,2026-09-16,07:55:00,1061.6,1062,1061.5,1061.7,6397
2026-09-16T07:56:00+00:00,2026-09-16,07:56:00,1061.7,1062.2,1061.6,1062.2,6552
2026-09-16T07:57:00+00:00,2026-09-16,07:57:00,1062.1,1062.5,1061.9,1062.3,4425
2026-09-16T07:58:00+00:00,2026-09-16,07:58:00,1062.2,1062.3,1061.2,1061.4,12315
2026-09-16T07:59:00+00:00,2026-09-16,07:59:00,1061.3,1061.4,1061.1,1061.2,5020
2026-09-16T08:00:00+00:00,2026-09-16,08:00:00,1061.2,1061.5,1061.1,1061.5,4053
2026-09-16T08:01:00+00:00,2026-09-16,08:01:00,1061.4,1061.9,1061.4,1061.6,6371
2026-09-16T08:02:00+00:00,2026-09-16,08:02:00,1061.6,1062.1,1061.6,1061.9,5525
2026-09-16T08:03:00+00:00,2026-09-16,08:03:00,1061.9,1062,1061.1,1061.3,11923
2026-09-16T08:04:00+00:00,2026-09-16,08:04:00,1061.3,1062.2,1061.1,1062,32199
2026-09-16T08:05:00+00:00,2026-09-16,08:05:00,1062.3,1063,1062,1062.9,73348
2026-09-16T08:06:00+00:00,2026-09-16,08:06:00,1062.7,1062.9,1062,1062.1,5750
2026-09-16T08:07:00+00:00,2026-09-16,08:07:00,1062.5,1062.5,1061.8,1062,4395
2026-09-16T08:08:00+00:00,2026-09-16,08:08:00,1061.8,1062,1060.4,1060.4,23069
2026-09-16T08:09:00+00:00,2026-09-16,08:09:00,1060.6,1060.9,1059.8,1059.9,38527
2026-09-16T08:10:00+00:00,2026-09-16,08:10:00,1059.9,1060,1059.5,1059.5,6620
2026-09-16T08:11:00+00:00,2026-09-16,08:11:00,1059.6,1060,1059.5,1059.7,6096
2026-09-16T08:12:00+00:00,2026-09-16,08:12:00,1059.9,1060,1059.6,1059.9,5745
2026-09-16T08:13:00+00:00,2026-09-16,08:13:00,1059.7,1060,1059.7,1059.8,6261
2026-09-16T08:14:00+00:00,2026-09-16,08:14:00,1059.7,1059.9,1059.3,1059.6,11273
2026-09-16T08:15:00+00:00,2026-09-16,08:15:00,1059.5,1060,1059.5,1059.7,6695
2026-09-16T08:16:00+00:00,2026-09-16,08:16:00,1059.6,1059.6,1058.9,1059.3,13780
2026-09-16T08:17:00+00:00,2026-09-16,08:17:00,1059.3,1059.3,1059,1059.1,5310
2026-09-16T08:18:00+00:00,2026-09-16,08:18:00,1059.2,1059.7,1058.8,1059.2,26332
2026-09-16T08:19:00+00:00,2026-09-16,08:19:00,1059.2,1059.3,1058.5,1058.8,21363
2026-09-16T08:20:00+00:00,2026-09-16,08:20:00,1058.5,1058.5,1058,1058,22555
2026-09-16T08:21:00+00:00,2026-09-16,08:21:00,1058.1,1059.6,1058,1059,19720
2026-09-16T08:22:00+00:00,2026-09-16,08:22:00,1059.3,1059.5,1058.8,1059.2,12083
2026-09-16T08:23:00+00:00,2026-09-16,08:23:00,1059.1,1059.6,1059,1059.4,7699
2026-09-16T08:24:00+00:00,2026-09-16,08:24:00,1059.4,1059.8,1059.2,1059.5,9533
2026-09-16T08:25:00+00:00,2026-09-16,08:25:00,1059.8,1059.8,1058.2,1058.4,22559
2026-09-16T08:26:00+00:00,2026-09-16,08:26:00,1058.4,1059.3,1058.3,1059.3,10972
2026-09-16T08:27:00+00:00,2026-09-16,08:27:00,1059.3,1059.3,1059.1,1059.1,7389
2026-09-16T08:28:00+00:00,2026-09-16,08:28:00,1059.1,1059.3,1058.7,1059.3,9144
2026-09-16T08:29:00+00:00,2026-09-16,08:29:00,1059.2,1059.5,1059,1059,15766
2026-09-16T08:30:00+00:00,2026-09-16,08:30:00,1059.4,1059.5,1058.8,1059.2,9218
2026-09-16T08:31:00+00:00,2026-09-16,08:31:00,1059.3,1059.4,1058.9,1059.2,9345
2026-09-16T08:32:00+00:00,2026-09-16,08:32:00,1059.2,1059.5,1059,1059.4,13403
2026-09-16T08:33:00+00:00,2026-09-16,08:33:00,1059.5,1059.8,1059.3,1059.4,29771
2026-09-16T08:34:00+00:00,2026-09-16,08:34:00,1059.4,1059.8,1059.4,1059.8,10342
2026-09-16T08:35:00+00:00,2026-09-16,08:35:00,1059.8,1060,1059.6,1059.9,11726
2026-09-16T08:36:00+00:00,2026-09-16,08:36:00,1060,1061,1059.9,1060.7,22790
2026-09-16T08:37:00+00:00,2026-09-16,08:37:00,1060.8,1060.8,1060.5,1060.7,4785
2026-09-16T08:38:00+00:00,2026-09-16,08:38:00,1060.6,1060.7,1059.4,1059.4,18290
2026-09-16T08:39:00+00:00,2026-09-16,08:39:00,1059.6,1060,1059.4,1059.9,12193
2026-09-16T08:40:00+00:00,2026-09-16,08:40:00,1060,1060.4,1059.9,1060.2,6709
2026-09-16T08:41:00+00:00,2026-09-16,08:41:00,1060.2,1061.7,1060.2,1061.7,12281
2026-09-16T08:42:00+00:00,2026-09-16,08:42:00,1061.6,1061.9,1060.9,1061.1,8971
2026-09-16T08:43:00+00:00,2026-09-16,08:43:00,1061.3,1061.5,1061,1061.3,6607
2026-09-16T08:44:00+00:00,2026-09-16,08:44:00,1061.3,1061.4,1061.1,1061.3,4326
2026-09-16T08:45:00+00:00,2026-09-16,08:45:00,1061.3,1061.4,1060.5,1061.1,10034
2026-09-16T08:46:00+00:00,2026-09-16,08:46:00,1061,1061.3,1060.8,1061,3208
2026-09-16T08:47:00+00:00,2026-09-16,08:47:00,1060.9,1061,1060.8,1060.9,3359
2026-09-16T08:48:00+00:00,2026-09-16,08:48:00,1060.8,1060.9,1060.3,1060.5,5172
2026-09-16T08:49:00+00:00,2026-09-16,08:49:00,1060.6,1060.8,1058.5,1058.6,71991
2026-09-16T08:50:00+00:00,2026-09-16,08:50:00,1058.6,1059.5,1058.6,1058.7,6346
2026-09-16T08:51:00+00:00,2026-09-16,08:51:00,1058.8,1059.6,1058.5,1058.5,15786
2026-09-16T08:52:00+00:00,2026-09-16,08:52:00,1058.7,1059.4,1058.6,1059.1,6549
2026-09-16T08:53:00+00:00,2026-09-16,08:53:00,1059.4,1060.2,1059.4,1060,7587
2026-09-16T08:54:00+00:00,2026-09-16,08:54:00,1059.8,1060.1,1059.5,1059.8,11104
2026-09-16T08:55:00+00:00,2026-09-16,08:55:00,1059.7,1060.2,1059.6,1059.7,8261
2026-09-16T08:56:00+00:00,2026-09-16,08:56:00,1059.7,1059.9,1059.1,1059.7,9122
2026-09-16T08:57:00+00:00,2026-09-16,08:57:00,1059.7,1060,1059.5,1059.6,7703
2026-09-16T08:58:00+00:00,2026-09-16,08:58:00,1059.6,1059.7,1058.4,1059.2,15670
2026-09-16T08:59:00+00:00,2026-09-16,08:59:00,1059,1059.3,1057.2,1057.3,38120
2026-09-16T09:00:00+00:00,2026-09-16,09:00:00,1057,1058.3,1057,1057.5,11978
2026-09-16T09:01:00+00:00,2026-09-16,09:01:00,1057.5,1057.8,1057,1057.1,14120
2026-09-16T09:02:00+00:00,2026-09-16,09:02:00,1057.3,1057.7,1057.1,1057.5,8136
2026-09-16T09:03:00+00:00,2026-09-16,09:03:00,1057.8,1057.9,1056.5,1056.7,12807
2026-09-16T09:04:00+00:00,2026-09-16,09:04:00,1056.5,1057,1056.4,1057,5762
2026-09-16T09:05:00+00:00,2026-09-16,09:05:00,1056.8,1057.3,1056.8,1057,9476
2026-09-16T09:06:00+00:00,2026-09-16,09:06:00,1057.1,1057.1,1056.7,1056.8,2966
2026-09-16T09:07:00+00:00,2026-09-16,09:07:00,1056.9,1056.9,1055.7,1055.8,20912
2026-09-16T09:08:00+00:00,2026-09-16,09:08:00,1055.8,1056,1054.1,1054.3,123260
2026-09-16T09:09:00+00:00,2026-09-16,09:09:00,1054.1,1054.5,1053.5,1053.7,26416
2026-09-16T09:10:00+00:00,2026-09-16,09:10:00,1053.7,1055.2,1053.6,1055.1,20081
2026-09-16T09:11:00+00:00,2026-09-16,09:11:00,1055,1056.4,1054.9,1056.4,15745
2026-09-16T09:12:00+00:00,2026-09-16,09:12:00,1056.2,1056.6,1055.9,1056.5,17961
2026-09-16T09:13:00+00:00,2026-09-16,09:13:00,1056.6,1057.8,1056.5,1057.5,17880
2026-09-16T09:14:00+00:00,2026-09-16,09:14:00,1057.5,1058.6,1057.4,1057.8,26654
2026-09-16T09:15:00+00:00,2026-09-16,09:15:00,1057.9,1057.9,1056.8,1056.8,18881
2026-09-16T09:16:00+00:00,2026-09-16,09:16:00,1057.1,1057.7,1056.8,1056.9,9965
2026-09-16T09:17:00+00:00,2026-09-16,09:17:00,1056.9,1056.9,1056.5,1056.6,6747
2026-09-16T09:18:00+00:00,2026-09-16,09:18:00,1056.5,1057,1056,1056.2,13296
2026-09-16T09:19:00+00:00,2026-09-16,09:19:00,1056.2,1057.4,1056,1056.5,100520
2026-09-16T09:20:00+00:00,2026-09-16,09:20:00,1056.4,1056.6,1055.9,1056.3,16648
2026-09-16T09:21:00+00:00,2026-09-16,09:21:00,1056.1,1056.8,1056,1056.4,23761
2026-09-16T09:22:00+00:00,2026-09-16,09:22:00,1056.7,1057.9,1056.1,1057.9,21459
2026-09-16T09:23:00+00:00,2026-09-16,09:23:00,1057.5,1057.8,1057.3,1057.6,11305
2026-09-16T09:24:00+00:00,2026-09-16,09:24:00,1057.7,1057.7,1056.6,1057,13238
2026-09-16T09:25:00+00:00,2026-09-16,09:25:00,1056.9,1057.6,1056.9,1057.3,8223
2026-09-16T09:26:00+00:00,2026-09-16,09:26:00,1057.4,1057.8,1057.3,1057.6,8610
2026-09-16T09:27:00+00:00,2026-09-16,09:27:00,1057.6,1057.9,1057.3,1057.5,15781
2026-09-16T09:28:00+00:00,2026-09-16,09:28:00,1057.4,1057.5,1056.4,1056.8,20212
2026-09-16T09:29:00+00:00,2026-09-16,09:29:00,1056.9,1057.2,1056.8,1056.9,8461
2026-09-16T09:30:00+00:00,2026-09-16,09:30:00,1056.9,1057,1055.6,1056.8,40454
2026-09-16T09:31:00+00:00,2026-09-16,09:31:00,1056.5,1056.6,1055.7,1055.9,17344
2026-09-16T09:32:00+00:00,2026-09-16,09:32:00,1055.9,1056,1055.9,1055.9,12912
2026-09-16T09:33:00+00:00,2026-09-16,09:33:00,1056,1056.1,1055.6,1056,15382
2026-09-16T09:34:00+00:00,2026-09-16,09:34:00,1056.1,1056.5,1056,1056.2,16756
2026-09-16T09:35:00+00:00,2026-09-16,09:35:00,1056.1,1056.3,1055.2,1055.3,39521
2026-09-16T09:36:00+00:00,2026-09-16,09:36:00,1055.3,1055.6,1055.1,1055.2,24307
2026-09-16T09:37:00+00:00,2026-09-16,09:37:00,1055.1,1056.5,1055.1,1056.5,27733
2026-09-16T09:38:00+00:00,2026-09-16,09:38:00,1056.4,1057,1056.4,1057,15016
2026-09-16T09:39:00+00:00,2026-09-16,09:39:00,1056.9,1057.6,1056.8,1057.4,30816
2026-09-16T09:40:00+00:00,2026-09-16,09:40:00,1057.4,1057.5,1056.5,1056.5,39996
2026-09-16T09:41:00+00:00,2026-09-16,09:41:00,1056.5,1057.5,1056.4,1056.6,50677
2026-09-16T09:42:00+00:00,2026-09-16,09:42:00,1056.7,1057.4,1056,1057.4,61999
2026-09-16T09:43:00+00:00,2026-09-16,09:43:00,1057.4,1058.2,1056.4,1057.4,43543
2026-09-16T09:44:00+00:00,2026-09-16,09:44:00,1057,1058.4,1056.7,1057.6,34020
2026-09-16T09:45:00+00:00,2026-09-16,09:45:00,1057,1058.4,1056.7,1057.6,34020
2026-09-16T09:46:00+00:00,2026-09-16,09:46:00,1057,1058.4,1056.7,1057.6,34020
2026-09-16T09:47:00+00:00,2026-09-16,09:47:00,1057,1058.4,1056.7,1057.6,34020
2026-09-16T09:48:00+00:00,2026-09-16,09:48:00,1057,1058.4,1056.7,1057.6,34020
2026-09-16T09:49:00+00:00,2026-09-16,09:49:00,1057,1058.4,1056.7,1057.6,34020
2026-09-16T09:50:00+00:00,2026-09-16,09:50:00,1057,1058.4,1056.7,1057.6,34020
2026-09-16T09:51:00+00:00,2026-09-16,09:51:00,1057,1058.4,1056.7,1057.6,34020
2026-09-16T09:52:00+00:00,2026-09-16,09:52:00,1057,1058.4,1056.7,1057.6,34020
2026-09-16T09:53:00+00:00,2026-09-16,09:53:00,1057,1058.4,1056.7,1057.6,34020
2026-09-16T09:54:00+00:00,2026-09-16,09:54:00,1057,1058.4,1056.7,1057.6,34020
2026-09-16T09:55:00+00:00,2026-09-16,09:55:00,1057,1058.4,1056.7,1057.6,34020
2026-09-16T09:56:00+00:00,2026-09-16,09:56:00,1057,1058.4,1056.7,1057.6,34020
2026-09-16T09:57:00+00:00,2026-09-16,09:57:00,1057,1058.4,1056.7,1057.6,34020
2026-09-16T09:58:00+00:00,2026-09-16,09:58:00,1057,1058.4,1056.7,1057.6,34020
2026-09-16T09:59:00+00:00,2026-09-16,09:59:00,1060,1060,1060,1060,375993
2026-09-16T10:00:00+00:00,2026-09-16,10:00:00,1060,1060,1060,1060,375993
2026-09-17T03:45:00+00:00,2026-09-17,03:45:00,1054,1056,1050.9,1051.7,106760
2026-09-17T03:46:00+00:00,2026-09-17,03:46:00,1052,1056,1052,1054.8,35844
2026-09-17T03:47:00+00:00,2026-09-17,03:47:00,1055.4,1057.9,1055.4,1056,29833
2026-09-17T03:48:00+00:00,2026-09-17,03:48:00,1056.2,1058.4,1055.6,1058.4,23950
2026-09-17T03:49:00+00:00,2026-09-17,03:49:00,1058.1,1058.7,1055.1,1055.1,13906
2026-09-17T03:50:00+00:00,2026-09-17,03:50:00,1055,1056.7,1054.1,1056.5,17583
2026-09-17T03:51:00+00:00,2026-09-17,03:51:00,1056.6,1056.8,1055.1,1055.5,5861
2026-09-17T03:52:00+00:00,2026-09-17,03:52:00,1055.5,1055.5,1053.8,1053.8,14079
2026-09-17T03:53:00+00:00,2026-09-17,03:53:00,1053.8,1054.1,1051.1,1051.1,15332
2026-09-17T03:54:00+00:00,2026-09-17,03:54:00,1051.1,1051.4,1050.1,1050.7,25248
2026-09-17T03:55:00+00:00,2026-09-17,03:55:00,1050.7,1052,1050.7,1051.8,16354
2026-09-17T03:56:00+00:00,2026-09-17,03:56:00,1051.9,1052.4,1051,1052.4,19210
2026-09-17T03:57:00+00:00,2026-09-17,03:57:00,1052.6,1054.4,1051.7,1054.4,11704
2026-09-17T03:58:00+00:00,2026-09-17,03:58:00,1054.5,1055,1054.3,1055,7776
2026-09-17T03:59:00+00:00,2026-09-17,03:59:00,1055,1055.4,1054.6,1055.3,9461
2026-09-17T04:00:00+00:00,2026-09-17,04:00:00,1055.3,1055.5,1053.7,1054.6,16490
2026-09-17T04:01:00+00:00,2026-09-17,04:01:00,1054.6,1055.8,1054.5,1055.8,7390
2026-09-17T04:02:00+00:00,2026-09-17,04:02:00,1055.8,1055.8,1055.2,1055.5,6075
2026-09-17T04:03:00+00:00,2026-09-17,04:03:00,1055.5,1055.9,1054.6,1054.8,14230
2026-09-17T04:04:00+00:00,2026-09-17,04:04:00,1055,1055,1053.6,1053.9,8116
2026-09-17T04:05:00+00:00,2026-09-17,04:05:00,1053.9,1054.4,1053.4,1054.4,6399
2026-09-17T04:06:00+00:00,2026-09-17,04:06:00,1054.3,1054.8,1053.6,1054.4,3733
2026-09-17T04:07:00+00:00,2026-09-17,04:07:00,1054.4,1056.4,1054.4,1056.4,11940
2026-09-17T04:08:00+00:00,2026-09-17,04:08:00,1056.5,1056.5,1056.1,1056.2,7850
2026-09-17T04:09:00+00:00,2026-09-17,04:09:00,1055.8,1055.9,1054.4,1055.6,5965
2026-09-17T04:10:00+00:00,2026-09-17,04:10:00,1055.6,1055.6,1054,1054.5,9410
2026-09-17T04:11:00+00:00,2026-09-17,04:11:00,1054.8,1054.8,1053,1053,4834
2026-09-17T04:12:00+00:00,2026-09-17,04:12:00,1053.2,1053.6,1052.9,1053,6718
2026-09-17T04:13:00+00:00,2026-09-17,04:13:00,1053,1053.9,1052.7,1053.6,10829
2026-09-17T04:14:00+00:00,2026-09-17,04:14:00,1053.9,1054,1052.6,1053.3,7822
2026-09-17T04:15:00+00:00,2026-09-17,04:15:00,1053.4,1054.4,1052.5,1053,5981
2026-09-17T04:16:00+00:00,2026-09-17,04:16:00,1053,1054.5,1053,1054.5,2208
2026-09-17T04:17:00+00:00,2026-09-17,04:17:00,1054.5,1055.6,1054.3,1055.4,6788
2026-09-17T04:18:00+00:00,2026-09-17,04:18:00,1055.4,1055.5,1054.9,1055.5,3074
2026-09-17T04:19:00+00:00,2026-09-17,04:19:00,1055.5,1055.5,1053.9,1054.2,2992
2026-09-17T04:20:00+00:00,2026-09-17,04:20:00,1054.2,1054.2,1053.3,1053.6,4052
2026-09-17T04:21:00+00:00,2026-09-17,04:21:00,1054.1,1055,1053.6,1055,2214
2026-09-17T04:22:00+00:00,2026-09-17,04:22:00,1055,1055.3,1054.6,1055,6244
2026-09-17T04:23:00+00:00,2026-09-17,04:23:00,1055,1055.2,1054.8,1055.2,2144
2026-09-17T04:24:00+00:00,2026-09-17,04:24:00,1055.2,1055.9,1055,1055.5,8676
2026-09-17T04:25:00+00:00,2026-09-17,04:25:00,1055.5,1056.5,1055.5,1056,18445
2026-09-17T04:26:00+00:00,2026-09-17,04:26:00,1056.1,1056.1,1053,1053.2,11427
2026-09-17T04:27:00+00:00,2026-09-17,04:27:00,1053.1,1054.6,1052.5,1054.6,4472
2026-09-17T04:28:00+00:00,2026-09-17,04:28:00,1054.6,1055.2,1054.1,1054.3,4645
2026-09-17T04:29:00+00:00,2026-09-17,04:29:00,1054.5,1054.5,1053.6,1054,5354
2026-09-17T04:30:00+00:00,2026-09-17,04:30:00,1053.5,1054.1,1052.7,1053.6,7101
2026-09-17T04:31:00+00:00,2026-09-17,04:31:00,1053.9,1054.2,1053.3,1054.2,2317
2026-09-17T04:32:00+00:00,2026-09-17,04:32:00,1054.2,1054.7,1054,1054.4,1393
2026-09-17T04:33:00+00:00,2026-09-17,04:33:00,1054.7,1054.7,1054,1054.4,3695
2026-09-17T04:34:00+00:00,2026-09-17,04:34:00,1054.3,1055,1054,1055,6561
2026-09-17T04:35:00+00:00,2026-09-17,04:35:00,1055,1055.8,1054.9,1055.3,7196
2026-09-17T04:36:00+00:00,2026-09-17,04:36:00,1055.4,1055.9,1055,1055.9,2813
2026-09-17T04:37:00+00:00,2026-09-17,04:37:00,1055.9,1055.9,1054.7,1054.7,2848
2026-09-17T04:38:00+00:00,2026-09-17,04:38:00,1055.1,1055.2,1054.5,1055.2,3778
2026-09-17T04:39:00+00:00,2026-09-17,04:39:00,1055.2,1055.8,1055.1,1055.8,2519
2026-09-17T04:40:00+00:00,2026-09-17,04:40:00,1055.8,1056,1055.6,1055.9,4500
2026-09-17T04:41:00+00:00,2026-09-17,04:41:00,1055.9,1056.4,1055.4,1055.8,22187
2026-09-17T04:42:00+00:00,2026-09-17,04:42:00,1056.1,1056.3,1054.4,1054.9,5211
2026-09-17T04:43:00+00:00,2026-09-17,04:43:00,1054.9,1054.9,1054.2,1054.3,1675
2026-09-17T04:44:00+00:00,2026-09-17,04:44:00,1054.3,1054.3,1053.4,1054.1,3929
2026-09-17T04:45:00+00:00,2026-09-17,04:45:00,1054,1055.1,1054,1054.9,5997
2026-09-17T04:46:00+00:00,2026-09-17,04:46:00,1055,1055.4,1054.8,1054.8,3546
2026-09-17T04:47:00+00:00,2026-09-17,04:47:00,1055.1,1055.4,1054.8,1055.4,2853
2026-09-17T04:48:00+00:00,2026-09-17,04:48:00,1055.4,1055.5,1055.1,1055.4,5765
2026-09-17T04:49:00+00:00,2026-09-17,04:49:00,1055.7,1055.7,1055.1,1055.2,4321
2026-09-17T04:50:00+00:00,2026-09-17,04:50:00,1055.2,1055.5,1054.5,1055.5,13349
2026-09-17T04:51:00+00:00,2026-09-17,04:51:00,1055.6,1056,1055.3,1055.8,6051
2026-09-17T04:52:00+00:00,2026-09-17,04:52:00,1055.7,1055.8,1055.1,1055.4,1908
2026-09-17T04:53:00+00:00,2026-09-17,04:53:00,1055.4,1055.4,1055,1055.2,1665
2026-09-17T04:54:00+00:00,2026-09-17,04:54:00,1055.2,1055.4,1054.7,1055.4,5308
2026-09-17T04:55:00+00:00,2026-09-17,04:55:00,1055.3,1055.9,1051.1,1051.7,80217
2026-09-17T04:56:00+00:00,2026-09-17,04:56:00,1051.7,1051.8,1050.5,1051.4,21347
2026-09-17T04:57:00+00:00,2026-09-17,04:57:00,1051.3,1052.1,1051.2,1051.8,7004
2026-09-17T04:58:00+00:00,2026-09-17,04:58:00,1052.1,1052.2,1051.4,1051.5,5220
2026-09-17T04:59:00+00:00,2026-09-17,04:59:00,1051.9,1051.9,1051.1,1051.8,7629
2026-09-17T05:00:00+00:00,2026-09-17,05:00:00,1051.9,1052.3,1051.1,1051.1,11101
2026-09-17T05:01:00+00:00,2026-09-17,05:01:00,1051.4,1051.6,1051,1051.6,17959
2026-09-17T05:02:00+00:00,2026-09-17,05:02:00,1051.6,1052.5,1051.5,1052.5,5805
2026-09-17T05:03:00+00:00,2026-09-17,05:03:00,1052.5,1053.4,1052.4,1053.4,9650
2026-09-17T05:04:00+00:00,2026-09-17,05:04:00,1053.4,1054.1,1053,1053.8,8039
2026-09-17T05:05:00+00:00,2026-09-17,05:05:00,1053.8,1053.8,1053.3,1053.7,7627
2026-09-17T05:06:00+00:00,2026-09-17,05:06:00,1053.7,1053.9,1052.7,1053,11207
2026-09-17T05:07:00+00:00,2026-09-17,05:07:00,1053,1053.5,1052.3,1053,10706
2026-09-17T05:08:00+00:00,2026-09-17,05:08:00,1053,1053,1052,1052,8463
2026-09-17T05:09:00+00:00,2026-09-17,05:09:00,1052,1052.3,1051.4,1051.8,7255
2026-09-17T05:10:00+00:00,2026-09-17,05:10:00,1051.8,1051.9,1050.6,1050.8,11831
2026-09-17T05:11:00+00:00,2026-09-17,05:11:00,1050.8,1050.9,1050.5,1050.6,6324
2026-09-17T05:12:00+00:00,2026-09-17,05:12:00,1050.9,1051,1050.6,1051,9834
2026-09-17T05:13:00+00:00,2026-09-17,05:13:00,1050.8,1051.9,1050.8,1051.4,9528
2026-09-17T05:14:00+00:00,2026-09-17,05:14:00,1051.4,1051.5,1050.6,1050.6,12484
2026-09-17T05:15:00+00:00,2026-09-17,05:15:00,1050.9,1051,1050.3,1050.4,7441
2026-09-17T05:16:00+00:00,2026-09-17,05:16:00,1050.4,1051.3,1050.4,1051.3,8396
2026-09-17T05:17:00+00:00,2026-09-17,05:17:00,1051.3,1051.5,1050.9,1051.5,10175
2026-09-17T05:18:00+00:00,2026-09-17,05:18:00,1051.5,1051.5,1051,1051.1,9669
2026-09-17T05:19:00+00:00,2026-09-17,05:19:00,1051.1,1051.7,1050.9,1051.7,6970
2026-09-17T05:20:00+00:00,2026-09-17,05:20:00,1051.7,1051.7,1051.2,1051.5,5455
2026-09-17T05:21:00+00:00,2026-09-17,05:21:00,1051.6,1051.6,1050.9,1051,6712
2026-09-17T05:22:00+00:00,2026-09-17,05:22:00,1051.2,1051.5,1050.9,1051.1,7118
2026-09-17T05:23:00+00:00,2026-09-17,05:23:00,1051.2,1051.4,1050.9,1051.2,5533
2026-09-17T05:24:00+00:00,2026-09-17,05:24:00,1051.2,1051.9,1050.7,1051.5,11683
2026-09-17T05:25:00+00:00,2026-09-17,05:25:00,1051.9,1051.9,1050.5,1050.8,11669
2026-09-17T05:26:00+00:00,2026-09-17,05:26:00,1050.9,1051.2,1050.8,1051.2,5365
2026-09-17T05:27:00+00:00,2026-09-17,05:27:00,1051.1,1051.6,1050.5,1050.7,7974
2026-09-17T05:28:00+00:00,2026-09-17,05:28:00,1050.7,1050.7,1049.4,1050.3,48924
2026-09-17T05:29:00+00:00,2026-09-17,05:29:00,1050.3,1050.3,1049.6,1049.7,4059
2026-09-17T05:30:00+00:00,2026-09-17,05:30:00,1049.7,1049.7,1048.9,1049.1,11699
2026-09-17T05:31:00+00:00,2026-09-17,05:31:00,1049.2,1049.7,1048.8,1049.6,10005
2026-09-17T05:32:00+00:00,2026-09-17,05:32:00,1049.6,1050.8,1049.5,1050.8,16097
2026-09-17T05:33:00+00:00,2026-09-17,05:33:00,1050.8,1050.8,1049.6,1050,9686
2026-09-17T05:34:00+00:00,2026-09-17,05:34:00,1050,1050,1049.5,1049.6,5278
2026-09-17T05:35:00+00:00,2026-09-17,05:35:00,1049.8,1049.8,1048.9,1049.4,9042
2026-09-17T05:36:00+00:00,2026-09-17,05:36:00,1049.4,1049.5,1048.7,1049.4,23200
2026-09-17T05:37:00+00:00,2026-09-17,05:37:00,1049.1,1049.3,1048.6,1049,4599
2026-09-17T05:38:00+00:00,2026-09-17,05:38:00,1049,1049.9,1048.8,1049.9,12925
2026-09-17T05:39:00+00:00,2026-09-17,05:39:00,1050.3,1051.9,1049.9,1051.3,14031
2026-09-17T05:40:00+00:00,2026-09-17,05:40:00,1050.8,1051.1,1050.2,1050.6,7642
2026-09-17T05:41:00+00:00,2026-09-17,05:41:00,1050.7,1051.3,1050.3,1050.8,7349
2026-09-17T05:42:00+00:00,2026-09-17,05:42:00,1050.8,1051.2,1050.6,1050.7,4400
2026-09-17T05:43:00+00:00,2026-09-17,05:43:00,1051.1,1051.1,1050.1,1050.6,5946
2026-09-17T05:44:00+00:00,2026-09-17,05:44:00,1050.6,1051,1050.3,1050.3,7838
2026-09-17T05:45:00+00:00,2026-09-17,05:45:00,1050.6,1051,1049.5,1049.6,20829
2026-09-17T05:46:00+00:00,2026-09-17,05:46:00,1050.3,1051,1050.2,1051,26603
2026-09-17T05:47:00+00:00,2026-09-17,05:47:00,1051,1051.3,1050.7,1051.3,5305
2026-09-17T05:48:00+00:00,2026-09-17,05:48:00,1051.2,1051.6,1050.8,1051.5,26164
2026-09-17T05:49:00+00:00,2026-09-17,05:49:00,1051.5,1051.8,1051.2,1051.6,7837
2026-09-17T05:50:00+00:00,2026-09-17,05:50:00,1051.7,1052.5,1051.5,1051.9,17859
2026-09-17T05:51:00+00:00,2026-09-17,05:51:00,1052,1052,1051.1,1051.3,7042
2026-09-17T05:52:00+00:00,2026-09-17,05:52:00,1051.2,1051.2,1050.5,1050.9,10948
2026-09-17T05:53:00+00:00,2026-09-17,05:53:00,1050.9,1053.5,1050.6,1053.5,64344
2026-09-17T05:54:00+00:00,2026-09-17,05:54:00,1053.7,1053.7,1052.9,1053.3,6718
2026-09-17T05:55:00+00:00,2026-09-17,05:55:00,1053.3,1053.3,1052.7,1052.7,8931
2026-09-17T05:56:00+00:00,2026-09-17,05:56:00,1053.1,1053.1,1052.7,1053,6957
2026-09-17T05:57:00+00:00,2026-09-17,05:57:00,1053,1053,1052.2,1052.8,4727
2026-09-17T05:58:00+00:00,2026-09-17,05:58:00,1052.8,1052.8,1052.1,1052.3,5810
2026-09-17T05:59:00+00:00,2026-09-17,05:59:00,1052.5,1052.9,1052.3,1052.4,8781
2026-09-17T06:00:00+00:00,2026-09-17,06:00:00,1052.4,1053.5,1052.4,1053.3,11309
2026-09-17T06:01:00+00:00,2026-09-17,06:01:00,1053.4,1054.8,1053.2,1054.8,16956
2026-09-17T06:02:00+00:00,2026-09-17,06:02:00,1054.8,1055.8,1054.2,1055.8,24623
2026-09-17T06:03:00+00:00,2026-09-17,06:03:00,1055.7,1055.8,1053.5,1054,14447
2026-09-17T06:04:00+00:00,2026-09-17,06:04:00,1054.1,1055.4,1053.9,1055,25731
2026-09-17T06:05:00+00:00,2026-09-17,06:05:00,1055.2,1055.2,1053.9,1054.5,20523
2026-09-17T06:06:00+00:00,2026-09-17,06:06:00,1054.5,1054.5,1054,1054.3,7093
2026-09-17T06:07:00+00:00,2026-09-17,06:07:00,1054.3,1054.4,1053.7,1053.8,8444
2026-09-17T06:08:00+00:00,2026-09-17,06:08:00,1054.1,1054.1,1053.3,1053.7,6709
2026-09-17T06:09:00+00:00,2026-09-17,06:09:00,1053.7,1053.7,1052.8,1053.3,6888
2026-09-17T06:10:00+00:00,2026-09-17,06:10:00,1053.3,1053.3,1053,1053.1,5351
2026-09-17T06:11:00+00:00,2026-09-17,06:11:00,1053.3,1053.5,1053.1,1053.5,5279
2026-09-17T06:12:00+00:00,2026-09-17,06:12:00,1053.7,1053.9,1053.5,1053.6,8133
2026-09-17T06:13:00+00:00,2026-09-17,06:13:00,1053.8,1054.4,1053.6,1054.1,9566
2026-09-17T06:14:00+00:00,2026-09-17,06:14:00,1054.1,1054.4,1053.6,1054.2,8598
2026-09-17T06:15:00+00:00,2026-09-17,06:15:00,1054.3,1054.4,1053.2,1053.9,10365
2026-09-17T06:16:00+00:00,2026-09-17,06:16:00,1053.9,1054.1,1053.3,1053.9,10074
2026-09-17T06:17:00+00:00,2026-09-17,06:17:00,1054,1055,1053.6,1054.9,13405
2026-09-17T06:18:00+00:00,2026-09-17,06:18:00,1055,1055.6,1054.6,1055.5,10210
2026-09-17T06:19:00+00:00,2026-09-17,06:19:00,1055.6,1055.7,1055,1055.1,7547
2026-09-17T06:20:00+00:00,2026-09-17,06:20:00,1055.4,1055.4,1054.5,1055,6195
2026-09-17T06:21:00+00:00,2026-09-17,06:21:00,1055.3,1055.5,1055.2,1055.3,7388
2026-09-17T06:22:00+00:00,2026-09-17,06:22:00,1055.5,1055.7,1055.1,1055.5,9027
2026-09-17T06:23:00+00:00,2026-09-17,06:23:00,1055.7,1055.8,1054.8,1055.3,9299
2026-09-17T06:24:00+00:00,2026-09-17,06:24:00,1055.5,1057,1055,1057,38578
2026-09-17T06:25:00+00:00,2026-09-17,06:25:00,1057,1057.1,1056,1056.4,7886
2026-09-17T06:26:00+00:00,2026-09-17,06:26:00,1056.4,1057.3,1056.4,1057.1,51123
2026-09-17T06:27:00+00:00,2026-09-17,06:27:00,1057.2,1057.7,1057,1057.1,10667
2026-09-17T06:28:00+00:00,2026-09-17,06:28:00,1057.3,1057.8,1057,1057.7,8635
2026-09-17T06:29:00+00:00,2026-09-17,06:29:00,1057.7,1058.8,1057.7,1058.3,21876
2026-09-17T06:30:00+00:00,2026-09-17,06:30:00,1058.3,1059.1,1057.6,1057.6,17395
2026-09-17T06:31:00+00:00,2026-09-17,06:31:00,1057.6,1057.6,1057.1,1057.1,7059
2026-09-17T06:32:00+00:00,2026-09-17,06:32:00,1057.3,1057.3,1056.8,1057.2,12104
2026-09-17T06:33:00+00:00,2026-09-17,06:33:00,1057.2,1057.9,1056.5,1056.7,37263
2026-09-17T06:34:00+00:00,2026-09-17,06:34:00,1056.7,1056.7,1055.5,1055.5,40992
2026-09-17T06:35:00+00:00,2026-09-17,06:35:00,1055.9,1055.9,1054.8,1055,97338
2026-09-17T06:36:00+00:00,2026-09-17,06:36:00,1054.8,1056.8,1054.5,1056.8,16385
2026-09-17T06:37:00+00:00,2026-09-17,06:37:00,1057,1057.9,1056.6,1057.3,14295
2026-09-17T06:38:00+00:00,2026-09-17,06:38:00,1057.2,1057.7,1056.7,1057.5,12756
2026-09-17T06:39:00+00:00,2026-09-17,06:39:00,1057.5,1057.5,1056.7,1057.1,14746
2026-09-17T06:40:00+00:00,2026-09-17,06:40:00,1057.1,1057.4,1056.5,1057.2,12304
2026-09-17T06:41:00+00:00,2026-09-17,06:41:00,1057.2,1057.4,1057,1057.1,5944
2026-09-17T06:42:00+00:00,2026-09-17,06:42:00,1057.1,1057.2,1056.5,1056.6,10548
2026-09-17T06:43:00+00:00,2026-09-17,06:43:00,1056.6,1056.6,1055.2,1056.5,80323
2026-09-17T06:44:00+00:00,2026-09-17,06:44:00,1056.5,1057,1056.3,1056.8,25579
2026-09-17T06:45:00+00:00,2026-09-17,06:45:00,1056.9,1056.9,1056.2,1056.6,7113
2026-09-17T06:46:00+00:00,2026-09-17,06:46:00,1056.6,1057,1056,1057,18930
2026-09-17T06:47:00+00:00,2026-09-17,06:47:00,1056.8,1057.3,1056.5,1057.3,7289
2026-09-17T06:48:00+00:00,2026-09-17,06:48:00,1057.3,1058,1057.1,1058,14168
2026-09-17T06:49:00+00:00,2026-09-17,06:49:00,1057.8,1058.6,1057.6,1058.6,9628
2026-09-17T06:50:00+00:00,2026-09-17,06:50:00,1058.5,1058.7,1058.2,1058.3,6570
2026-09-17T06:51:00+00:00,2026-09-17,06:51:00,1058.4,1058.5,1058,1058.4,7825
2026-09-17T06:52:00+00:00,2026-09-17,06:52:00,1058.4,1058.4,1058,1058.1,6536
2026-09-17T06:53:00+00:00,2026-09-17,06:53:00,1058.3,1058.6,1058,1058.2,11209
2026-09-17T06:54:00+00:00,2026-09-17,06:54:00,1058.5,1058.5,1057.6,1058,10386
2026-09-17T06:55:00+00:00,2026-09-17,06:55:00,1058,1058,1057.4,1057.4,9851
2026-09-17T06:56:00+00:00,2026-09-17,06:56:00,1057.4,1057.4,1057,1057.1,47627
2026-09-17T06:57:00+00:00,2026-09-17,06:57:00,1057.1,1057.2,1057,1057,12068
2026-09-17T06:58:00+00:00,2026-09-17,06:58:00,1057.2,1057.4,1057,1057.4,7637
2026-09-17T06:59:00+00:00,2026-09-17,06:59:00,1057,1057.4,1057,1057,7113
2026-09-17T07:00:00+00:00,2026-09-17,07:00:00,1057,1057.9,1056.4,1056.9,19634
2026-09-17T07:01:00+00:00,2026-09-17,07:01:00,1056.9,1056.9,1056.3,1056.7,5828
2026-09-17T07:02:00+00:00,2026-09-17,07:02:00,1056.7,1057.3,1056.4,1057.3,12294
2026-09-17T07:03:00+00:00,2026-09-17,07:03:00,1057.3,1057.4,1057.2,1057.2,6354
2026-09-17T07:04:00+00:00,2026-09-17,07:04:00,1057.4,1057.5,1057.2,1057.5,5176
2026-09-17T07:05:00+00:00,2026-09-17,07:05:00,1057.5,1057.5,1057.2,1057.5,5208
2026-09-17T07:06:00+00:00,2026-09-17,07:06:00,1057.5,1057.6,1057.1,1057.5,9284
2026-09-17T07:07:00+00:00,2026-09-17,07:07:00,1057.6,1057.6,1057.1,1057.3,4860
2026-09-17T07:08:00+00:00,2026-09-17,07:08:00,1057.5,1057.5,1057.1,1057.3,3731
2026-09-17T07:09:00+00:00,2026-09-17,07:09:00,1057.4,1057.4,1057.1,1057.4,4811
2026-09-17T07:10:00+00:00,2026-09-17,07:10:00,1057.4,1057.6,1057,1057.4,6359
2026-09-17T07:11:00+00:00,2026-09-17,07:11:00,1057.4,1057.4,1056.3,1057,5754
2026-09-17T07:12:00+00:00,2026-09-17,07:12:00,1056.9,1057,1056.5,1057,4459
2026-09-17T07:13:00+00:00,2026-09-17,07:13:00,1057,1057,1056.3,1056.6,4734
2026-09-17T07:14:00+00:00,2026-09-17,07:14:00,1056.2,1056.6,1055.7,1056.6,5462
2026-09-17T07:15:00+00:00,2026-09-17,07:15:00,1056.6,1056.6,1056,1056.2,5442
2026-09-17T07:16:00+00:00,2026-09-17,07:16:00,1056.5,1056.5,1055.4,1056.2,6148
2026-09-17T07:17:00+00:00,2026-09-17,07:17:00,1056.2,1056.2,1055.6,1056,5541
2026-09-17T07:18:00+00:00,2026-09-17,07:18:00,1056,1056.1,1055.4,1055.9,6609
2026-09-17T07:19:00+00:00,2026-09-17,07:19:00,1055.9,1056.1,1055.5,1056.1,6319
2026-09-17T07:20:00+00:00,2026-09-17,07:20:00,1056.1,1056.1,1055.3,1055.4,5157
2026-09-17T07:21:00+00:00,2026-09-17,07:21:00,1055.6,1055.8,1055.3,1055.3,12094
2026-09-17T07:22:00+00:00,2026-09-17,07:22:00,1055.6,1055.8,1055.3,1055.8,7110
2026-09-17T07:23:00+00:00,2026-09-17,07:23:00,1055.5,1056.2,1055,1055.1,47408
2026-09-17T07:24:00+00:00,2026-09-17,07:24:00,1055.5,1055.7,1055,1055,18622
2026-09-17T07:25:00+00:00,2026-09-17,07:25:00,1055,1055,1054.2,1054.5,12139
2026-09-17T07:26:00+00:00,2026-09-17,07:26:00,1054.4,1054.4,1053.7,1054,12807
2026-09-17T07:27:00+00:00,2026-09-17,07:27:00,1054,1055,1054,1054.8,16669
2026-09-17T07:28:00+00:00,2026-09-17,07:28:00,1055,1055,1054.5,1054.9,30470
2026-09-17T07:29:00+00:00,2026-09-17,07:29:00,1054.9,1055,1054.3,1054.5,11287
2026-09-17T07:30:00+00:00,2026-09-17,07:30:00,1054.5,1055.3,1054,1054.9,25884
2026-09-17T07:31:00+00:00,2026-09-17,07:31:00,1055.2,1055.2,1054.4,1054.8,37612
2026-09-17T07:32:00+00:00,2026-09-17,07:32:00,1054.8,1054.8,1054.3,1054.6,6474
2026-09-17T07:33:00+00:00,2026-09-17,07:33:00,1054.6,1054.6,1054,1054,10698
2026-09-17T07:34:00+00:00,2026-09-17,07:34:00,1054,1054,1053.5,1053.8,14495
2026-09-17T07:35:00+00:00,2026-09-17,07:35:00,1053.6,1054.5,1053.6,1054,28081
2026-09-17T07:36:00+00:00,2026-09-17,07:36:00,1054,1054.2,1053.6,1054,4642
2026-09-17T07:37:00+00:00,2026-09-17,07:37:00,1054,1054,1053,1053.2,10890
2026-09-17T07:38:00+00:00,2026-09-17,07:38:00,1053.2,1053.2,1052.3,1052.3,16641
2026-09-17T07:39:00+00:00,2026-09-17,07:39:00,1052.6,1053.4,1052.2,1053.2,12948
2026-09-17T07:40:00+00:00,2026-09-17,07:40:00,1053.2,1053.2,1052.6,1053.1,6994
2026-09-17T07:41:00+00:00,2026-09-17,07:41:00,1053.1,1053.1,1052.8,1053,7500
2026-09-17T07:42:00+00:00,2026-09-17,07:42:00,1053,1053,1052.7,1053,7588
2026-09-17T07:43:00+00:00,2026-09-17,07:43:00,1053,1053,1052.5,1052.6,6345
2026-09-17T07:44:00+00:00,2026-09-17,07:44:00,1052.5,1052.6,1052.3,1052.5,9104
2026-09-17T07:45:00+00:00,2026-09-17,07:45:00,1052.5,1053.2,1052.5,1053,15195
2026-09-17T07:46:00+00:00,2026-09-17,07:46:00,1053.1,1053.3,1052.9,1053.2,8594
2026-09-17T07:47:00+00:00,2026-09-17,07:47:00,1053.3,1053.5,1053.1,1053.4,7916
2026-09-17T07:48:00+00:00,2026-09-17,07:48:00,1053.4,1053.6,1053.3,1053.6,4849
2026-09-17T07:49:00+00:00,2026-09-17,07:49:00,1053.6,1053.6,1053.1,1053.5,8747
2026-09-17T07:50:00+00:00,2026-09-17,07:50:00,1053.5,1053.9,1053.1,1053.9,12506
2026-09-17T07:51:00+00:00,2026-09-17,07:51:00,1054,1054.3,1053.8,1054.1,5124
2026-09-17T07:52:00+00:00,2026-09-17,07:52:00,1054.1,1054.5,1053.5,1054.5,14738
2026-09-17T07:53:00+00:00,2026-09-17,07:53:00,1054.5,1054.5,1054,1054,4720
2026-09-17T07:54:00+00:00,2026-09-17,07:54:00,1054.3,1055.1,1054,1055,17359
2026-09-17T07:55:00+00:00,2026-09-17,07:55:00,1055,1055,1054,1054.4,7856
2026-09-17T07:56:00+00:00,2026-09-17,07:56:00,1054.3,1054.4,1053.9,1054.1,6663
2026-09-17T07:57:00+00:00,2026-09-17,07:57:00,1054.1,1054.2,1053.6,1053.9,12281
2026-09-17T07:58:00+00:00,2026-09-17,07:58:00,1053.9,1054.6,1053.1,1053.9,18547
2026-09-17T07:59:00+00:00,2026-09-17,07:59:00,1053.9,1054.3,1053.4,1054.1,10980
2026-09-17T08:00:00+00:00,2026-09-17,08:00:00,1053.7,1054,1053.3,1054,8184
2026-09-17T08:01:00+00:00,2026-09-17,08:01:00,1054,1054.4,1053.9,1054,8996
2026-09-17T08:02:00+00:00,2026-09-17,08:02:00,1054,1054.2,1053.6,1054.2,7166
2026-09-17T08:03:00+00:00,2026-09-17,08:03:00,1054.2,1054.3,1053.6,1053.9,5494
2026-09-17T08:04:00+00:00,2026-09-17,08:04:00,1053.6,1054.2,1053.5,1053.9,13713
2026-09-17T08:05:00+00:00,2026-09-17,08:05:00,1053.9,1053.9,1052.8,1053.3,8600
2026-09-17T08:06:00+00:00,2026-09-17,08:06:00,1053.3,1053.5,1052.8,1052.8,8273
2026-09-17T08:07:00+00:00,2026-09-17,08:07:00,1053,1053.7,1052.6,1053.4,11843
2026-09-17T08:08:00+00:00,2026-09-17,08:08:00,1053.3,1053.4,1053,1053.4,5192
2026-09-17T08:09:00+00:00,2026-09-17,08:09:00,1053.4,1053.9,1053,1053.6,12685
2026-09-17T08:10:00+00:00,2026-09-17,08:10:00,1053.6,1053.7,1053.2,1053.7,5340
2026-09-17T08:11:00+00:00,2026-09-17,08:11:00,1053.7,1053.7,1053,1053.2,5987
2026-09-17T08:12:00+00:00,2026-09-17,08:12:00,1053.2,1053.3,1052.8,1053,6048
2026-09-17T08:13:00+00:00,2026-09-17,08:13:00,1053,1053.3,1052.7,1053.3,7543
2026-09-17T08:14:00+00:00,2026-09-17,08:14:00,1053.3,1053.3,1052.7,1053,5290
2026-09-17T08:15:00+00:00,2026-09-17,08:15:00,1053.1,1053.3,1052.6,1053.3,12496
2026-09-17T08:16:00+00:00,2026-09-17,08:16:00,1053.3,1053.4,1052.9,1052.9,8552
2026-09-17T08:17:00+00:00,2026-09-17,08:17:00,1053.2,1053.5,1052.9,1053.5,6013
2026-09-17T08:18:00+00:00,2026-09-17,08:18:00,1053.5,1053.5,1053,1053.1,6919
2026-09-17T08:19:00+00:00,2026-09-17,08:19:00,1053.3,1053.4,1052.8,1053.4,7054
2026-09-17T08:20:00+00:00,2026-09-17,08:20:00,1053.3,1053.4,1052.8,1053.4,7029
2026-09-17T08:21:00+00:00,2026-09-17,08:21:00,1053.4,1053.4,1052.8,1053.4,5462
2026-09-17T08:22:00+00:00,2026-09-17,08:22:00,1053.4,1053.4,1052.9,1053.2,5940
2026-09-17T08:23:00+00:00,2026-09-17,08:23:00,1053.2,1053.3,1052.8,1053.2,8853
2026-09-17T08:24:00+00:00,2026-09-17,08:24:00,1053.2,1053.7,1052.6,1053.6,10411
2026-09-17T08:25:00+00:00,2026-09-17,08:25:00,1053.6,1053.6,1053.1,1053.6,9869
2026-09-17T08:26:00+00:00,2026-09-17,08:26:00,1053.6,1053.6,1053,1053.1,8400
2026-09-17T08:27:00+00:00,2026-09-17,08:27:00,1053.4,1053.5,1052.9,1053.3,9400
2026-09-17T08:28:00+00:00,2026-09-17,08:28:00,1053.4,1053.5,1053.1,1053.3,6213
2026-09-17T08:29:00+00:00,2026-09-17,08:29:00,1053.5,1053.5,1053,1053.1,5794
2026-09-17T08:30:00+00:00,2026-09-17,08:30:00,1053.1,1053.1,1052.7,1053.1,8535
2026-09-17T08:31:00+00:00,2026-09-17,08:31:00,1053.1,1053.1,1052.6,1053,6120
2026-09-17T08:32:00+00:00,2026-09-17,08:32:00,1053,1053,1052.2,1052.4,32948
2026-09-17T08:33:00+00:00,2026-09-17,08:33:00,1052.4,1053,1052.3,1052.6,11304
2026-09-17T08:34:00+00:00,2026-09-17,08:34:00,1052.9,1053.5,1052.5,1053.5,8327
2026-09-17T08:35:00+00:00,2026-09-17,08:35:00,1053.5,1053.8,1052.9,1053.8,74627
2026-09-17T08:36:00+00:00,2026-09-17,08:36:00,1053.8,1053.9,1053.4,1053.8,40943
2026-09-17T08:37:00+00:00,2026-09-17,08:37:00,1053.8,1054,1053.5,1054,6810
2026-09-17T08:38:00+00:00,2026-09-17,08:38:00,1054,1054,1053.8,1053.9,5557
2026-09-17T08:39:00+00:00,2026-09-17,08:39:00,1053.9,1054.7,1053.7,1054.5,27915
2026-09-17T08:40:00+00:00,2026-09-17,08:40:00,1054.7,1055,1054.3,1055,13210
2026-09-17T08:41:00+00:00,2026-09-17,08:41:00,1055,1055,1053.8,1054,4526
2026-09-17T08:42:00+00:00,2026-09-17,08:42:00,1054.1,1054.4,1053.8,1054.4,8869
2026-09-17T08:43:00+00:00,2026-09-17,08:43:00,1054.4,1054.5,1054.1,1054.4,6496
2026-09-17T08:44:00+00:00,2026-09-17,08:44:00,1054.4,1054.4,1053.8,1054,6491
2026-09-17T08:45:00+00:00,2026-09-17,08:45:00,1054,1054,1053.6,1054,8217
2026-09-17T08:46:00+00:00,2026-09-17,08:46:00,1054,1054,1053.5,1053.9,6658
2026-09-17T08:47:00+00:00,2026-09-17,08:47:00,1053.9,1053.9,1053.5,1053.9,7903
2026-09-17T08:48:00+00:00,2026-09-17,08:48:00,1053.9,1054.9,1053.9,1054.8,17930
2026-09-17T08:49:00+00:00,2026-09-17,08:49:00,1055,1055.4,1054.5,1054.5,16356
2026-09-17T08:50:00+00:00,2026-09-17,08:50:00,1055,1055,1054.7,1054.9,4881
2026-09-17T08:51:00+00:00,2026-09-17,08:51:00,1054.9,1055.4,1054.7,1055.1,14255
2026-09-17T08:52:00+00:00,2026-09-17,08:52:00,1055.3,1055.3,1054.9,1055.2,7132
2026-09-17T08:53:00+00:00,2026-09-17,08:53:00,1055.2,1055.2,1054.7,1055,6505
2026-09-17T08:54:00+00:00,2026-09-17,08:54:00,1055,1055,1054.4,1054.4,8314
2026-09-17T08:55:00+00:00,2026-09-17,08:55:00,1054.5,1054.6,1054,1054.5,8903
2026-09-17T08:56:00+00:00,2026-09-17,08:56:00,1054.5,1054.8,1054.2,1054.5,11575
2026-09-17T08:57:00+00:00,2026-09-17,08:57:00,1054.7,1054.7,1054.1,1054.7,9511
2026-09-17T08:58:00+00:00,2026-09-17,08:58:00,1054.5,1054.7,1053.9,1054.4,15715
2026-09-17T08:59:00+00:00,2026-09-17,08:59:00,1054.7,1055.5,1054.5,1055.4,11164
2026-09-17T09:00:00+00:00,2026-09-17,09:00:00,1055.4,1055.9,1054.7,1055.8,24573
2026-09-17T09:01:00+00:00,2026-09-17,09:01:00,1055.8,1056.3,1055.5,1056.2,14123
2026-09-17T09:02:00+00:00,2026-09-17,09:02:00,1056.2,1056.2,1055.6,1055.9,20878
2026-09-17T09:03:00+00:00,2026-09-17,09:03:00,1055.9,1055.9,1055.6,1055.9,11689
2026-09-17T09:04:00+00:00,2026-09-17,09:04:00,1056,1056.4,1055.4,1056.1,8903
2026-09-17T09:05:00+00:00,2026-09-17,09:05:00,1056.2,1058.8,1055.8,1058.8,20049
2026-09-17T09:06:00+00:00,2026-09-17,09:06:00,1059.6,1061,1058.6,1058.9,75388
2026-09-17T09:07:00+00:00,2026-09-17,09:07:00,1058.9,1061.5,1058.9,1060.8,29902
2026-09-17T09:08:00+00:00,2026-09-17,09:08:00,1060.8,1061.7,1059.6,1061.2,31975
2026-09-17T09:09:00+00:00,2026-09-17,09:09:00,1061.3,1062.8,1061.2,1061.9,60211
2026-09-17T09:10:00+00:00,2026-09-17,09:10:00,1062,1062,1059.8,1059.9,31179
2026-09-17T09:11:00+00:00,2026-09-17,09:11:00,1059.9,1060.4,1059,1059,21178
2026-09-17T09:12:00+00:00,2026-09-17,09:12:00,1059.3,1059.3,1058.4,1058.7,16392
2026-09-17T09:13:00+00:00,2026-09-17,09:13:00,1059,1059.8,1058.6,1059.8,7660
2026-09-17T09:14:00+00:00,2026-09-17,09:14:00,1059.8,1059.8,1058.5,1058.7,23103
2026-09-17T09:15:00+00:00,2026-09-17,09:15:00,1058.7,1060,1058.6,1059.6,14567
2026-09-17T09:16:00+00:00,2026-09-17,09:16:00,1059.6,1059.9,1059,1059.9,15278
2026-09-17T09:17:00+00:00,2026-09-17,09:17:00,1060,1060.6,1059.5,1059.7,20536
2026-09-17T09:18:00+00:00,2026-09-17,09:18:00,1059.8,1062.5,1059.6,1061.8,30843
2026-09-17T09:19:00+00:00,2026-09-17,09:19:00,1062,1063.5,1061.6,1062.2,22181
2026-09-17T09:20:00+00:00,2026-09-17,09:20:00,1061.3,1061.7,1060.2,1060.7,36170
2026-09-17T09:21:00+00:00,2026-09-17,09:21:00,1060.7,1061.3,1059.5,1060.7,42630
2026-09-17T09:22:00+00:00,2026-09-17,09:22:00,1060.8,1061,1060.5,1060.5,23599
2026-09-17T09:23:00+00:00,2026-09-17,09:23:00,1060.5,1060.5,1059.2,1059.6,14063
2026-09-17T09:24:00+00:00,2026-09-17,09:24:00,1059.6,1059.6,1058.7,1058.7,21648
2026-09-17T09:25:00+00:00,2026-09-17,09:25:00,1058.8,1059.6,1058.4,1059,22286
2026-09-17T09:26:00+00:00,2026-09-17,09:26:00,1059,1059,1058.5,1059,12285
2026-09-17T09:27:00+00:00,2026-09-17,09:27:00,1059,1059,1058.2,1058.7,35443
2026-09-17T09:28:00+00:00,2026-09-17,09:28:00,1058.7,1059.7,1058.5,1059.5,15550
2026-09-17T09:29:00+00:00,2026-09-17,09:29:00,1059.3,1059.4,1058.6,1058.9,13221
2026-09-17T09:30:00+00:00,2026-09-17,09:30:00,1058.7,1059.1,1058.2,1059,20354
2026-09-17T09:31:00+00:00,2026-09-17,09:31:00,1059.1,1059.2,1058.6,1058.7,14322
2026-09-17T09:32:00+00:00,2026-09-17,09:32:00,1058.7,1058.7,1058.3,1058.6,14360
2026-09-17T09:33:00+00:00,2026-09-17,09:33:00,1058.6,1059,1058.5,1058.9,20922
2026-09-17T09:34:00+00:00,2026-09-17,09:34:00,1058.9,1059.5,1058.4,1058.8,28784
2026-09-17T09:35:00+00:00,2026-09-17,09:35:00,1058.8,1059.1,1058.5,1059.1,29896
2026-09-17T09:36:00+00:00,2026-09-17,09:36:00,1059.1,1059.9,1059,1059.8,39704
2026-09-17T09:37:00+00:00,2026-09-17,09:37:00,1059.6,1059.8,1058.7,1058.8,29048
2026-09-17T09:38:00+00:00,2026-09-17,09:38:00,1058.6,1058.8,1058.3,1058.6,27739
2026-09-17T09:39:00+00:00,2026-09-17,09:39:00,1058.6,1059.2,1058.3,1058.5,33145
2026-09-17T09:40:00+00:00,2026-09-17,09:40:00,1058.3,1059,1058.1,1059,41867
2026-09-17T09:41:00+00:00,2026-09-17,09:41:00,1059,1059.2,1058.7,1059,31126
2026-09-17T09:42:00+00:00,2026-09-17,09:42:00,1059.1,1060,1059,1059.7,36120
2026-09-17T09:43:00+00:00,2026-09-17,09:43:00,1060.6,1060.6,1058.7,1058.7,17549
2026-09-17T09:44:00+00:00,2026-09-17,09:44:00,1058.5,1060,1058,1058.6,11919
2026-09-17T09:45:00+00:00,2026-09-17,09:45:00,1058.5,1060,1058,1058.6,11919
2026-09-17T09:46:00+00:00,2026-09-17,09:46:00,1058.5,1060,1058,1058.6,11919
2026-09-17T09:47:00+00:00,2026-09-17,09:47:00,1058.5,1060,1058,1058.6,11919
2026-09-17T09:48:00+00:00,2026-09-17,09:48:00,1058.5,1060,1058,1058.6,11919
2026-09-17T09:49:00+00:00,2026-09-17,09:49:00,1058.5,1060,1058,1058.6,11919
2026-09-17T09:50:00+00:00,2026-09-17,09:50:00,1058.5,1060,1058,1058.6,11919
2026-09-17T09:51:00+00:00,2026-09-17,09:51:00,1058.5,1060,1058,1058.6,11919
2026-09-17T09:52:00+00:00,2026-09-17,09:52:00,1058.5,1060,1058,1058.6,11919
2026-09-17T09:53:00+00:00,2026-09-17,09:53:00,1058.5,1060,1058,1058.6,11919
2026-09-17T09:54:00+00:00,2026-09-17,09:54:00,1058.5,1060,1058,1058.6,11919
2026-09-17T09:55:00+00:00,2026-09-17,09:55:00,1058.5,1060,1058,1058.6,11919
2026-09-17T09:56:00+00:00,2026-09-17,09:56:00,1058.5,1060,1058,1058.6,11919
2026-09-17T09:57:00+00:00,2026-09-17,09:57:00,1058.5,1060,1058,1058.6,11919
2026-09-17T09:58:00+00:00,2026-09-17,09:58:00,1058.6,1058.6,1058.6,1058.6,0
2026-09-17T09:59:00+00:00,2026-09-17,09:59:00,1058.6,1058.6,1058.6,1058.6,0
2026-09-17T10:00:00+00:00,2026-09-17,10:00:00,1058.6,1058.6,1058.6,1058.6,0
2026-09-18T03:45:00+00:00,2026-09-18,03:45:00,1061.4,1061.9,1040.6,1044,273984
2026-09-18T03:46:00+00:00,2026-09-18,03:46:00,1044.3,1044.3,1040.2,1042.4,138159
2026-09-18T03:47:00+00:00,2026-09-18,03:47:00,1041.7,1043,1040,1043,96565
2026-09-18T03:48:00+00:00,2026-09-18,03:48:00,1043.1,1044.5,1040.8,1042.8,79141
2026-09-18T03:49:00+00:00,2026-09-18,03:49:00,1042.7,1043.4,1040.8,1043.3,36428
2026-09-18T03:50:00+00:00,2026-09-18,03:50:00,1043.5,1044.9,1043,1044.6,71992
2026-09-18T03:51:00+00:00,2026-09-18,03:51:00,1044.5,1045.9,1044.4,1045.8,42051
2026-09-18T03:52:00+00:00,2026-09-18,03:52:00,1045.4,1046.2,1044.2,1045.8,43458
2026-09-18T03:53:00+00:00,2026-09-18,03:53:00,1045.9,1046.7,1045.8,1046.4,43093
2026-09-18T03:54:00+00:00,2026-09-18,03:54:00,1046.7,1047.9,1046.3,1047.5,17411
2026-09-18T03:55:00+00:00,2026-09-18,03:55:00,1047.5,1048.1,1047.4,1047.4,20757
2026-09-18T03:56:00+00:00,2026-09-18,03:56:00,1047.5,1047.7,1047,1047.4,21606
2026-09-18T03:57:00+00:00,2026-09-18,03:57:00,1047.4,1047.7,1046.7,1047,19720
2026-09-18T03:58:00+00:00,2026-09-18,03:58:00,1047,1047.2,1044.6,1045.3,42342
2026-09-18T03:59:00+00:00,2026-09-18,03:59:00,1045.3,1047.6,1045.3,1047.2,21667
2026-09-18T04:00:00+00:00,2026-09-18,04:00:00,1047.3,1048.4,1047,1048.2,19763
2026-09-18T04:01:00+00:00,2026-09-18,04:01:00,1047.9,1048.3,1047,1047.3,14674
2026-09-18T04:02:00+00:00,2026-09-18,04:02:00,1047.1,1047.8,1046.4,1047.2,17085
2026-09-18T04:03:00+00:00,2026-09-18,04:03:00,1047.8,1048.4,1047.5,1047.5,14881
2026-09-18T04:04:00+00:00,2026-09-18,04:04:00,1047.8,1048.4,1047.5,1047.5,14881
2026-09-18T04:05:00+00:00,2026-09-18,04:05:00,1047.4,1048,1047.1,1048,7931
2026-09-18T04:06:00+00:00,2026-09-18,04:06:00,1047.8,1049.9,1047.7,1049.5,19941
2026-09-18T04:07:00+00:00,2026-09-18,04:07:00,1049.8,1049.8,1046.5,1047.3,28517
2026-09-18T04:08:00+00:00,2026-09-18,04:08:00,1047.3,1047.3,1045.2,1045.7,37735
2026-09-18T04:09:00+00:00,2026-09-18,04:09:00,1045.7,1045.8,1043.7,1044.1,33207
2026-09-18T04:10:00+00:00,2026-09-18,04:10:00,1043.8,1044.3,1043.4,1044,20981
2026-09-18T04:11:00+00:00,2026-09-18,04:11:00,1043.9,1044,1042.8,1043.4,24719
2026-09-18T04:12:00+00:00,2026-09-18,04:12:00,1043.4,1045.4,1042.9,1044,14953
2026-09-18T04:13:00+00:00,2026-09-18,04:13:00,1043.9,1044.5,1043.1,1043.4,17171
2026-09-18T04:14:00+00:00,2026-09-18,04:14:00,1043.4,1043.5,1041.3,1042.4,35051
2026-09-18T04:15:00+00:00,2026-09-18,04:15:00,1042.4,1042.8,1042.1,1042.8,27060
2026-09-18T04:16:00+00:00,2026-09-18,04:16:00,1042.8,1043.4,1042.1,1042.1,17631
2026-09-18T04:17:00+00:00,2026-09-18,04:17:00,1042.4,1042.4,1041.1,1041.9,30380
2026-09-18T04:18:00+00:00,2026-09-18,04:18:00,1042,1042.4,1040.9,1041.1,25564
2026-09-18T04:19:00+00:00,2026-09-18,04:19:00,1041.3,1041.8,1041,1041.7,14597
2026-09-18T04:20:00+00:00,2026-09-18,04:20:00,1041.7,1042.2,1041.2,1042,9106
2026-09-18T04:21:00+00:00,2026-09-18,04:21:00,1042.1,1043.4,1041.7,1043,23332
2026-09-18T04:22:00+00:00,2026-09-18,04:22:00,1043,1044.6,1042.6,1044.6,27048
2026-09-18T04:23:00+00:00,2026-09-18,04:23:00,1044.6,1044.6,1042.8,1043.8,13676
2026-09-18T04:24:00+00:00,2026-09-18,04:24:00,1043.8,1044.9,1043,1044.4,37817
2026-09-18T04:25:00+00:00,2026-09-18,04:25:00,1044.8,1045.8,1044.6,1044.9,25288
2026-09-18T04:26:00+00:00,2026-09-18,04:26:00,1044.7,1045.7,1044.4,1045.7,24705
2026-09-18T04:27:00+00:00,2026-09-18,04:27:00,1045.6,1046.4,1045.3,1045.5,13049
2026-09-18T04:28:00+00:00,2026-09-18,04:28:00,1045.5,1045.7,1044.9,1044.9,12913
2026-09-18T04:29:00+00:00,2026-09-18,04:29:00,1045.1,1045.4,1044.6,1044.6,10473
2026-09-18T04:30:00+00:00,2026-09-18,04:30:00,1045.1,1046.4,1045.1,1046.2,13042
2026-09-18T04:31:00+00:00,2026-09-18,04:31:00,1046.2,1047,1046.1,1047,9905
2026-09-18T04:32:00+00:00,2026-09-18,04:32:00,1047,1047.3,1046.6,1046.7,19999
2026-09-18T04:33:00+00:00,2026-09-18,04:33:00,1046.7,1046.7,1045.5,1045.7,8610
2026-09-18T04:34:00+00:00,2026-09-18,04:34:00,1045.5,1047,1045.1,1046.9,11858
2026-09-18T04:35:00+00:00,2026-09-18,04:35:00,1046.9,1047.5,1046.6,1047.4,11349
2026-09-18T04:36:00+00:00,2026-09-18,04:36:00,1047.4,1047.4,1046.7,1047,5916
2026-09-18T04:37:00+00:00,2026-09-18,04:37:00,1047,1048,1046.7,1048,16712
2026-09-18T04:38:00+00:00,2026-09-18,04:38:00,1047.8,1048.4,1047.8,1048.3,29298
2026-09-18T04:39:00+00:00,2026-09-18,04:39:00,1048,1048.4,1047,1047.9,13361
2026-09-18T04:40:00+00:00,2026-09-18,04:40:00,1047.9,1047.9,1046.7,1047.3,11203
2026-09-18T04:41:00+00:00,2026-09-18,04:41:00,1047.4,1047.4,1046.8,1047,5711
2026-09-18T04:42:00+00:00,2026-09-18,04:42:00,1047,1047.4,1046.8,1047.4,8517
2026-09-18T04:43:00+00:00,2026-09-18,04:43:00,1047.4,1048,1046.9,1047.7,9580
2026-09-18T04:44:00+00:00,2026-09-18,04:44:00,1047.7,1048.6,1047.7,1048.1,12921
2026-09-18T04:45:00+00:00,2026-09-18,04:45:00,1048.1,1048.1,1047.2,1047.5,5209
2026-09-18T04:46:00+00:00,2026-09-18,04:46:00,1047.5,1048,1047.3,1047.8,6137
2026-09-18T04:47:00+00:00,2026-09-18,04:47:00,1047.8,1048.2,1047.6,1047.7,10626
2026-09-18T04:48:00+00:00,2026-09-18,04:48:00,1047.6,1048,1047.5,1047.5,6698
2026-09-18T04:49:00+00:00,2026-09-18,04:49:00,1047.3,1047.5,1046.4,1047.1,8251
2026-09-18T04:50:00+00:00,2026-09-18,04:50:00,1047.1,1047.5,1047,1047.5,5360
2026-09-18T04:51:00+00:00,2026-09-18,04:51:00,1047.4,1047.8,1047.4,1047.8,3437
2026-09-18T04:52:00+00:00,2026-09-18,04:52:00,1047.7,1048,1047.6,1048,8380
2026-09-18T04:53:00+00:00,2026-09-18,04:53:00,1047.9,1048,1047.2,1047.8,54547
2026-09-18T04:54:00+00:00,2026-09-18,04:54:00,1047.5,1047.7,1047,1047.2,24437
2026-09-18T04:55:00+00:00,2026-09-18,04:55:00,1047.2,1047.4,1046,1046,18817
2026-09-18T04:56:00+00:00,2026-09-18,04:56:00,1046,1047.3,1046,1047,9391
2026-09-18T04:57:00+00:00,2026-09-18,04:57:00,1047.1,1047.1,1047,1047,2659
2026-09-18T04:58:00+00:00,2026-09-18,04:58:00,1047.1,1047.1,1047,1047.1,6137
2026-09-18T04:59:00+00:00,2026-09-18,04:59:00,1047.1,1047.3,1046.9,1047.1,6875
2026-09-18T05:00:00+00:00,2026-09-18,05:00:00,1047.2,1048,1046.3,1046.3,40515
2026-09-18T05:01:00+00:00,2026-09-18,05:01:00,1046.1,1047.4,1046.1,1046.5,493871
2026-09-18T05:02:00+00:00,2026-09-18,05:02:00,1046.5,1046.5,1046,1046.3,10028
2026-09-18T05:03:00+00:00,2026-09-18,05:03:00,1046.5,1046.9,1046.4,1046.8,8873
2026-09-18T05:04:00+00:00,2026-09-18,05:04:00,1046.7,1047.2,1046.7,1046.8,8324
2026-09-18T05:05:00+00:00,2026-09-18,05:05:00,1046.8,1046.9,1046.7,1046.8,3473
2026-09-18T05:06:00+00:00,2026-09-18,05:06:00,1046.8,1046.8,1046.7,1046.8,3156
2026-09-18T05:07:00+00:00,2026-09-18,05:07:00,1046.8,1048,1046.7,1048,17044
2026-09-18T05:08:00+00:00,2026-09-18,05:08:00,1048,1048.2,1046.8,1047.6,21293
2026-09-18T05:09:00+00:00,2026-09-18,05:09:00,1047.5,1051.1,1047.5,1049.4,79534
2026-09-18T05:10:00+00:00,2026-09-18,05:10:00,1049.4,1049.4,1049,1049.3,5071
2026-09-18T05:11:00+00:00,2026-09-18,05:11:00,1049.3,1049.3,1048.5,1049.2,11488
2026-09-18T05:12:00+00:00,2026-09-18,05:12:00,1049,1050,1049,1050,16678
2026-09-18T05:13:00+00:00,2026-09-18,05:13:00,1050,1050,1049.9,1050,20069
2026-09-18T05:14:00+00:00,2026-09-18,05:14:00,1050,1051.9,1049.8,1051.9,39054
2026-09-18T05:15:00+00:00,2026-09-18,05:15:00,1051.9,1052,1050.6,1051.3,13750
2026-09-18T05:16:00+00:00,2026-09-18,05:16:00,1051,1051.3,1051,1051.1,9511
2026-09-18T05:17:00+00:00,2026-09-18,05:17:00,1051.3,1051.5,1050,1051.4,26566
2026-09-18T05:18:00+00:00,2026-09-18,05:18:00,1051.4,1051.4,1050.9,1051.4,9852
2026-09-18T05:19:00+00:00,2026-09-18,05:19:00,1051.4,1051.4,1050.9,1051,6741
2026-09-18T05:20:00+00:00,2026-09-18,05:20:00,1051,1051.2,1051,1051.2,4962
2026-09-18T05:21:00+00:00,2026-09-18,05:21:00,1051.2,1051.2,1050.9,1051,7671
2026-09-18T05:22:00+00:00,2026-09-18,05:22:00,1051.1,1051.1,1049.4,1049.8,29192
2026-09-18T05:23:00+00:00,2026-09-18,05:23:00,1049.8,1049.8,1049.5,1049.6,7405
2026-09-18T05:24:00+00:00,2026-09-18,05:24:00,1049.6,1049.7,1049.2,1049.5,7149
2026-09-18T05:25:00+00:00,2026-09-18,05:25:00,1049.7,1049.7,1049.3,1049.4,3751
2026-09-18T05:26:00+00:00,2026-09-18,05:26:00,1049.4,1049.4,1049.1,1049.2,9668
2026-09-18T05:27:00+00:00,2026-09-18,05:27:00,1049.2,1049.7,1049.2,1049.7,6710
2026-09-18T05:28:00+00:00,2026-09-18,05:28:00,1049.7,1049.7,1049.5,1049.5,9286
2026-09-18T05:29:00+00:00,2026-09-18,05:29:00,1049.6,1049.6,1049,1049,11402
2026-09-18T05:30:00+00:00,2026-09-18,05:30:00,1049.1,1049.3,1049,1049,4445
2026-09-18T05:31:00+00:00,2026-09-18,05:31:00,1049.1,1049.1,1048.2,1048.4,15541
2026-09-18T05:32:00+00:00,2026-09-18,05:32:00,1048.4,1048.4,1047.5,1047.5,18249
2026-09-18T05:33:00+00:00,2026-09-18,05:33:00,1047.8,1048.3,1047.5,1048,8318
2026-09-18T05:34:00+00:00,2026-09-18,05:34:00,1048,1048.8,1048,1048,8050
2026-09-18T05:35:00+00:00,2026-09-18,05:35:00,1047.9,1048,1046.4,1046.4,20480
2026-09-18T05:36:00+00:00,2026-09-18,05:36:00,1046.4,1047,1045.3,1047,28593
2026-09-18T05:37:00+00:00,2026-09-18,05:37:00,1047,1047.3,1046.7,1047.3,7098
2026-09-18T05:38:00+00:00,2026-09-18,05:38:00,1047.3,1047.5,1047,1047.2,2830
2026-09-18T05:39:00+00:00,2026-09-18,05:39:00,1047.2,1047.2,1046.8,1046.8,3758
2026-09-18T05:40:00+00:00,2026-09-18,05:40:00,1046.8,1047,1046.1,1046.4,6371
2026-09-18T05:41:00+00:00,2026-09-18,05:41:00,1046.4,1046.8,1046.3,1046.8,6983
2026-09-18T05:42:00+00:00,2026-09-18,05:42:00,1047,1047,1046.7,1046.8,3699
2026-09-18T05:43:00+00:00,2026-09-18,05:43:00,1046.7,1047.3,1046.1,1047.1,11539
2026-09-18T05:44:00+00:00,2026-09-18,05:44:00,1047.1,1047.1,1046.7,1046.7,3986
2026-09-18T05:45:00+00:00,2026-09-18,05:45:00,1046.7,1046.8,1046.1,1046.2,4251
2026-09-18T05:46:00+00:00,2026-09-18,05:46:00,1046.1,1046.9,1046,1046.8,12575
2026-09-18T05:47:00+00:00,2026-09-18,05:47:00,1046.5,1046.8,1046.1,1046.1,5751
2026-09-18T05:48:00+00:00,2026-09-18,05:48:00,1046.4,1046.4,1045,1045.1,67673
2026-09-18T05:49:00+00:00,2026-09-18,05:49:00,1045.3,1045.4,1044.7,1045.3,14078
2026-09-18T05:50:00+00:00,2026-09-18,05:50:00,1045,1046.3,1045,1045.4,5786
2026-09-18T05:51:00+00:00,2026-09-18,05:51:00,1045.8,1045.9,1045.4,1045.7,5225
2026-09-18T05:52:00+00:00,2026-09-18,05:52:00,1045.9,1046.2,1045.7,1045.8,9497
2026-09-18T05:53:00+00:00,2026-09-18,05:53:00,1046,1046,1045.6,1045.7,4376
2026-09-18T05:54:00+00:00,2026-09-18,05:54:00,1045.7,1045.7,1045.2,1045.7,4895
2026-09-18T05:55:00+00:00,2026-09-18,05:55:00,1045.5,1045.7,1045.2,1045.3,3257
2026-09-18T05:56:00+00:00,2026-09-18,05:56:00,1045.4,1045.4,1045,1045,10292
2026-09-18T05:57:00+00:00,2026-09-18,05:57:00,1045.1,1046.6,1045,1046.5,71554
2026-09-18T05:58:00+00:00,2026-09-18,05:58:00,1046.5,1046.5,1045.5,1045.8,5574
2026-09-18T05:59:00+00:00,2026-09-18,05:59:00,1045.9,1045.9,1045.5,1045.5,4265
2026-09-18T06:00:00+00:00,2026-09-18,06:00:00,1045.8,1046.5,1045.7,1046.3,7389
2026-09-18T06:01:00+00:00,2026-09-18,06:01:00,1046,1046.3,1045.4,1045.9,28857
2026-09-18T06:02:00+00:00,2026-09-18,06:02:00,1045.9,1045.9,1045.7,1045.8,3192
2026-09-18T06:03:00+00:00,2026-09-18,06:03:00,1045.7,1045.7,1045.4,1045.5,5796
2026-09-18T06:04:00+00:00,2026-09-18,06:04:00,1045.5,1046.5,1045.1,1045.8,7666
2026-09-18T06:05:00+00:00,2026-09-18,06:05:00,1046.1,1046.1,1045.5,1045.7,3652
2026-09-18T06:06:00+00:00,2026-09-18,06:06:00,1045.5,1046.2,1045.4,1045.7,7096
2026-09-18T06:07:00+00:00,2026-09-18,06:07:00,1045.7,1046.1,1045.5,1045.7,4948
2026-09-18T06:08:00+00:00,2026-09-18,06:08:00,1046,1046,1045.4,1045.5,6912
2026-09-18T06:09:00+00:00,2026-09-18,06:09:00,1045.5,1045.9,1045.5,1045.7,5855
2026-09-18T06:10:00+00:00,2026-09-18,06:10:00,1045.6,1045.9,1045.4,1045.5,4369
2026-09-18T06:11:00+00:00,2026-09-18,06:11:00,1045.6,1045.9,1045.5,1045.5,2167
2026-09-18T06:12:00+00:00,2026-09-18,06:12:00,1045.5,1046.3,1045.5,1046.2,7122
2026-09-18T06:13:00+00:00,2026-09-18,06:13:00,1046.2,1046.3,1045.6,1045.7,3728
2026-09-18T06:14:00+00:00,2026-09-18,06:14:00,1045.5,1045.9,1045.4,1045.8,6525
2026-09-18T06:15:00+00:00,2026-09-18,06:15:00,1045.8,1046.4,1045.8,1045.9,9908
2026-09-18T06:16:00+00:00,2026-09-18,06:16:00,1046.1,1046.1,1045.7,1045.8,5805
2026-09-18T06:17:00+00:00,2026-09-18,06:17:00,1045.7,1045.8,1045.4,1045.4,5046
2026-09-18T06:18:00+00:00,2026-09-18,06:18:00,1045.5,1045.5,1045.2,1045.4,7314
2026-09-18T06:19:00+00:00,2026-09-18,06:19:00,1045.4,1046.1,1045.3,1045.7,88221
2026-09-18T06:20:00+00:00,2026-09-18,06:20:00,1045.8,1045.8,1045.7,1045.7,2746
2026-09-18T06:21:00+00:00,2026-09-18,06:21:00,1045.8,1045.8,1044.3,1044.5,29542
2026-09-18T06:22:00+00:00,2026-09-18,06:22:00,1044.6,1045.3,1044.6,1044.9,6082
2026-09-18T06:23:00+00:00,2026-09-18,06:23:00,1045.2,1045.4,1044.9,1044.9,13046
2026-09-18T06:24:00+00:00,2026-09-18,06:24:00,1045.2,1045.2,1044.8,1044.8,8019
2026-09-18T06:25:00+00:00,2026-09-18,06:25:00,1045.1,1045.1,1044,1044.1,24729
2026-09-18T06:26:00+00:00,2026-09-18,06:26:00,1044,1044.1,1044,1044.1,7720
2026-09-18T06:27:00+00:00,2026-09-18,06:27:00,1044.1,1044.6,1044,1044.5,90287
2026-09-18T06:28:00+00:00,2026-09-18,06:28:00,1044.5,1044.5,1043.8,1044,15914
2026-09-18T06:29:00+00:00,2026-09-18,06:29:00,1044.1,1044.2,1043.3,1043.3,9323
2026-09-18T06:30:00+00:00,2026-09-18,06:30:00,1043.4,1043.7,1043.3,1043.3,5739
2026-09-18T06:31:00+00:00,2026-09-18,06:31:00,1043.3,1043.7,1042.6,1042.6,21869
2026-09-18T06:32:00+00:00,2026-09-18,06:32:00,1042.5,1043.2,1042.5,1042.9,7658
2026-09-18T06:33:00+00:00,2026-09-18,06:33:00,1043,1043,1042.9,1043,3887
2026-09-18T06:34:00+00:00,2026-09-18,06:34:00,1043,1043,1042.5,1042.5,109214
2026-09-18T06:35:00+00:00,2026-09-18,06:35:00,1042.6,1042.6,1042.5,1042.6,7365
2026-09-18T06:36:00+00:00,2026-09-18,06:36:00,1042.6,1044.1,1042.1,1043.5,71999
2026-09-18T06:37:00+00:00,2026-09-18,06:37:00,1043.5,1043.9,1042.5,1042.5,39937
2026-09-18T06:38:00+00:00,2026-09-18,06:38:00,1042.7,1043.1,1042.6,1043,6877
2026-09-18T06:39:00+00:00,2026-09-18,06:39:00,1043,1044,1043,1043.4,10065
2026-09-18T06:40:00+00:00,2026-09-18,06:40:00,1043.3,1043.6,1042.8,1043,17921
2026-09-18T06:41:00+00:00,2026-09-18,06:41:00,1043.1,1043.7,1043,1043.6,8548
2026-09-18T06:42:00+00:00,2026-09-18,06:42:00,1043.7,1044.6,1043.6,1044,12090
2026-09-18T06:43:00+00:00,2026-09-18,06:43:00,1044.4,1044.4,1043.9,1043.9,12068
2026-09-18T06:44:00+00:00,2026-09-18,06:44:00,1044.1,1044.1,1043.9,1043.9,2754
2026-09-18T06:45:00+00:00,2026-09-18,06:45:00,1044,1044.5,1043.8,1044.3,5044
2026-09-18T06:46:00+00:00,2026-09-18,06:46:00,1044.3,1044.4,1043.9,1044.1,5203
2026-09-18T06:47:00+00:00,2026-09-18,06:47:00,1044,1044.4,1044,1044.3,4882
2026-09-18T06:48:00+00:00,2026-09-18,06:48:00,1044.2,1044.4,1043.2,1043.3,7592
2026-09-18T06:49:00+00:00,2026-09-18,06:49:00,1043.5,1043.5,1042.7,1043.1,9139
2026-09-18T06:50:00+00:00,2026-09-18,06:50:00,1043.2,1043.2,1042.6,1042.9,9664
2026-09-18T06:51:00+00:00,2026-09-18,06:51:00,1042.9,1043.9,1042.9,1043.5,5368
2026-09-18T06:52:00+00:00,2026-09-18,06:52:00,1043.5,1044,1043.5,1043.8,3893
2026-09-18T06:53:00+00:00,2026-09-18,06:53:00,1043.9,1043.9,1043.8,1043.8,9053
2026-09-18T06:54:00+00:00,2026-09-18,06:54:00,1043.9,1043.9,1043,1043.1,9485
2026-09-18T06:55:00+00:00,2026-09-18,06:55:00,1043.1,1043.2,1042.9,1042.9,10075
2026-09-18T06:56:00+00:00,2026-09-18,06:56:00,1042.9,1043,1042.9,1043,52906
2026-09-18T06:57:00+00:00,2026-09-18,06:57:00,1043,1043.9,1042.9,1043.6,19150
2026-09-18T06:58:00+00:00,2026-09-18,06:58:00,1043.9,1044.4,1043.6,1044.2,11250
2026-09-18T06:59:00+00:00,2026-09-18,06:59:00,1044.2,1044.5,1044.1,1044.3,8674
2026-09-18T07:00:00+00:00,2026-09-18,07:00:00,1044.4,1044.4,1044,1044,9090
2026-09-18T07:01:00+00:00,2026-09-18,07:01:00,1044,1044.1,1043.9,1043.9,3823
2026-09-18T07:02:00+00:00,2026-09-18,07:02:00,1044,1044,1043.5,1043.8,4629
2026-09-18T07:03:00+00:00,2026-09-18,07:03:00,1043.8,1044.3,1043.8,1044.1,2153
2026-09-18T07:04:00+00:00,2026-09-18,07:04:00,1044.3,1044.8,1044.2,1044.2,8310
2026-09-18T07:05:00+00:00,2026-09-18,07:05:00,1044.4,1044.5,1044.2,1044.5,4446
2026-09-18T07:06:00+00:00,2026-09-18,07:06:00,1044.2,1044.6,1044.2,1044.5,4574
2026-09-18T07:07:00+00:00,2026-09-18,07:07:00,1044.6,1044.9,1044.5,1044.8,9460
2026-09-18T07:08:00+00:00,2026-09-18,07:08:00,1044.9,1045.1,1044.5,1044.5,9289
2026-09-18T07:09:00+00:00,2026-09-18,07:09:00,1044.8,1044.8,1044.1,1044.4,5479
2026-09-18T07:10:00+00:00,2026-09-18,07:10:00,1044.4,1044.5,1044.3,1044.3,2962
2026-09-18T07:11:00+00:00,2026-09-18,07:11:00,1044.4,1044.6,1044.3,1044.5,5563
2026-09-18T07:12:00+00:00,2026-09-18,07:12:00,1044.6,1045,1044.6,1045,4311
2026-09-18T07:13:00+00:00,2026-09-18,07:13:00,1045,1045.3,1044.9,1045,4649
2026-09-18T07:14:00+00:00,2026-09-18,07:14:00,1045.1,1045.3,1044.4,1044.4,16097
2026-09-18T07:15:00+00:00,2026-09-18,07:15:00,1044.4,1044.5,1044,1044.2,3005
2026-09-18T07:16:00+00:00,2026-09-18,07:16:00,1044.2,1044.3,1044,1044.3,3164
2026-09-18T07:17:00+00:00,2026-09-18,07:17:00,1044.2,1044.5,1044,1044.3,6394
2026-09-18T07:18:00+00:00,2026-09-18,07:18:00,1044.5,1045.1,1044.3,1044.6,6457
2026-09-18T07:19:00+00:00,2026-09-18,07:19:00,1044.6,1044.7,1044.4,1044.4,4596
2026-09-18T07:20:00+00:00,2026-09-18,07:20:00,1044.5,1044.5,1044,1044,19987
2026-09-18T07:21:00+00:00,2026-09-18,07:21:00,1043.5,1043.8,1043.4,1043.5,6156
2026-09-18T07:22:00+00:00,2026-09-18,07:22:00,1043.5,1043.5,1043.3,1043.4,5258
2026-09-18T07:23:00+00:00,2026-09-18,07:23:00,1043.5,1043.5,1043.4,1043.4,8975
2026-09-18T07:24:00+00:00,2026-09-18,07:24:00,1043.5,1043.5,1043,1043.4,13954
2026-09-18T07:25:00+00:00,2026-09-18,07:25:00,1043.5,1043.5,1043.4,1043.5,3508
2026-09-18T07:26:00+00:00,2026-09-18,07:26:00,1043.5,1044,1043.2,1044,59197
2026-09-18T07:27:00+00:00,2026-09-18,07:27:00,1044.2,1044.2,1044,1044,4640
2026-09-18T07:28:00+00:00,2026-09-18,07:28:00,1044.1,1044.5,1044,1044.2,6004
2026-09-18T07:29:00+00:00,2026-09-18,07:29:00,1044.3,1044.3,1043.6,1043.6,9012
2026-09-18T07:30:00+00:00,2026-09-18,07:30:00,1043.7,1043.7,1043.2,1043.3,22542
2026-09-18T07:31:00+00:00,2026-09-18,07:31:00,1043.4,1044.1,1043.4,1043.5,64930
2026-09-18T07:32:00+00:00,2026-09-18,07:32:00,1043.5,1043.9,1043.4,1043.6,3821
2026-09-18T07:33:00+00:00,2026-09-18,07:33:00,1043.6,1044,1043.6,1043.7,4670
2026-09-18T07:34:00+00:00,2026-09-18,07:34:00,1044,1044,1043.7,1043.7,6710
2026-09-18T07:35:00+00:00,2026-09-18,07:35:00,1043.9,1043.9,1043.5,1043.5,4569
2026-09-18T07:36:00+00:00,2026-09-18,07:36:00,1043.7,1043.7,1043.5,1043.5,4072
2026-09-18T07:37:00+00:00,2026-09-18,07:37:00,1043.5,1043.7,1043.5,1043.5,4772
2026-09-18T07:38:00+00:00,2026-09-18,07:38:00,1043.6,1043.6,1042.7,1043,21486
2026-09-18T07:39:00+00:00,2026-09-18,07:39:00,1042.9,1043,1042.8,1042.9,18453
2026-09-18T07:40:00+00:00,2026-09-18,07:40:00,1042.9,1043,1042.9,1042.9,9903
2026-09-18T07:41:00+00:00,2026-09-18,07:41:00,1042.9,1043,1042.1,1042.2,21398
2026-09-18T07:42:00+00:00,2026-09-18,07:42:00,1042.3,1042.3,1041.9,1042,130616
2026-09-18T07:43:00+00:00,2026-09-18,07:43:00,1042,1042.3,1041.7,1042,22136
2026-09-18T07:44:00+00:00,2026-09-18,07:44:00,1042.3,1042.6,1042,1042.2,8453
2026-09-18T07:45:00+00:00,2026-09-18,07:45:00,1042.2,1042.3,1042,1042,3287
2026-09-18T07:46:00+00:00,2026-09-18,07:46:00,1042,1042.1,1041.6,1041.9,20037
2026-09-18T07:47:00+00:00,2026-09-18,07:47:00,1042,1042.3,1042,1042.3,4870
2026-09-18T07:48:00+00:00,2026-09-18,07:48:00,1042.2,1042.3,1042,1042.2,7494
2026-09-18T07:49:00+00:00,2026-09-18,07:49:00,1042.1,1042.9,1042.1,1042.7,15906
2026-09-18T07:50:00+00:00,2026-09-18,07:50:00,1042.9,1042.9,1042.5,1042.5,5473
2026-09-18T07:51:00+00:00,2026-09-18,07:51:00,1042.6,1042.6,1042.5,1042.5,3104
2026-09-18T07:52:00+00:00,2026-09-18,07:52:00,1042.6,1043.2,1042.5,1043.1,6112
2026-09-18T07:53:00+00:00,2026-09-18,07:53:00,1043.2,1043.3,1042.6,1042.7,9381
2026-09-18T07:54:00+00:00,2026-09-18,07:54:00,1042.7,1042.8,1042.5,1042.5,11401
2026-09-18T07:55:00+00:00,2026-09-18,07:55:00,1042.5,1042.5,1042,1042.1,11528
2026-09-18T07:56:00+00:00,2026-09-18,07:56:00,1042.2,1042.2,1042,1042.1,6273
2026-09-18T07:57:00+00:00,2026-09-18,07:57:00,1042.1,1042.1,1042,1042,22766
2026-09-18T07:58:00+00:00,2026-09-18,07:58:00,1042,1042.1,1042,1042,6871
2026-09-18T07:59:00+00:00,2026-09-18,07:59:00,1042.1,1042.1,1042,1042,8158
2026-09-18T08:00:00+00:00,2026-09-18,08:00:00,1042.1,1042.9,1042,1042.8,34539
2026-09-18T08:01:00+00:00,2026-09-18,08:01:00,1042.7,1042.8,1042.5,1042.8,15097
2026-09-18T08:02:00+00:00,2026-09-18,08:02:00,1042.8,1042.9,1042.7,1042.9,3451
2026-09-18T08:03:00+00:00,2026-09-18,08:03:00,1042.9,1043.8,1042.7,1043.7,5163
2026-09-18T08:04:00+00:00,2026-09-18,08:04:00,1043.8,1044,1042.7,1042.7,12671
2026-09-18T08:05:00+00:00,2026-09-18,08:05:00,1042.9,1042.9,1042.5,1042.6,7177
2026-09-18T08:06:00+00:00,2026-09-18,08:06:00,1042.5,1042.6,1042.5,1042.6,45368
2026-09-18T08:07:00+00:00,2026-09-18,08:07:00,1042.6,1043.4,1042.5,1043.4,40504
2026-09-18T08:08:00+00:00,2026-09-18,08:08:00,1043.5,1043.5,1043.4,1043.4,7670
2026-09-18T08:09:00+00:00,2026-09-18,08:09:00,1043.5,1043.5,1043,1043.2,5685
2026-09-18T08:10:00+00:00,2026-09-18,08:10:00,1043.2,1043.4,1043.1,1043.2,3933
2026-09-18T08:11:00+00:00,2026-09-18,08:11:00,1043.4,1043.5,1043.2,1043.4,4530
2026-09-18T08:12:00+00:00,2026-09-18,08:12:00,1043.4,1043.7,1043.4,1043.4,6449
2026-09-18T08:13:00+00:00,2026-09-18,08:13:00,1043.6,1043.9,1043.5,1043.7,7588
2026-09-18T08:14:00+00:00,2026-09-18,08:14:00,1043.9,1044,1043.7,1043.9,7795
2026-09-18T08:15:00+00:00,2026-09-18,08:15:00,1043.9,1043.9,1043.5,1043.7,12161
2026-09-18T08:16:00+00:00,2026-09-18,08:16:00,1043.8,1044,1043.7,1044,4240
2026-09-18T08:17:00+00:00,2026-09-18,08:17:00,1044,1044,1043.7,1043.7,7260
2026-09-18T08:18:00+00:00,2026-09-18,08:18:00,1043.8,1043.9,1043.1,1043.3,7677
2026-09-18T08:19:00+00:00,2026-09-18,08:19:00,1043.1,1043.3,1043.1,1043.2,5685
2026-09-18T08:20:00+00:00,2026-09-18,08:20:00,1043.2,1043.2,1042.6,1042.6,14046
2026-09-18T08:21:00+00:00,2026-09-18,08:21:00,1042.6,1042.7,1042.6,1042.6,10907
2026-09-18T08:22:00+00:00,2026-09-18,08:22:00,1042.6,1044,1042.6,1043.4,77107
2026-09-18T08:23:00+00:00,2026-09-18,08:23:00,1043.4,1043.5,1043.2,1043.5,4518
2026-09-18T08:24:00+00:00,2026-09-18,08:24:00,1043.8,1044.9,1043.5,1044.7,9835
2026-09-18T08:25:00+00:00,2026-09-18,08:25:00,1044.8,1045,1044.3,1044.3,8278
2026-09-18T08:26:00+00:00,2026-09-18,08:26:00,1044.3,1044.5,1043.5,1043.6,54710
2026-09-18T08:27:00+00:00,2026-09-18,08:27:00,1043.6,1043.7,1043.5,1043.5,7072
2026-09-18T08:28:00+00:00,2026-09-18,08:28:00,1043.5,1043.6,1043.5,1043.5,6173
2026-09-18T08:29:00+00:00,2026-09-18,08:29:00,1043.6,1043.6,1043.2,1043.3,7512
2026-09-18T08:30:00+00:00,2026-09-18,08:30:00,1043.3,1043.3,1043.2,1043.3,7599
2026-09-18T08:31:00+00:00,2026-09-18,08:31:00,1043.3,1043.3,1043.2,1043.3,11476
2026-09-18T08:32:00+00:00,2026-09-18,08:32:00,1043.3,1043.5,1043.2,1043.5,3702
2026-09-18T08:33:00+00:00,2026-09-18,08:33:00,1043.5,1043.6,1043.4,1043.5,4136
2026-09-18T08:34:00+00:00,2026-09-18,08:34:00,1043.6,1043.8,1043.5,1043.6,5641
2026-09-18T08:35:00+00:00,2026-09-18,08:35:00,1043.7,1044.2,1043.6,1043.9,5769
2026-09-18T08:36:00+00:00,2026-09-18,08:36:00,1043.8,1044.9,1043.6,1044.7,12647
2026-09-18T08:37:00+00:00,2026-09-18,08:37:00,1045,1045,1044.8,1044.8,7299
2026-09-18T08:38:00+00:00,2026-09-18,08:38:00,1044.9,1045.1,1044.2,1044.3,16340
2026-09-18T08:39:00+00:00,2026-09-18,08:39:00,1044.3,1044.3,1044.2,1044.2,5307
2026-09-18T08:40:00+00:00,2026-09-18,08:40:00,1044.3,1044.3,1043.8,1043.9,12165
2026-09-18T08:41:00+00:00,2026-09-18,08:41:00,1044,1044,1043.5,1043.5,13599
2026-09-18T08:42:00+00:00,2026-09-18,08:42:00,1043.6,1043.6,1043.5,1043.5,23784
2026-09-18T08:43:00+00:00,2026-09-18,08:43:00,1043.6,1043.6,1043,1043.1,13162
2026-09-18T08:44:00+00:00,2026-09-18,08:44:00,1043.1,1043.1,1042.9,1042.9,16247
2026-09-18T08:45:00+00:00,2026-09-18,08:45:00,1043,1044.2,1042.9,1043.9,58593
2026-09-18T08:46:00+00:00,2026-09-18,08:46:00,1044,1044.5,1043.9,1044.2,18479
2026-09-18T08:47:00+00:00,2026-09-18,08:47:00,1044.3,1044.5,1043.7,1043.7,25992
2026-09-18T08:48:00+00:00,2026-09-18,08:48:00,1043.8,1043.8,1042.8,1042.9,183428
2026-09-18T08:49:00+00:00,2026-09-18,08:49:00,1042.8,1043.5,1041.9,1043.4,157526
2026-09-18T08:50:00+00:00,2026-09-18,08:50:00,1043.3,1044,1043.1,1043.5,17529
2026-09-18T08:51:00+00:00,2026-09-18,08:51:00,1043.5,1044.2,1043.3,1043.9,11069
2026-09-18T08:52:00+00:00,2026-09-18,08:52:00,1044.2,1044.3,1044,1044.3,14525
2026-09-18T08:53:00+00:00,2026-09-18,08:53:00,1044.2,1044.5,1043.7,1043.8,15496
2026-09-18T08:54:00+00:00,2026-09-18,08:54:00,1043.9,1043.9,1043.3,1043.5,19491
2026-09-18T08:55:00+00:00,2026-09-18,08:55:00,1043.5,1043.6,1043.5,1043.6,16757
2026-09-18T08:56:00+00:00,2026-09-18,08:56:00,1043.6,1043.6,1043.5,1043.5,33809
2026-09-18T08:57:00+00:00,2026-09-18,08:57:00,1043.6,1043.6,1043.5,1043.6,20487
2026-09-18T08:58:00+00:00,2026-09-18,08:58:00,1043.6,1045,1043.6,1044.8,20850
2026-09-18T08:59:00+00:00,2026-09-18,08:59:00,1045,1045,1044.6,1044.9,18663
2026-09-18T09:00:00+00:00,2026-09-18,09:00:00,1044.9,1045.4,1044.7,1045.4,24274
2026-09-18T09:01:00+00:00,2026-09-18,09:01:00,1045.3,1045.4,1044.5,1044.5,21217
2026-09-18T09:02:00+00:00,2026-09-18,09:02:00,1044.6,1044.6,1044.2,1044.2,13292
2026-09-18T09:03:00+00:00,2026-09-18,09:03:00,1044.3,1044.3,1044,1044,13212
2026-09-18T09:04:00+00:00,2026-09-18,09:04:00,1044.1,1044.1,1044,1044.1,10166
2026-09-18T09:05:00+00:00,2026-09-18,09:05:00,1044.1,1044.1,1044,1044,11733
2026-09-18T09:06:00+00:00,2026-09-18,09:06:00,1044.1,1044.1,1044,1044.1,11622
2026-09-18T09:07:00+00:00,2026-09-18,09:07:00,1044.1,1044.8,1044,1044.4,43230
2026-09-18T09:08:00+00:00,2026-09-18,09:08:00,1044.4,1044.8,1044.4,1044.8,12039
2026-09-18T09:09:00+00:00,2026-09-18,09:09:00,1044.8,1045.1,1044.6,1044.9,9530
2026-09-18T09:10:00+00:00,2026-09-18,09:10:00,1044.9,1044.9,1044.5,1044.7,11641
2026-09-18T09:11:00+00:00,2026-09-18,09:11:00,1044.6,1044.9,1043.7,1043.7,31563
2026-09-18T09:12:00+00:00,2026-09-18,09:12:00,1043.7,1044.4,1043.1,1043.1,26567
2026-09-18T09:13:00+00:00,2026-09-18,09:13:00,1043.4,1043.7,1043.1,1043.4,26088
2026-09-18T09:14:00+00:00,2026-09-18,09:14:00,1043.4,1043.4,1042.6,1042.6,26515
2026-09-18T09:15:00+00:00,2026-09-18,09:15:00,1042.6,1042.6,1042.1,1042.2,84168
2026-09-18T09:16:00+00:00,2026-09-18,09:16:00,1042.2,1042.9,1042.1,1042.4,49121
2026-09-18T09:17:00+00:00,2026-09-18,09:17:00,1042.3,1043.2,1042.3,1043.1,29670
2026-09-18T09:18:00+00:00,2026-09-18,09:18:00,1043,1043.4,1042.6,1043.1,25617
2026-09-18T09:19:00+00:00,2026-09-18,09:19:00,1042.9,1043.4,1042.8,1043.2,27015
2026-09-18T09:20:00+00:00,2026-09-18,09:20:00,1043,1043.7,1042.6,1043.4,34284
2026-09-18T09:21:00+00:00,2026-09-18,09:21:00,1043.4,1043.9,1043.4,1043.4,34457
2026-09-18T09:22:00+00:00,2026-09-18,09:22:00,1043.4,1044.5,1043.3,1044.4,42193
2026-09-18T09:23:00+00:00,2026-09-18,09:23:00,1044.3,1044.8,1044,1044.2,38674
2026-09-18T09:24:00+00:00,2026-09-18,09:24:00,1044.3,1044.7,1044,1044.1,29634
2026-09-18T09:25:00+00:00,2026-09-18,09:25:00,1044,1045.5,1043.8,1045.4,154058
2026-09-18T09:26:00+00:00,2026-09-18,09:26:00,1045.5,1045.8,1045.1,1045.2,69851
2026-09-18T09:27:00+00:00,2026-09-18,09:27:00,1045,1045.5,1044.6,1045.3,50325
2026-09-18T09:28:00+00:00,2026-09-18,09:28:00,1045.2,1046,1044.4,1045.7,68312
2026-09-18T09:29:00+00:00,2026-09-18,09:29:00,1045.4,1045.5,1044.5,1045.2,135144
2026-09-18T09:30:00+00:00,2026-09-18,09:30:00,1045.2,1045.2,1042.9,1042.9,152316
2026-09-18T09:31:00+00:00,2026-09-18,09:31:00,1042.8,1042.8,1042,1042.1,190934
2026-09-18T09:32:00+00:00,2026-09-18,09:32:00,1041.7,1041.7,1041.1,1041.2,117657
2026-09-18T09:33:00+00:00,2026-09-18,09:33:00,1041.3,1041.8,1040.6,1040.6,150659
2026-09-18T09:34:00+00:00,2026-09-18,09:34:00,1040.5,1040.8,1040.3,1040.7,196003
2026-09-18T09:35:00+00:00,2026-09-18,09:35:00,1040.5,1040.5,1038.8,1038.9,205383
2026-09-18T09:36:00+00:00,2026-09-18,09:36:00,1038.9,1040.2,1038.9,1039.6,188207
2026-09-18T09:37:00+00:00,2026-09-18,09:37:00,1039.5,1040.1,1039.4,1039.6,122596
2026-09-18T09:38:00+00:00,2026-09-18,09:38:00,1039.5,1040.3,1039.3,1039.4,143595
2026-09-18T09:39:00+00:00,2026-09-18,09:39:00,1039.4,1039.8,1039,1039.2,131006
2026-09-18T09:40:00+00:00,2026-09-18,09:40:00,1039.3,1039.9,1039.1,1039.3,144861
2026-09-18T09:41:00+00:00,2026-09-18,09:41:00,1039.2,1039.4,1039,1039.1,137475
2026-09-18T09:42:00+00:00,2026-09-18,09:42:00,1039,1039.1,1038,1038.3,205770
2026-09-18T09:43:00+00:00,2026-09-18,09:43:00,1038.5,1039,1038,1038.2,69973
2026-09-18T09:44:00+00:00,2026-09-18,09:44:00,1038.1,1040,1038.1,1039.8,149348
2026-09-18T09:45:00+00:00,2026-09-18,09:45:00,1038.1,1040,1038.1,1039.8,149348
2026-09-18T09:46:00+00:00,2026-09-18,09:46:00,1038.1,1040,1038.1,1039.8,149348
2026-09-18T09:47:00+00:00,2026-09-18,09:47:00,1038.1,1040,1038.1,1039.8,149348
2026-09-18T09:48:00+00:00,2026-09-18,09:48:00,1038.1,1040,1038.1,1039.8,149348
2026-09-18T09:49:00+00:00,2026-09-18,09:49:00,1038.1,1040,1038.1,1039.8,149348
2026-09-18T09:50:00+00:00,2026-09-18,09:50:00,1038.1,1040,1038.1,1039.8,149348
2026-09-18T09:51:00+00:00,2026-09-18,09:51:00,1038.1,1040,1038.1,1039.8,149348
2026-09-18T09:52:00+00:00,2026-09-18,09:52:00,1038.1,1040,1038.1,1039.8,149348
2026-09-18T09:53:00+00:00,2026-09-18,09:53:00,1038.1,1040,1038.1,1039.8,149348
2026-09-18T09:54:00+00:00,2026-09-18,09:54:00,1038.1,1040,1038.1,1039.8,149348
2026-09-18T09:55:00+00:00,2026-09-18,09:55:00,1038.1,1040,1038.1,1039.8,149348
2026-09-18T09:56:00+00:00,2026-09-18,09:56:00,1038.1,1040,1038.1,1039.8,149348
2026-09-18T09:57:00+00:00,2026-09-18,09:57:00,1038.1,1040,1038.1,1039.8,149348
2026-09-18T09:58:00+00:00,2026-09-18,09:58:00,1051.4,1051.4,1051.4,1051.4,0
2026-09-18T09:59:00+00:00,2026-09-18,09:59:00,1051.4,1051.4,1051.4,1051.4,0
2026-09-18T10:00:00+00:00,2026-09-18,10:00:00,1051.4,1051.4,1051.4,1051.4,0
